gene	log2fc	pval
ARF5	0.38131682033490955	5.933425882902959e-27
M6PR	0.16554906174484002	4.908744421025918e-06
ESRRA	-0.21891025841545964	0.0020009263231394857
FKBP4	0.539500765691686	2.1855156643721728e-26
NDUFAF7	-0.04490779673697913	0.19021812753859582
FUCA2	0.4053630184504297	2.863690915334226e-13
HS3ST1	0.3328294047710032	0.0011469310118062271
SEMA3F	-0.47709756598288816	3.6588137171194685e-13
CFTR	-0.9571278995987125	1.204064429904573e-08
CYP51A1	-0.40539137376287665	1.389935315819177e-13
USP28	0.29766834850538093	5.483063248181684e-12
TMEM176A	-0.22532728812232866	0.01120669734203192
SLC7A2	0.42903379613595355	0.01351012610640111
HSPB6	-1.571789754970291	3.9285261914325256e-75
ZNF195	0.2966168048677551	0.24293799949668843
PDK4	-1.1133922700340486	5.4425980268461767e-39
USH1C	0.1885997801557605	0.5544576644973579
RALA	-0.6272094145651852	2.696657022208903e-30
BAIAP2L1	0.8901215724663007	5.332380601697884e-41
TMEM132A	0.2702456451748504	0.0002137139191343117
DVL2	-0.10422770831932333	1.5649554445403547e-06
RPAP3	0.41098039976063305	1.3763160592075282e-44
IFRD1	0.06606363393546956	0.308346525444549
SKAP2	-0.34175621897606906	3.237936585555899e-14
CX3CL1	0.3065010066198663	0.05311289634122695
PRR5	-0.007604749004825703	0.9418000832353361
TRAPPC6A	0.11249177415207229	0.0059534453727186736
WDR54	-0.3562255457742146	1.2958198689614832e-19
SPATA20	0.23751325892676547	2.4916297921194723e-07
CEACAM7	0.4454917382828376	0.05945340746747344
CD79B	0.31603401548195326	0.13152465919782688
RHBDD2	0.2583322384315389	5.9213077918535905e-05
TSR3	0.4181735785632782	6.462449956605062e-19
OSBPL7	-0.050390717725158664	0.20006545497174905
NDUFAB1	0.30997407635027163	5.926659010701918e-20
YBX2	0.584895872663294	0.00018767121618377364
LRRC23	-0.7376831010455633	5.879959781608065e-08
CRY1	-0.044191103123959144	0.6375150511739396
PGLYRP1	-0.4813572595370954	8.548967753697826e-07
STARD3NL	-0.33820463507442866	6.247519747045733e-10
CD9	-0.5924147006175946	1.4698169363210023e-21
CD74	0.0030031640992983846	0.951928481094614
RPS20	0.43566985031615574	5.776709720403735e-43
MGST1	0.2221018997720409	0.0012005554287290738
RANBP9	0.11023609411241753	2.9784754262803814e-06
CD4	0.010100826886869217	0.8304786395549476
SS18L2	0.22139503007246092	0.0001470456914724583
TSPAN9	-0.8623229399807093	1.471813623720758e-48
QPCTL	-0.1057073144683878	0.009837833860936179
HIVEP2	0.029848606513612565	0.5359147138656297
PPP5C	-0.09447793343157371	1.7074808507427284e-05
NME1	0.9982150199200923	7.902168223210632e-58
UBR7	0.36390237348622895	8.737594762568459e-23
MAP4K5	0.08503417948397708	0.0010135140620181368
INMT	-1.3166380980870895	1.4481403800518664e-12
PTBP1	0.1476455877663302	1.6276579493537534e-23
GPRC5A	-1.7086492742230996	2.409477615952732e-72
HEBP1	-0.5308633821473738	1.2209030694369427e-35
COX15	0.14778137319947504	0.014364105309701948
XYLT2	0.013422506762012926	0.8174891245946458
FTSJ1	-1.105909670380065	1.3386665453200763e-05
SCTR	-0.05222082147652296	0.7886291728732394
RALBP1	-0.03313576502496883	0.13891003503148439
SNAI2	-0.10383456080092973	0.6089220044631621
VDAC3	0.5544560829101479	7.028268365292918e-23
RTF2	0.4643113370382022	2.767228176656247e-33
SLC45A4	0.17928108932280007	0.4904500462315415
RB1CC1	-0.007977277904999556	0.7356502938846236
AKAP11	-0.06751478121366178	0.004400069032638543
STRAP	0.35890348145909606	1.2188377316676996e-40
CDH17	0.11002287853078213	0.559341317906757
B4GALT7	0.633224119082453	7.126176690010891e-17
FAM13B	-0.14408284201160446	0.423172310953953
CHPF2	0.46501481268647066	3.1068821383349206e-15
GABARAPL2	0.001997199120220214	0.9618373108521606
MYOC	-0.7067588460545967	9.717710489315124e-19
FAM136A	0.9645386121297079	1.888573007877125e-49
NSMAF	-0.09994539641794625	3.1250507039928456e-05
OTC	-1.36606367968102	3.015361223218032e-52
TTC17	0.32850243126094714	1.1218574955906564e-16
MRI1	-0.0060177023487677575	0.860664716605457
BOD1L1	0.25088607567242954	3.964485388584051e-29
TARBP1	0.10120631797258037	0.0017533862429824595
RIPOR1	-0.7309440193726268	7.624008464896321e-81
PSMA4	0.060905171083020924	0.0004666786661069042
LCP2	0.086016382231413	0.03745384993552298
DCN	-1.2661343760065071	6.464569505097952e-53
TNFRSF17	0.5079201601960618	6.389846515679095e-05
MRPS10	0.3087089248311923	5.7962641539304285e-15
GRN	0.3083191157169189	3.313543889363148e-07
KITLG	-0.2447833735146892	0.0009005279740226047
THAP3	-0.19604646391546263	0.1546169485073056
VAMP3	-0.3586762463993428	9.275061814307208e-28
RCN1	0.6479946056453403	2.557546007801441e-34
RFC2	0.3130375514098408	1.4321424565930896e-23
ARHGEF5	0.3002708953441686	1.1937212686013372e-19
SIKE1	0.09223706146004562	1.4434752248619259e-05
CDC27	0.1876713258426918	7.18118264744099e-14
IL1RAP	0.057251963567982796	0.24629576002375045
YIPF1	0.5116849823188613	6.17430153971635e-13
ADCK2	-0.3095199537515549	2.1926155251834527e-05
SLC2A3	0.12492758104060059	0.18097299722377275
ENPP2	-0.3139719352198408	8.605663077465584e-08
GNA11	-0.6063616876312565	6.574909277408663e-38
PIGV	-0.11903648421568261	0.17897059622328673
HDAC7	-0.3920046504843341	2.0317505113257306e-47
MRPS35	0.6386416547987275	8.813887303750074e-39
APPBP2	-0.11571528429944725	0.004915030504236392
EPN1	-0.383347909069203	1.0086587405299614e-06
CD22	-0.28103692834100896	0.10796630573200484
HDHD5	0.2921973087500693	3.0770883665420694e-11
KCNQ1	0.18803135216804326	0.07585014370627272
OTUD5	0.02204332193808347	0.6223795907188302
GPKOW	0.30474729070591833	2.2456336661231196e-33
AQR	0.13612240811532433	5.967956252616321e-13
KLK14	0.08729275593142227	0.5438267723705345
ST6GALNAC1	0.04846847733992029	0.5476482795026004
LMCD1	-0.9193193195538121	6.904724342550423e-49
PSMC4	0.29661594394805163	1.4904057034719776e-49
ACAP1	-0.010932143703627408	0.7914924662725724
DERL2	0.10739311450938317	0.06970278952979982
ANO8	0.15611966378801895	0.004200545385043555
KDM4B	0.21939358781744706	5.848500623449603e-09
ICAM3	-0.040050220970564716	0.4163182406982294
CAMSAP3	0.2708725058445851	3.436705435612783e-14
CTTNBP2	-0.5586152792021848	0.00047098727773080783
KIF22	0.19138220317490984	0.003460553576138985
PRSS22	0.2888560461707695	0.0017388768246827523
CEACAM1	0.21449226970159496	0.00018249761945388939
YTHDC2	0.1228272992477436	1.604541167681342e-06
TMEM161A	0.25919487382376594	1.067901326355894e-05
BCAR1	-0.5690581087654843	0.00016653185498844154
FOXJ2	0.028589244493922313	0.3814955400959082
TNFRSF1A	0.07161974522764891	0.17968839933481637
GOLGA5	0.5845429108128233	3.695535780494589e-51
PPP2R5B	-0.42675888772936604	3.5983587491799687e-40
PYGM	-1.2917713101577788	2.5092052899395645e-70
BCL3	0.27069314606757594	9.561943373326396e-08
KCNAB2	-0.038650564545063784	0.5425723476043802
PIGB	-0.08946354862224748	0.199317152240247
REEP1	-0.3728448560278981	0.057212894843382094
FSTL3	0.10675378963828908	0.33613131231145965
TRIP13	0.5509504147091917	4.774306826138831e-10
P4HA2	0.8191757876877976	1.3835242794140256e-36
VASH1	-0.03967492542018651	0.47782117723227957
KRT14	0.2469355105534986	0.19788027009499068
KRT20	0.15387903156430416	0.3319151076699444
SPP2	-0.49607745589425095	7.280868733245321e-15
HSD17B10	0.22884125496259536	2.69425630721965e-10
ST6GAL1	0.3884926743806256	3.118175522179268e-10
TIMM21	0.39043998751875403	5.176868518013882e-15
BPIFB2	-0.168306790409531	0.24407969948355068
REXO1	0.268168657900511	3.342213726729759e-08
MKRN2	-0.07361236332931405	0.002667899848962293
GPATCH1	0.25001819467626085	8.620999787044068e-14
IL4R	-0.35050481317922066	0.04388336714206284
KEAP1	-0.13204892387438125	2.7353680956532004e-05
TNS1	-1.496807260823989	5.461892797077676e-07
NGFR	-0.4180362973026369	0.023851601687393392
NTN1	-0.20945170169060898	0.0033730975532443442
ISOC1	-0.21563341396758917	5.834242742838827e-11
MNT	-0.004849104839840754	0.9091932102593531
AP3M2	-0.07861811176843489	0.0017201542377158281
LAPTM4A	1.8753145970246496	1.6439345863495968e-21
ASNS	0.789360169187288	5.055650775889582e-28
PTPN18	-0.06604161186248353	0.08827619212362013
ALDH3A2	-0.0436815554419098	0.5115939639957418
STK10	-0.2960542318631948	9.446148018674489e-20
ALPK1	-0.20221245506802188	9.501745175231851e-08
TBX21	-0.47044103039327245	2.2955008224305777e-07
MRPS34	0.24771132926359712	6.57697407708892e-11
CA12	-0.03734216552273534	0.7246834869154253
MAP2K5	-0.17286036067105984	8.911631646844409e-06
TIGAR	0.10054424832396382	0.0011804562104025698
CPB2	-0.6283599345404353	2.4015385493275547e-24
CDK13	0.4152775097277349	6.217248995794167e-39
FAR2	-0.7145565903363258	1.810538964922086e-11
TRAM2	0.730828657821582	8.802273373658647e-08
CAPN3	0.20331645827104655	0.013145622239438283
NDUFB4	0.33735649876752277	9.740414922436345e-18
HEATR6	0.2485214832043945	1.134679919509046e-17
ERLEC1	0.3912163785085281	2.919882196612977e-32
HMMR	0.7109800570655445	7.861618188164252e-12
TMEM131	0.3841154849717925	3.0091972420833893e-29
ACTR6	0.02711586636091383	0.2562989941775208
SLC25A3	0.40369605991321567	8.931028928447598e-16
FAP	0.701804720709393	5.884522954891994e-25
NFKB2	0.6315854796690699	1.0791591685307499e-19
OSBPL6	-0.483681692783475	1.793109783747543e-30
CCN5	-0.9192634082543434	2.1324834482375588e-32
CTSA	0.3372703453761835	9.081369054218337e-10
UHRF1BP1	0.13837623220859605	5.555785188582681e-08
OSTM1	-0.14866518659526423	0.0006986091193549706
ACTN1	-0.5265017768744142	1.6032607633837254e-14
PCDHB2	-0.060457941729133324	0.6211912530007897
HSPB11	-0.20195782169375126	1.5660470240735598e-06
STRADB	-0.6831452366162974	0.002260903420361347
DOP1A	-0.21311423589427064	5.3670893602824e-06
PLOD1	0.5503016645391916	1.0596559972672534e-27
OXCT1	0.19686948526984535	0.002007611421514985
ZNF324	0.13681245047851934	0.22156781514250262
RPS5	0.6222421975856354	4.286648195353089e-77
FAM234B	-0.6464144750787073	1.440847783675837e-07
RRN3	-0.02225507556975277	0.6340413606965437
DIMT1	0.10362583118460009	6.90640153529247e-05
EIF2AK1	0.4055327269267013	1.1596074701821623e-11
EPDR1	0.12637287941335723	0.09954619931773839
MRPL28	0.4856498072887685	6.786407169104086e-27
HBQ1	-1.6211461731930759	5.031004118811343e-55
CEACAM6	0.1842268099150316	0.024664313398688822
RBM22	0.3356843696939081	4.458930944922873e-41
HSD17B2	0.06916581661679902	0.6671856589347518
MAP2	-0.5721781751281668	1.6325408949767278e-10
ZW10	0.2827736769887137	9.4774698065324e-30
TRIP6	-0.19172810872331253	4.917971832341892e-09
LAMP2	0.15843290005597277	0.2866153627030749
CETP	-0.8034051429068741	3.1036000671166823e-25
MT3	0.8636132169250861	8.041299571540337e-11
TFAP2C	-0.22977655669087285	0.05102136170506485
SULT2B1	-0.7346976504359299	8.893979728162901e-21
EPS8L1	0.045405835093719135	0.43062034123588244
REM1	-0.6147207618064325	8.847923098294862e-20
PDRG1	0.49156638248582213	1.335091240965609e-32
EPB41L1	-0.03700704869774454	0.5757972852424266
PPP1R13B	-0.28474342736117975	1.6510084030603837e-11
RALGAPA2	-0.17866919929432287	1.0672857953820014e-06
RPL6	-0.06278197471193825	0.19164148698359307
ESF1	0.6106388810991706	1.6918998037890768e-44
SLC8B1	0.04314100554586754	0.6355820842716902
TMEM230	0.5856125527704444	7.78832479690139e-22
OAS1	0.20643293889224024	0.01977941522928386
TRMT6	0.4860831662069345	2.0870628683041583e-31
UQCRC1	0.22162054020723726	8.653824386004402e-10
GMIP	-0.022469930204044156	0.3716574370253433
LAG3	-0.3256240879183924	0.05409629130499826
MLF2	-0.000578310260504665	0.9906277217370082
OTUB2	0.08620581502155168	0.4057266357333768
ARHGAP4	-0.08596051004619348	0.020870815970837082
TFAP4	0.04314819805593059	0.2842341462894459
PDCD7	-0.10040005920876613	0.041367422203227616
SPG21	-0.15167435429965084	1.5941694718225203e-07
CHRD	-0.03199439198371737	0.5562804107402028
GNPTG	0.07600300467279676	0.008856246843841075
GOLGA3	0.40907273423875434	5.0501816019920746e-36
EFNB1	-1.1219536205809804	4.124841292338564e-46
GLG1	0.4605701248500813	2.9520222933441406e-21
DLL3	0.36614606997194843	0.22883498742357283
NAT14	0.14848449335400296	0.0005266400355823569
AASDH	-0.3176808832648298	0.008519189829500357
LAMB4	0.759951217261699	2.3800923274250573e-06
DLD	0.05807736112040413	0.06025155320641706
ABCC6	-0.3754230428571216	6.731919472089325e-07
CMTM6	-0.24601100327435343	0.010870683027058927
APOH	-0.6094922862675831	2.1479433722363325e-23
SPAG7	0.06287544006874964	0.05320435826892433
RGS17	-0.5225439697244714	0.01066401901568006
TMEM101	0.15865779526720952	0.0023881719968244374
CCDC80	0.5987947203974014	2.991681450170329e-16
PSME1	0.16921281676037905	5.8766299027286356e-06
HAUS4	-0.021153318979550553	0.5669375198399836
OSGEP	0.026293214869945153	0.2257630325431601
TGM1	-0.9559695852830356	9.555752528287077e-05
TBX15	0.12901279708027025	0.22278485170073056
TEKT2	-0.9682092219971675	2.6392892893342286e-29
UNC13D	-0.40253229207717334	4.400975358353546e-19
XYLB	0.05553355856317162	0.1259435257760348
ADH7	-1.041200269925477	1.3915181311850649e-14
ADH1A	-1.3386090818609275	1.8157345228364747e-57
KRT23	0.10723397678238804	0.4750854486223277
AAAS	0.15256140783714528	3.201851491897102e-12
CBX5	0.3556561665809561	1.2459446348820959e-24
KLHL20	-0.04972670334401625	0.22975233176081855
FMO2	-1.1233750575588248	8.529601625947258e-54
DHPS	0.17432317026062105	1.2118720142259046e-05
RAB26	0.22536717323401712	0.4717637357592091
PSMD5	-0.06543162717324079	0.007095503284025393
NANS	0.37962473667982355	1.263799820150475e-23
GSTA3	-1.0573218572513499	1.1728118995278143e-06
MAPK13	0.41164959983518823	1.766924721094249e-24
BAG6	0.2230273945048915	1.5375434881628048e-19
ZNF184	0.4559515313450144	0.0010199964116338086
VCL	-0.7913971483825905	6.489868601260087e-65
SIRT1	0.18329432256090483	3.7066091735203087e-09
TGFBR3	-1.3107954058464129	9.406980021092201e-51
TMED1	0.3887973254566288	2.3840111665137187e-17
PSMD8	0.3100297311415324	3.578636350226952e-40
BCL7C	0.07771732814145366	0.001545077739988651
ATP5F1D	-0.05828049629020324	0.049742237437554286
IGFALS	-0.8183134026283867	2.707731736105897e-43
NDUFB7	0.2753594105732708	1.1809258543006744e-13
TECR	0.18217066978996313	7.85439820945896e-05
TIMM13	0.6265019434646744	1.6051263794016256e-31
CDC34	0.24216296718536143	1.32762975924611e-11
MISP	0.004030902411787669	0.946794795949913
MAPK12	-0.5037874909942377	2.8209325982517075e-21
SERPIND1	-1.235094827202345	3.2107535255392837e-60
SNAP29	0.12563827429709964	1.3511607219943472e-06
THAP7	0.3509710103272849	0.016592583757595605
MMP11	0.29610900334377055	0.00040217843910875256
MIF	-0.018103111728347707	0.4962491192065597
TBC1D10A	-0.11578625907649542	0.0001337032996795565
SF3A1	0.30483042236172764	5.3351696142623304e-52
USP18	-0.003195175028558265	0.9681478952144522
SEC14L3	-0.20853321792996565	0.4222558738328746
SNRPD3	0.15824274903423255	1.2203144596388066e-14
MAPK1	-0.19889131933602094	4.400181801097588e-19
TCN2	-0.2820049107081971	5.569475660264757e-07
SLC25A1	0.42479421803497397	3.686741719111133e-15
LGALS2	-0.42459425138767526	6.660861119654319e-07
PDXP	-0.4081428774306816	2.2279222749773413e-33
ASPHD2	0.8155105357916891	1.0294679416718637e-12
LGALS1	-0.16580871662011487	0.00013841998407866784
PIK3IP1	-0.44502369586744794	1.00412995907076e-21
PATZ1	-0.2699001256874776	0.026294537852185704
ANKRD54	-0.16436254098115605	4.3706760633864776e-14
MICALL1	-0.26558872219142915	3.9095915826081765e-22
CENPM	0.6440569469388981	1.6067311218575034e-05
KDELR3	0.6822895238179308	1.188987146944748e-15
HSCB	0.11111505274654494	0.0015515913018158758
CBY1	-0.8778581481962245	2.727485433371049e-42
TOMM22	0.26636459523327993	9.426490250603603e-15
RSPH14	-0.7543550229259469	6.803042493928635e-07
RTCB	0.22930410997408301	2.4266233711572064e-37
JOSD1	-0.43457571914483595	3.1134273737328685e-16
GTPBP1	-0.019234541298910904	0.30651167635089255
DNAL4	-0.19758098338884797	0.0006114739738223274
LMF2	0.240548547036813	8.916565969839177e-08
CBX6	-0.24378073943409329	2.2168566904975017e-07
RHBDD3	0.08476960488445905	0.12419354914713127
HMGXB4	0.24314997905422592	3.421275243665081e-15
HMOX1	-0.30125241405196784	2.3253742759652792e-10
NIPSNAP1	0.31993026373669226	3.657095238822022e-15
MCM5	0.7707221286159396	1.4214244907724474e-24
ARSA	0.12272343002493608	0.0183748124206747
TTLL12	0.08136288853051202	0.021407407999895166
CBX7	-0.5868007458787641	6.619102380038551e-19
TAB1	-0.12646827040135214	1.8808227800089345e-18
MYH9	0.02903014192962028	0.21957445997851427
TXN2	0.06889352912224235	0.040472375310297716
FOXRED2	-0.2605215894508837	0.0004755307312736233
EIF3D	0.17513745373136477	8.595451237498133e-25
PVALB	-0.3649748484188875	7.300200173536034e-06
FAM118A	-0.017599814666509624	0.7045771209500629
ST13	0.00367921587214641	0.8963092992333809
RBX1	0.2573414508842051	9.552063817865552e-33
L3MBTL2	0.06330093703058684	0.05831153322864648
PHF5A	0.5098035443073827	9.056370337659003e-46
ACO2	0.23304988794713064	1.531018940545459e-11
PMM1	-0.005395610941997366	0.8738296880437808
CERK	-0.45838326856893324	0.0002967627115973978
BRD1	-0.031007925315969055	0.23397379572166743
ZBED4	0.6071295044004474	1.7447691806553698e-05
HDAC10	-0.18153060640457197	6.916134435701282e-08
RIPK3	0.10698221616103154	0.004052443995803746
PAPOLA	0.4292526473197964	2.6082955043646684e-35
HSP90AA1	0.38654463572656855	1.5984472787028914e-35
NID2	-0.6815578983138073	2.0323560441416317e-49
MARK3	0.008679547241874808	0.9079022507502189
SNAPC1	0.08200617571508328	0.2851206717495054
SUPT16H	0.5191711977968253	4.062760247375964e-40
FKBP3	0.8177539305728788	1.4850505555787932e-56
GZMH	-0.8323816643944129	8.252075452600609e-28
GZMB	-0.2015653833968401	0.0421907119455417
COCH	0.0697146713864058	0.5247653123363699
POLE2	-0.5447630693516627	7.962530876586046e-06
SOS2	-0.23251070791079204	1.3651649237903464e-20
PYGL	-0.010239209381292524	0.8346022034237633
GNPNAT1	0.867500218780028	2.268783051160181e-33
CNIH1	0.1365468167774806	0.5286145219625563
CGRRF1	0.20338530453303708	0.0010774526988337116
ATP6V1D	-0.11486631883612547	9.029751351373646e-06
PLEK2	0.5789178997685975	1.310678255001188e-19
PIGH	0.1456958473074138	0.00045737037769836246
PSMA3	0.10209037230004882	4.414365502457136e-09
GSTZ1	0.16300546516662512	0.0019287993918499786
TMED8	0.16826458894474783	1.1544048243879709e-09
AHSA1	0.26177994921927583	6.963508497038651e-20
SPTLC2	0.471975270139467	6.94775531588961e-34
RIN3	-0.2429656005415308	2.073382636478059e-15
ALKBH1	0.05265166968348203	0.24752233128022486
CHGA	0.068530672351139	0.8091698429419754
DHRS7	0.25065834172152357	1.2152337691216598e-06
SIX4	0.4420533818748747	1.2537866681865611e-09
EIF5	0.47268669257027035	1.3428494273967646e-49
ZFYVE21	-0.5735164583679766	7.814875683789915e-44
VRK1	0.31770903702431286	1.5150836364647406e-13
APEX1	0.27294343123225967	1.690740013644704e-16
PABPN1	0.38346429917919433	4.035399518796773e-13
EFS	-0.1249063133827645	0.0047526804572756084
CINP	-0.032623379176730485	0.237467907788084
SRP54	0.4981713266654244	1.9700081006360704e-50
PCK2	-0.0426865773339115	0.31439313859858453
NFKBIA	-0.1793773792496955	4.927349745832588e-06
EMC9	-0.09801298411887932	0.03192219714092384
PSME2	0.24413204624282575	8.440416004125716e-09
BRMS1L	0.09314650613771318	0.001089295379228905
PNN	0.43783386183380624	1.518948437910634e-52
RABGGTA	-0.0815169062824336	1.3616913242905494e-05
CYP24A1	0.2619535260836499	0.15154344396244496
PTPRA	-0.40719568482866975	3.35941341863353e-39
NSFL1C	-0.12471391323887443	2.630114501603416e-07
AURKA	0.5215737574524013	1.9214409204316244e-06
ZFP64	0.3753043981603892	7.864132833848786e-17
PYGB	-0.1487758604695435	0.0006474116736452884
PROCR	-0.603812875581963	3.922916290291524e-28
MYBL2	0.275972277755185	0.1482955076519646
PABPC1L	0.13612138933965134	0.030385569424006522
CSTF1	0.374333781936098	4.447284634448184e-51
TPD52L2	0.31144057770873823	8.930051098020271e-22
CTSZ	-0.06688433156994306	0.16047393404593469
TUBB1	-1.1551350123780733	1.3556388805665779e-41
SLCO4A1	0.175060715938401	0.3586771808196917
UBOX5	-0.189694337530393	0.0011396749937643933
EEF1A2	0.6110779424413046	8.777283966140354e-06
C20orf27	-0.2898612689663332	5.8091191960746825e-21
MACROD2	-0.7334889834970861	5.509174484941824e-25
FERMT1	0.29613161640691543	6.881462730892986e-08
TM9SF4	0.4508979289374858	1.740851552699458e-24
CDK5RAP1	0.1869926586627496	0.002951119881027624
SNTA1	-0.61835311586246	9.152975195865675e-33
CHMP4B	0.42366982480149806	2.9030696487534874e-43
LBP	-0.7382268039255322	5.573116748817152e-16
CST4	0.5475004255390423	0.2535825240611474
AHCY	0.21146271192856908	2.169232281878569e-10
ACOT8	0.10278141329596865	0.0023628504833573967
APMAP	0.018334297914876656	0.5965232697193623
TXNL1	0.05934647731598365	0.042541511862619806
MYL12A	-0.44708131735665835	1.0498671172349477e-13
RNF125	0.958611827093464	9.171541814380027e-12
TAF9	0.10395775273855198	0.00476153601789225
IDH3G	-0.02941836092376296	0.2754170571171586
MXRA5	0.7360886067010177	6.954003638801448e-29
VSIG1	0.25554846238855866	0.26377029654624057
PSMD10	0.19277838329397184	8.709635100043852e-14
STS	-0.09464567015972455	0.2135284132380132
PGRMC1	0.41555023348250475	1.4024412917769652e-12
NXT2	0.13795594249722704	9.479008375284684e-05
TLR8	-0.47724409476395335	6.1694475582109e-31
WDR13	-0.30893882938663453	1.3697633608527755e-23
STAG2	0.1539628444843324	1.8031338692594786e-10
F9	-1.244670913875775	8.970693768145905e-61
ABCD1	0.1278947399891318	0.0009059530255742313
BCORL1	-0.1349544770724461	0.03819016449142419
SLC25A14	0.2926260138171638	0.00013858993080415803
PQBP1	0.2401365975130153	2.9668007005608703e-22
PCSK1N	0.02781614258451867	0.8264768775225825
GPR50	0.308195628372118	0.44709557191403226
RP2	-0.28957497129562265	3.3119384107115244e-18
HTATSF1	0.5300727048376235	3.1022069992206795e-37
TIMP1	0.7832708522665139	2.2085262679404624e-21
MAGED2	0.5444492622586233	6.523967048787893e-31
GLA	0.4096565186260072	3.5106484646247877e-09
ACP5	-1.268983673086879	1.1436660643410633e-31
SGCG	-1.2897908806180935	1.7052609007188838e-42
SUPT20H	0.11951621322292902	1.7486666369592025e-05
OLFM4	-0.3146621685906307	0.020827372035450306
NTHL1	-0.021500179901999563	0.5519037641639146
ZNF263	0.4039664744581806	0.0003502011218076083
MMP2	-0.06419135706253105	0.19774079868856956
ORC6	0.6228303390758245	0.03735536526129874
C16orf70	-0.20478333410526342	9.757996480561389e-20
CORO1A	0.09210243467067822	0.0381002081462833
LYRM1	0.3174780119759518	9.329302223567793e-08
NUTF2	-0.19402066361979126	1.5943995359520503e-11
ARL2BP	-0.1382466802862492	1.604424176808344e-05
PLLP	-1.5546645175619305	2.7736066901090736e-53
DHODH	0.12484104163400545	0.009286419667693321
POLR2C	0.14059369089491197	4.71939054869214e-17
MMP15	-0.08932127505505848	0.035560975903071904
USB1	0.09209179649897845	0.21722928515999554
CCDC113	-0.37130047263738913	0.01928005358197685
NME3	0.11154134036225825	0.0031072371047510625
PSMD7	0.26594827421641765	3.774907327530519e-40
SETD6	0.08850887291356124	0.2426061792792715
SMPD3	-0.2862927652529486	0.001019944280440043
SLC7A6	0.39605296843612703	0.0008836426380823368
PLA2G15	-0.29884806521570967	1.5552171030169364e-07
FA2H	0.24203935385794534	0.0050109966036377
CMC2	0.09089077190867605	0.06334576149307505
PDIA2	0.47043218017621086	0.08177716580341111
MPG	0.2502342300503475	1.3737799107843406e-16
HSDL1	0.337306277105843	9.514322329600926e-14
USP10	0.38860963876978927	3.3041248537141765e-36
NME4	0.1346732080474436	0.06296236169376698
DECR2	0.44126580529135295	7.210606990144559e-13
ANTKMT	-0.15451874913013386	0.16917364342638322
STUB1	0.13227063498860706	0.0002365743172733595
MEFV	-0.3938128349382546	2.4629970058652205e-12
CRYM	0.15986259766658695	0.16323268611503886
CAPN15	0.22855257851662436	6.084896753342054e-13
USP31	-0.2892775301428758	0.00048534276860363515
TOX3	0.20949233675933415	0.13889338064213702
MAZ	0.45858564762932197	1.8677926971979336e-28
CDIPT	-0.11985006306956893	0.020920869343535625
BCKDK	0.2122244748063429	5.30259817894454e-07
KAT8	-0.050452759780993076	0.024107698901526756
KNOP1	0.40886674694257374	7.313796195871511e-16
MGA	0.10648580549105005	4.226714098557344e-05
AQP9	-0.6099212130379432	0.14135142380780014
CSK	-0.02343614205280943	0.3681507990634735
MTFMT	0.17983715632148817	0.001389389052758605
RASL12	-0.8828749926130903	2.1804389423809254e-65
CTSH	-0.6312904362279594	5.384216501058784e-13
CEMIP	0.48356565831442677	4.813250456668815e-09
EHD4	-0.9692576416471451	1.13089036100155e-79
GABPB1	0.09053940335366896	0.005443939014933157
SCG3	0.1488590555875074	0.6535420957337288
DNAJC17	0.07901762113227057	0.0038337333023717567
VPS18	-0.10083829499114873	4.782235399280839e-10
BLOC1S6	0.24894252196713074	1.4678414496440562e-15
EXTL3	0.12882301307723673	0.021551850295518864
FDFT1	0.25234090871215925	0.00011486427705189585
AGO2	-0.20306484915375309	1.3322079085372797e-13
PAG1	-0.12767016619452606	0.0006062783642992537
TG	-0.5220324396833438	0.003065209972681895
BRF2	0.23939765825396508	0.0032152699202735173
ZFAND1	0.1954031593753982	5.59338042976913e-08
RIPK2	0.07873892640583234	0.014617356145012236
CPQ	-0.19610299744902562	0.0009682742289798112
DECR1	-0.03278274722022105	0.39320614390172925
SFRP1	-1.0222412257210813	7.11060457595245e-30
PLAT	-0.9332224164147753	1.0174912032902798e-20
DKK4	-0.054434668813407416	0.8263771137067076
GDAP1	0.16465918663160034	0.002275851510848554
PHF20L1	0.17854314125950604	5.307427297169337e-11
EIF3E	0.19746660249926418	1.3274370294785063e-25
EMC2	0.1722888366345072	4.1941863639112034e-15
CCN4	0.40623349910866263	4.0805880041659845e-05
TRPS1	0.3052724912580965	6.673376775490532e-10
CHRAC1	0.20493379987941868	8.596924119008385e-08
NCALD	-0.8621181589370065	1.0590374854107904e-30
UBR5	0.2975318531222382	2.608678311046897e-30
MTMR9	-0.20382558344589263	8.435445101364405e-18
DCTN6	-0.20745289364739666	7.563013769689581e-27
GSR	-0.037789401232500824	0.4080256491612511
TNFRSF10A	0.5356326990611122	4.404389133765243e-06
PPP2CB	-0.2455711486076783	6.330539482885603e-08
NEFM	-0.11310723427080527	0.638968592106798
KCTD9	-0.1310991633419839	1.9180123024205e-05
CNOT3	0.22006686812596166	2.9215545769551214e-22
EXOSC5	0.23285753819981442	3.5058212781108725e-19
PAF1	0.3327431273957381	3.845272270927315e-43
STXBP2	-0.20157199385657715	4.740854906969025e-16
ZNF180	-0.07644801220266392	0.6627243316612133
ECH1	-0.02813291730642535	0.5519186835143337
HNRNPL	0.23671014729425705	4.2704052583162426e-33
SARS2	-0.15129631786984082	0.0007218122201118816
RELB	0.16502665244556006	7.056167490749251e-08
CLASRP	0.22345519656923069	3.9768716671897983e-14
LIN7B	-0.003669029161262244	0.9821797422717686
PPP1R37	0.10260583044072177	0.0003310485486824984
FCGRT	-0.5870646767287624	2.279853346694514e-40
PEX11G	-0.05257169527674628	0.7179595636291873
RNASEH2A	0.02709502242726907	0.3127811687273746
SF3A2	0.45999345823390425	1.0018981029139686e-57
RETN	-0.6118929490270312	1.0666010706760661e-09
TBC1D17	-0.39915184454233227	1.858564317688431e-36
CCDC130	-0.05001748462071636	0.28970781912687327
SGTA	0.3448143186545462	1.4039396815117713e-28
SNAPC2	-0.2765982953311182	0.06947518109604266
FIZ1	0.6910202214608854	1.6620494939457256e-19
EPHX3	0.4188383151257616	2.9652530773531738e-05
FBL	0.6032516614790913	1.4384180300367898e-57
CLC	-0.45574994184955797	5.834990051372355e-09
TBCB	0.042559917513348935	0.14730080185943067
POLR2I	0.043255358458437684	0.09034139157411339
APLP1	-0.4088046815364712	0.058358315993014165
CACTIN	0.06675446644909597	0.0033905559783752952
CCDC9	-0.3712943321563813	5.930011562375081e-10
TGFB1	-0.17655483159119184	9.130876749394329e-09
DMAC2	0.14525824878749213	0.003472692276651881
PLIN3	0.36635750144377816	9.904964139233527e-28
CD79A	0.4767640402291612	3.410972962777109e-08
ICAM5	-0.5432395348883482	2.1448599923166225e-15
CEACAM5	0.6430532515648115	2.34833993251469e-08
CDC37	0.11208039088515565	2.8718962538255165e-06
RABAC1	0.6384303391935281	2.9883311191880064e-35
RAB3D	0.4558180983903133	7.571591893720502e-14
DBP	-0.5279910289112254	4.5121400747271613e-11
RASIP1	-1.453915539868471	4.1759465094657264e-97
GCDH	0.03873987611357965	0.2512540312449552
DNASE2	0.26115143478283404	6.0956044014207025e-06
LENG1	-0.030716781858110567	0.31624612700653315
RPL18A	0.554151654131275	3.6908013377777353e-36
SLC5A5	0.5268488775362834	0.445142959850038
RAB3A	0.11038004129351583	0.3210674613968275
COMP	0.8156680613601194	1.2188413695313449e-15
TMEM147	-0.3461561917497499	6.671906545192449e-07
GAPDHS	-0.09576489692804206	0.5200181801606777
HAMP	-0.5257534806630835	1.8963669150464756e-08
USF2	0.16646214243079693	6.686525959622878e-08
KXD1	-0.19106221853164448	2.2787161234743518e-10
ERF	-0.29002487378313113	1.4203542456452391e-11
GSK3A	-0.15736891744894796	4.32025052321808e-10
SIPA1L3	0.06748041681332842	0.01684998575563321
CADM4	-0.031468929265902584	0.6184523411280788
PON1	-1.098032842459003	1.9748027715756386e-42
HGF	-0.35220811264178903	6.549180037637051e-10
LAMB1	-0.3941516618849391	6.267256342019145e-16
UBE2D4	-0.24020303178499552	0.017293339036811302
GTPBP10	0.48163716219912706	1.2466975786865619e-23
TFPI2	0.37287284392725073	0.0231368940428976
BET1	0.5477094449842138	2.2120982655983487e-15
NAMPT	0.8261821693174707	3.989131712556337e-21
TWISTNB	0.640010421280378	1.6633021065277231e-40
ITGB8	0.5864646841638229	1.8924108971841998e-05
HBP1	-0.1081539979542241	0.00679185166722623
SP4	0.24147837981636822	1.8588789850636436e-10
MPP6	0.04118399200239511	0.3159638160722538
OGDH	-0.19082718730060633	1.1074343865053519e-10
H2AZ2	0.27845517844287015	0.004847683444999162
CAV2	-2.0207559580348113	7.516898410749978e-63
LFNG	0.12187693322885781	0.07725882034679284
HOXA5	-0.8070032061736911	6.51599860728395e-28
ABHD11	0.3163435044540203	2.0284804418553757e-08
FKBP14	0.609968636070409	1.862341189367812e-24
STX1A	0.3425717246491071	0.28481186622830545
NOD1	-0.45418025253022704	1.816208836641369e-08
PDAP1	0.5238839898426425	8.344513712626386e-43
BUD31	0.48402113420192017	7.008085357984407e-50
CYP3A5	-0.16672532409455273	0.47754151809863843
SNX8	0.15758120448815657	6.085746153258051e-07
WASL	0.28679260563439424	7.943078741331388e-23
AIMP2	0.3830703213423586	1.1275528742613202e-47
PCOLCE	0.06911604537466268	0.17569707024824988
RBM28	0.5727508016396075	3.832206182220715e-36
SERPINE1	0.27125550166888746	0.011707271755681335
C1GALT1	0.097350827955554	0.07655538612073809
PLOD3	0.2165811880543146	2.8944968395932232e-08
RPA3	0.18148055251857098	6.299006937367517e-09
FIS1	0.08139246708438161	0.01635479973869199
GLCCI1	0.06898956935259788	0.12407487951219581
NRF1	0.013879550611706676	0.5470722639805533
CEP41	0.1686683102162269	1.863535786459407e-08
MEST	-0.02951937173734666	0.5721022370453566
RARRES2	-0.5560493277814652	2.960217321642336e-28
YAE1	0.30297030730304186	5.088477955608616e-09
GIMAP2	-0.2910824696538834	1.779645425787305e-07
MRPL32	0.6890033389452831	1.52978651175281e-38
COA1	0.12340856121915467	0.05828082647271798
AEBP1	-0.11051897021973828	0.022675147540539054
MYL7	-0.6916545523439448	4.006713875397372e-05
BCL7B	-0.10703735906404539	0.0016429341700502393
YKT6	0.12383643468311312	4.918254431004497e-05
PTGS1	-0.4284239604801033	6.494064546246607e-22
ZNF688	-0.06133445426852942	0.20675404700308758
CHMP5	-0.00015187309443957103	0.9939912402235782
SEC61B	0.7015415960699605	2.5641859220454655e-45
TNFSF8	-0.6075549858863797	0.022355059644422314
AK1	-0.9496331185747461	8.3857334720085e-40
PLGRKT	0.2144003594386516	0.0006606452291102326
ELAVL2	0.36311124856856036	0.46400108557037223
EDF1	0.5949796100881006	3.330035581571346e-48
SETX	-0.013117093633821894	0.5369818499244235
VIM	-0.5308789689081055	7.436435183698538e-36
BLNK	0.36234839859172735	1.963370050252761e-15
CYP26A1	0.15685486157154346	0.5778680195076707
ATE1	-0.19418839747769878	9.62857539413196e-07
CCSER2	-0.5246462725016972	0.00037888928096171953
ACTA2	-0.6535058001019186	1.901181763749344e-15
FBXL15	-0.12546526381194262	0.00019480966364401287
PITRM1	0.46711464986523166	4.006415619554681e-23
STN1	-0.10579747657907586	0.00032738186653298297
DNAJC12	1.0741002059283586	1.9735125553205595e-13
PPIF	0.3975298430549159	4.355965833351433e-17
TBC1D12	-0.09757610991433674	0.03444078673328095
MPO	-0.23366451639454158	0.011979574468088073
DHX33	0.11982430293226264	0.0002099260768123529
UTP18	0.5250432869817208	7.909979500869595e-49
EPX	-0.33549816262880067	0.0010879357565011026
NUFIP2	0.5549196960430476	1.5805175080714422e-60
GIT1	-0.2623393967626367	5.63956851837216e-29
RPL19	0.12005188622948929	0.004942455564067137
SUPT4H1	0.4475169526630139	2.1549169796492862e-25
TAX1BP3	-0.2876502182636862	2.4271677015745692e-26
P2RX1	-0.40847563151781924	3.6173177852029624e-08
RPS6KB1	0.13951696248137774	3.3705397810176523e-07
CBX1	0.07916267808085635	0.0057639239746586
PIGL	-0.4878479693405354	0.04320378260301312
GALK1	-0.03341180900234493	0.19247773880934196
HOXB6	0.19208160762568033	0.26831484592420907
PFN1	0.04909582302366574	0.019389192808495957
SLC25A11	-0.07370710016477472	0.08015013908660919
C1QBP	0.30499746255041815	9.722147750069401e-12
CPD	1.12704501256054	1.2642880145315155e-40
GOSR1	0.5766886666304968	2.4643379629394984e-44
CCDC47	0.49121765318545996	8.682662536268122e-37
MED31	0.3932984252437056	3.434969042416572e-33
DRG2	-0.044023150108858655	0.02628827211390636
AKAP10	-0.09331067151689415	3.114370950453099e-05
ALDH3A1	-0.7104952491139337	3.773320804600015e-05
SMARCD2	0.23205803574158945	4.7864814214061085e-24
SYNGR2	0.24152697820492064	9.811620337383417e-06
DDX5	0.45992732791216884	2.8985503710980443e-58
C17orf75	0.4982017019601176	1.8003715139997977e-42
CCL2	0.18689606426690067	0.46736760985159803
PEX12	0.12907768346720774	0.028192472555289335
KAT2A	0.32367940667019335	1.6570039818121216e-09
NAGLU	0.22001866377606816	3.063252390118974e-06
ABI3	-0.3084368545586171	7.299571775506428e-17
COL1A1	0.9147117785779338	2.1977972885337716e-28
MRPL27	0.6174134272548004	4.062451217359677e-42
LRRC59	0.9257881639957255	2.5007028956076e-56
HDAC5	-0.40860018112966345	8.574981897063777e-32
DUSP3	-0.12295249852176715	4.967647061611316e-07
RANGRF	-0.2434266344573133	5.673010661992616e-13
MYH1	-0.6634168800248578	0.056617251255106936
VTN	-0.6280754545909821	5.672759307435693e-23
TNFAIP1	-0.3300024263765965	8.454506468785574e-08
TMEM97	-0.46321702350171695	1.032498731916017e-09
ALDOC	0.15870067085177542	2.3180032148476652e-05
CD38	0.5186256916856457	4.4315286879839995e-12
LAP3	-0.1205601025635219	0.025807404503047048
CXCL6	0.1776840639504019	0.6114067821975054
JADE1	0.0027883918405347888	0.9633269451655906
AFM	-0.989892092908738	3.6117270079659975e-47
AFP	-0.5121334451591937	0.0002606940635074418
SULT1E1	-0.549268261756586	8.72726012456229e-05
PF4V1	-1.0947512544715599	4.3243608662134586e-16
NFKB1	-0.03976411946972112	0.0963025768726639
KLHL2	-0.8275005124428281	1.3452186042876031e-18
WFS1	-0.8909787987968618	3.407243944933824e-54
GAR1	0.7727050333124561	2.0953326156226205e-41
FRG1	0.058997810473758336	0.02247755105604161
AADAT	-0.3178687203654549	0.00022696727889382019
CLNK	0.5777604369620054	0.0017210366812575792
FAM149A	0.05539735985922181	0.8168681767903743
SPA17	-0.654180578811255	1.979294752254164e-15
CD82	-0.38333066000714233	2.3447045845289128e-15
PLEKHB1	0.12058217293109255	0.07681343715175074
CRYAB	-1.4093875235690303	2.7147769194484717e-77
CTSC	0.1720953630916041	0.0009491983061989677
ZPR1	0.2650685049156408	3.702783590219682e-22
JHY	-0.48043508120659223	0.06007666085182334
HSPA8	0.25653747587341813	9.847881760917355e-42
DTX4	0.2553529935046261	0.07345832658799105
UNC93B1	0.23291255680360537	0.00015874860239476155
PUS3	0.20251589355013383	3.431349588234475e-08
ST3GAL4	-0.00435672263604954	0.9641180629589002
CCND1	-0.11244480976404389	0.047953971271703616
CCDC86	0.5081089813880261	7.339504450026659e-45
PRPF19	0.283026900139365	5.782331331028277e-44
TMEM109	-0.039594259292299434	0.26457314841415197
ANAPC15	0.5180587111111803	4.575368167941446e-23
PANX1	0.46064577053807043	4.8096533374354665e-09
APOA5	-0.4128010646441135	2.3020210622833952e-05
APOC3	-1.529692856097404	4.131729186020975e-44
GALNT18	-0.49489364794827356	1.15238650698764e-07
BIRC2	0.04630168661444416	0.07648041402175097
PDHX	0.2579036649740926	1.1745384605456974e-09
SLC15A3	-0.41548644060710116	1.5284009369704008e-13
C11orf58	0.3353136945160927	4.8858535305152446e-30
YBX3	0.40538126428416377	1.393155071883548e-23
DDX11	0.5958694152428343	2.132775745781523e-13
SART3	0.21274786492121123	3.496274075001463e-18
PPFIBP1	-0.6504400459604178	6.33798143890943e-24
CD69	0.0055839108323223335	0.9462629628830971
CLEC2B	0.19107420859411742	0.0539587621315193
SELPLG	-0.47295848686338615	2.355577128363677e-11
KCTD10	-0.19238786635101002	8.613510682542936e-19
MLEC	0.6749457087422979	2.2260724024077164e-28
MVK	-0.09162083720875301	0.03170468224867616
CSRNP2	0.7232858595920059	9.42501144688197e-06
CYP27B1	0.21061347861665158	0.18879094372335126
PPM1H	-0.11256195373126482	0.041404894458649824
LTA4H	-0.24781091689852658	9.849120010270088e-08
ELK3	-0.4324188666268064	4.2011890605673585e-14
ITFG2	0.013235485715111937	0.5642668503294562
PRR4	0.14875579529288174	0.30851634469474004
ARPC3	0.06649484636068798	0.005486290561312601
GPN3	-0.10693751401090616	0.00011400264519948947
MYL2	-1.2975682623626263	2.3813516830852518e-12
RAD51AP1	0.5479647891362439	0.04370249989896563
CDKN1B	-0.4937493992209936	3.663958448742667e-25
LTBR	0.3911222950669558	7.512898724294043e-11
OGFOD2	0.058566750510881185	0.08267790456965625
OAS3	0.4835377132107408	2.1614848822441926e-15
ART4	-1.1730699338448196	4.9023094112377277e-51
MGP	-0.9205829346462365	1.9066064153353369e-25
ARHGDIB	-0.017317018303665686	0.6022794176627374
VDR	0.38985770028361605	1.322569986601419e-10
NUP107	0.17826923861429356	2.238465303030419e-21
CNOT2	0.131550671899629	1.7615703892318366e-11
TIMELESS	0.12867470871242534	0.1262469097504964
KRR1	0.4052445037468193	3.7190804499174764e-27
MRPL51	0.2625773328119027	2.40604291676757e-06
GAPDH	0.32241263878478876	3.416521382536278e-26
COPS7A	-0.31524372249795646	2.6134226661397382e-30
GNB3	-0.36623350998621584	1.5904548440183538e-08
CHPT1	-0.26285221186306723	4.6301352853180433e-05
TPI1	0.40905512335797567	2.6567162132908794e-35
ENO2	-0.43235700601544935	1.954234849082772e-11
C12orf57	0.28643564250304665	1.944664690514139e-18
GOLT1B	-0.08945384052177884	0.24083748939149
LDHB	0.15728196849567017	0.0018070884406262333
PRKAB1	0.047865725741489416	0.107837378760431
CMAS	0.03330208372224999	0.30452195535940935
HCFC2	-0.3130174163137711	9.002321255719201e-36
CLEC4A	-0.08318638955650473	0.33489156866452985
RAB35	-0.2191178970471524	4.2226335017265835e-16
COX6A1	-0.012880256195005053	0.6981500735742904
SRSF9	0.47003244128118415	8.747097070689151e-39
FGFR1OP2	-0.0002574145400379285	0.9894112312444726
NFYA	-0.3729236001521811	3.03571463646922e-11
BCLAF1	0.5690588294096776	7.709809789494907e-30
RSPH4A	-1.2113121681451133	7.834309524390088e-26
TMEM14C	0.18104504954502393	0.05482604431772392
SMIM8	-0.4315146497417185	6.576950452391658e-05
ASF1A	0.048379458874974926	0.13240546041802936
HINT3	-0.19373172078101325	1.423891886971835e-09
SLC44A4	0.11928902989981426	0.23835369330243034
TULP1	-0.3320193245856961	0.0061635721317607126
MAPK14	0.13196787079282915	1.3574077499190636e-09
MAPK14	-0.09749044225239631	0.030189592293235108
RHAG	-2.116175813271332	4.719090053337051e-46
STK38	-0.061974691096046086	0.0023514899606824863
HLA-DOA	-0.3626364632625972	2.0833252721511096e-09
SAYSD1	0.029269219910588104	0.5189545836462108
CAP2	-0.6569376072230656	4.2129872699402425e-36
FBXL4	-0.0634884129137108	0.2245085921653489
GPLD1	-0.8916058920834757	6.52375278474842e-44
ACOT13	0.12482342072970137	0.007873568017812868
RPS12	0.5729626054536333	1.1666173226567335e-55
GMNN	0.21273396697672647	0.10023699484421872
SNX3	-0.13628438909145066	3.019222259811e-09
ZBTB24	0.42909210991086455	4.165925553568375e-11
FIG4	-0.05454906552386	0.01426344790835298
ADGRG6	-0.6952021830786587	2.9039292583669212e-25
FGFR1OP	0.11336249087979325	0.00015879413503813643
TFEB	0.013842595861072147	0.6477132892145443
BYSL	0.3511500620640543	4.822884188102779e-29
TBP	0.1959206060840177	2.255498574455771e-06
PTK7	0.2617654574422631	1.0491917570795797e-11
DNPH1	0.1642668817499716	1.7711335294655366e-06
EXOC2	-0.08506848088510253	1.8249933179935485e-07
TMEM30A	0.10207042975523498	0.016905786252756058
TTK	0.6805771564071517	8.436524747587511e-08
LAMA4	-0.3286919127292346	0.0017575663011865988
ENPP5	0.06509839867225536	0.40329651340889094
LY86	0.09115623321997926	0.17281921285052457
MTREX	0.32025091074549106	2.414693920131871e-41
CD74	0.18268311609833354	0.374834626771803
HARS2	0.36024475653015176	1.1338003426942826e-17
NUDT12	-0.2691594001407166	2.5227388807047747e-09
TENT4A	-0.04260911218443722	0.7395982399659092
DAP	0.5841970565522533	6.508420669194801e-38
BRD8	0.15473486681942772	6.315985543570924e-16
LOX	0.11675220438289757	0.03156550749439032
GZMK	0.25227333921086875	0.0007315199885108408
SPARC	0.19302634096765628	2.05434853029748e-05
PCDHB5	-0.38863288077756825	0.027878636242526317
THG1L	-0.14103404541020997	7.695506811318246e-07
TTC1	0.35610701586962623	1.3397715268359707e-25
LNPEP	-0.03991697210405304	0.16755680030175943
ST8SIA4	-0.22739566629289343	0.01358095263321752
PCDH12	-0.8632460112191468	1.1015041962362392e-52
SKP1	0.21239850051654036	2.1891535429382688e-20
NUP155	0.24124708761727548	2.1739048140391358e-36
C5orf15	0.4213888069992413	4.0434581522097634e-11
TRAPPC13	-0.06627840592468762	0.000497521914514867
RARS1	0.48258376624981736	2.673934614868292e-53
SEMA3G	-0.5830317851071651	0.02850332071325982
ZMYND10	-0.9639079996336262	5.414957532657008e-24
MLH1	0.2762735854562839	1.61841280878152e-22
EHHADH	-0.011644589304905101	0.7786645638707862
CRBN	-0.23226061409311133	6.036107719462359e-21
HRG	-0.8524841882619658	4.4522725679780814e-36
BCL6	0.20723755623679402	0.00020223499587405732
FAM162A	0.5060446151986826	2.219298634235402e-21
RBP2	-1.6935024399100642	7.701356641346223e-53
RBP1	-0.48497544732118625	1.6887318145676196e-16
PFKFB4	-0.17349410828079895	3.1613429860781936e-05
HES1	0.2583041316686483	0.0071044179407302906
TUSC2	-0.29237167011355203	1.761299493771463e-14
NPRL2	-0.14903502538749674	3.917339815740981e-08
GNB4	-0.4887179444385901	1.4153015403067947e-36
UMPS	0.25285951441908877	2.1866027108411384e-17
ABTB1	-0.09618798739674886	0.1725340734773957
KLHL18	-0.22727585656640867	0.0022742177758536997
HEMK1	0.477246000432296	0.001476555383512001
RRP9	0.5127814966522225	5.2972313151268144e-40
AADAC	-0.9879119416899202	1.1989443712727333e-16
EIF1B	0.00809409608189559	0.7886198850591901
ZBTB47	-0.34388247133669564	6.730565665958817e-11
TNNC1	-1.4334340737520583	1.2976515744253155e-68
NKTR	0.293200740251204	2.515952204815057e-28
NEK4	-0.08236054287606218	0.008733048903873974
WDFY1	-0.08861149031907208	8.9859722251308e-05
EIF2AK2	0.29426479731332195	3.9051002845004576e-20
CPS1	0.05109408599162912	0.8108324316225157
DAZAP1	0.18414566151771306	4.5759290304751546e-21
DDX1	0.3099697634691649	9.855832239435525e-40
HEATR5B	0.08573003712615074	6.158027399071249e-09
MDH1	-0.14123268452265347	8.915988014080988e-12
MAPRE3	-0.257564163591803	8.261879484920726e-10
TMSB10	0.46368685168323526	1.931729639310465e-25
MSH2	0.44022580475286605	1.8050082734043437e-30
NCK2	-0.497710959049491	1.734796332433747e-45
TFPI	-0.33988557728416646	3.353443147267631e-06
NDUFS1	0.18819550752243555	5.4368847399581236e-11
SLC11A1	-0.6895337434759734	3.122163735424484e-21
APOB	-1.2370751421320563	3.4628575851650595e-46
TTL	-0.17710359744591883	6.375253903677867e-10
FAHD2A	0.002554915328659639	0.9512049568597939
SF3B6	0.49003628542946787	4.6224100267994846e-55
MPV17	-0.24812770134165268	2.449839231313832e-06
NRBP1	0.13747638246628305	2.5559623999238294e-05
SNX17	-0.3351477118247913	2.409494982172399e-53
REEP6	0.6582542909955391	9.21809968969724e-10
GCA	-0.07067789474599895	0.15071455809389425
TTC31	0.4822902571055406	3.405480839978631e-16
NDUFS7	0.2512579640870082	6.691018463572097e-16
PCGF1	0.05596559600924915	0.16453433674309098
DOK1	-0.21449281507936066	3.8633920117366376e-22
ACADL	-1.3821055928440396	3.950278452396188e-34
EVA1A	0.016541413724210113	0.8797082595293461
LANCL1	-0.5130578998601029	5.043122320247727e-47
REG1A	-0.3503087891189452	0.04992260584409563
FANCL	-0.1033678033623754	0.45818772277051256
IGFBP2	0.46935039218177743	2.2452052887005442e-05
IGFBP5	0.05107022174030205	0.3930498148836829
GGCX	0.4170779530947068	8.058755449178244e-14
HSPE1	0.8917220619770062	8.435740499155719e-45
IL1RL1	-1.1395652392155586	2.580404760690492e-13
IL18R1	-0.5681959840349596	1.5471259874941973e-10
AZU1	-0.2774005345478289	9.897131328775511e-05
PPP1R7	-0.055902959915419076	0.0084297495944618
PASK	-0.1514836639863553	4.514058663106874e-05
PROC	-1.009982469517705	1.540436730835156e-53
ODC1	0.17366810460780885	0.4760528712576918
GREB1	0.8772075052668703	0.003222698172095481
GORASP2	0.4430317529544836	2.6686174953529725e-46
CEBPZ	0.6787890521209126	7.215470046443317e-48
PRKD3	-0.45880233388175085	2.1157165476014644e-29
SLC1A4	0.46511258516847875	1.6487191426572078e-15
ORC2	0.19966496641793136	1.2947110534370617e-13
COX7A2L	0.3833726180518859	9.386360023784722e-14
PPP3R1	-0.2396100345347069	6.7490104235770425e-12
PLEK	-0.23024122132112457	3.321550840628528e-07
PRTN3	-0.5665187860871321	1.4847501628594328e-09
ATP6V1B1	-0.641101965267178	1.2839770333988255e-11
MSH6	0.5622772532015554	4.630303960308016e-31
PLEKHA3	0.06383192019223809	0.1167772461442322
SPR	0.19175173166581225	1.1047182461033682e-06
CLCN6	-0.3510895666040236	1.9886087526296164e-08
ENO1	0.15435152617811476	0.0024854403281460986
CLCA1	0.7419591647254005	0.1372993724392799
BCL9	0.35589325988756393	1.7187709447485977e-17
ANGPTL1	-1.1918829520042924	3.862876334508931e-26
TCEANC2	-0.12161932336672063	0.20192911365286384
TMEM59	0.1526756980780788	0.0007608729658259738
WDR77	0.13950087399456823	9.11731994135124e-09
C1orf21	-0.20073892001745341	0.00020148680768883721
MAD2L2	-0.10153786421930053	0.07272122320167446
MFN2	0.03676074455980358	0.0975452148956502
MIIP	-0.35670883504408557	5.649463945928347e-06
PRDM2	0.09386196300910327	0.0026811679252694435
RGS2	-0.6777322587301702	0.001562966805960252
DENND1B	-0.4119858715484841	1.3900009323997027e-11
WARS2	0.06842459557741298	0.06551366192290137
OSCP1	-0.38737441235728653	7.893788340770803e-15
NT5C1A	0.2999651322732219	0.041586309411060104
AKR7A2	-0.20462043774245076	9.182978376563727e-13
RAB29	0.16284812617797992	0.00065354051322919
EBNA1BP2	0.483468506568249	6.949020252451364e-30
SELL	-0.5769694138322986	6.932863757907839e-24
SYF2	0.3062750333586798	3.424856093561963e-21
DHDDS	0.049059642005924456	0.31213018551162397
SLC5A9	-0.6544863519164511	0.0002482079210803325
COLEC11	-0.6529329992620498	1.3216434630796777e-24
MMP8	-0.7817457942618427	2.7969979134351996e-14
APOA1	-1.2472169099832338	3.4221821061333448e-53
CAMSAP2	-0.046725755000760684	0.08235130717420412
FCGR2B	0.0014217951224379452	0.9756257277166906
EEF1B2	0.5032694854467207	5.968611815020588e-49
ATIC	0.385537032698566	7.613098072815138e-37
FASTKD2	0.1323524427616384	0.003358942309850386
TTR	-0.856156569608385	1.973188160768724e-41
TBPL1	-0.12217198326506823	0.03516614031330072
FBXO30	-0.13383653300129691	5.224687640453825e-07
ADAT2	0.3988562005017622	7.054395168229534e-14
TNFAIP3	-0.019216295581637458	0.49353561565827697
TCF21	-1.1877813944314717	2.3573625439822576e-13
PMFBP1	0.34484714716081266	0.011592585822747341
MED28	0.2986836196231182	5.89763618348828e-22
MYL12B	-0.3373764568565501	1.1729174175387959e-07
RPN2	0.326768486699779	2.3053589752437164e-18
SOGA1	0.04232014945913644	0.15932493883758167
PKD2	0.01809129705709128	0.6517325206367603
ABCG2	-0.6201810450011502	4.669547776977271e-08
SPP1	0.9598245578523215	5.3142275059608104e-18
STBD1	0.11876313802446732	0.013925800010897577
ADH6	-0.8451702682073418	0.00013305373350942898
RARRES1	0.1422930961724779	0.17604622278766882
LDAH	0.3218449498195548	3.335967591183702e-17
ELL2	0.49901807993745495	7.415689793506836e-17
GLRX	-0.11643281574022679	0.002355674310756268
NDUFB3	0.33986051833585657	2.1926131734262823e-14
ZFAND5	0.3065674003606301	1.5851068724908766e-11
GDA	-0.17735495934793155	0.3385973994175494
YWHAQ	0.26334298478930296	4.244923632566976e-23
CPSF3	0.3421131968386153	7.364609595683046e-52
DDX55	0.10491465287251757	0.0012894580437674103
CCDC92	-0.2983595446308619	1.3222053624073087e-18
FKBP15	-0.031593908866383955	0.2610539063333314
CNTRL	-0.336600521366008	1.701910161532168e-26
HDHD3	-0.12097904851344973	0.0003276119274997368
VPS4B	-0.0586004281360854	0.006094942042873229
SERPINB10	-0.5084211065032542	3.78328449555864e-08
ADCK1	-0.1158505511005629	0.0017291356131561918
PGF	0.718059382200462	0.03281065881512008
IFI27L2	0.02430580812066058	0.7193113063077253
NEK9	0.04373186047100665	0.05763441340394896
ACYP1	-0.3685646244896804	5.969967018512696e-15
IRF2BPL	0.3281245237703483	3.291835198895821e-16
ACOT2	-0.26518367929741443	0.00011465377746049917
FLVCR2	-0.18199937261208426	0.1553766541543258
TGFB3	0.1891665495933616	0.00107911832708279
SLIRP	0.6131068550616845	2.2838912559608026e-29
PAPOLG	0.11202347780548248	0.0007376916518384062
TP53I3	0.1756653691356081	2.331229493265948e-05
RHOQ	-0.2836034453359044	1.029287740675347e-08
TMEM214	0.708945554761411	6.040433634730376e-45
ATAD2B	0.19070989664894566	1.3717579893758516e-07
FAM98A	0.502120888756467	6.143489511106563e-44
YIPF4	0.6241590891406366	1.0390823322994647e-38
AFTPH	0.1917061993651486	3.694106464928992e-23
LGALSL	-0.5859530362120935	8.842232930551275e-31
CRIPT	0.3853899543337388	3.2272102215805274e-22
MFSD13A	0.23000202801704486	0.08523449759380691
SLF2	-0.2819146567008176	2.8423011544047036e-07
HELLS	0.37124112117612235	7.12770164975076e-10
HOXB5	-0.5959378886076748	0.0014481678435001822
BNIP1	0.16526877029348383	4.168420791230584e-06
DUSP1	-0.47673393501535355	2.1876170902166258e-05
PANK3	0.08084504126580315	0.06985833179379622
LRP11	0.9160863833539359	6.41502130103737e-16
CCDC170	-0.9472533292249885	5.692788294890673e-23
ARAP3	-0.7613058538016091	6.368985841807449e-70
PCDHB8	1.2441801925037363	1.4639602922136458e-13
TNN	0.3331738536158829	0.004540688956211928
MSANTD2	-0.7659116884029948	4.709860940136473e-30
PDZD11	-0.06161033671347157	0.06645493995215833
NUDCD1	0.28413480567272936	2.841616024326923e-16
CCDC77	-0.2934229642523012	1.2447458435771748e-10
TNFSF11	0.47028946128273635	0.0995251496722745
UFM1	-0.13388463420735364	0.00040005497606749365
ELF1	-0.080270404506884	0.0006049778593452685
ALG5	0.2754392827945183	4.456142153731101e-11
FAM53C	0.16028092740374028	0.09180527998447499
EGR1	-0.021868158001424137	0.8819536015712888
PFN2	0.4352030867335285	6.404139639145899e-06
NFYB	0.042469833128157115	0.1358518726979017
WASHC3	-0.03562716559199383	0.13091818407470004
SLC39A14	0.37068836302201796	1.6997883677873584e-09
DUSP4	-0.12394882805872807	0.6482854917892178
SORBS3	-1.0347883812516185	8.498085634942983e-81
TARDBP	0.3313718949959635	4.0086405596760957e-17
RDH10	0.2833017495591262	8.77320487820664e-05
LUC7L3	0.5720489675879663	1.6767135921665e-61
COIL	0.5020715857428888	4.3556182678367635e-35
SPOP	-0.04642414505118889	0.5645076665979577
TBX2	-1.122448679432192	4.951353761427279e-65
TBX4	-0.9580868033109723	3.9316915645216666e-34
FAM117A	-0.23700826447838902	0.000280776758459303
NCAPH	0.5320608172873309	1.7254053043558202e-15
MND1	0.10909679561328287	0.4773743790784663
ZNF141	-0.021017563155093358	0.8663367911027221
TSHZ3	-0.27271152845629704	0.0004423551012973216
PLBD1	-0.5361900848817764	3.7521868071193305e-11
PYROXD1	-0.1664401828094667	4.874317492568953e-06
ZNF549	-0.33733569767614197	0.0006307635343791724
ZSCAN18	-0.23275251331912242	6.229245464614981e-09
TFG	0.0333927104689259	0.1056476129299795
MAPK8IP1	-0.14348057586270943	0.5033101134267224
PEX16	0.2856990431244454	1.3799636149804194e-11
ACHE	-0.48043398996265774	2.372992068405584e-10
TNFSF10	-0.5500114112526321	1.599238493157299e-17
CPXM2	-0.33985711190845724	1.583619747861695e-09
GSTM2	-0.7505583769853165	6.025162618413806e-34
CXCR4	0.3893849936874707	0.0001187404387930975
ACVR2A	-0.3777383933784028	0.006876627652458366
POLK	-0.005844727465103938	0.8271491532792469
FYTTD1	-0.007380037076619328	0.8535808648609149
MRPS2	0.36484417458377466	1.0342599048574415e-21
COPA	0.4721103143121834	1.5571442595143687e-74
AHR	-0.3845159715565048	0.00010984346983004192
SCRN1	0.23074578239836763	7.44966716122031e-08
ETV1	-0.21494133925543568	0.03469946502478064
EEPD1	-0.1433035450808517	0.00045378031747837555
WIPF3	-0.18311749368289687	0.06854668663206671
NPY	-0.9855778425347598	7.351292050867314e-22
INHBA	0.7963128068016179	2.1452191515080507e-17
FKBP9	0.4548624076020191	1.5326232504887836e-24
POLM	-0.22304844995447087	0.0010087186048446024
RAMP3	-2.5931847196319646	1.576519485404138e-58
MRM2	0.15800578250940292	0.0026224380952849192
SLC25A51	0.16977303649539383	0.00012111031277757539
CLTA	0.2888819384064733	3.2391306417018196e-25
DNAI1	-0.9303051095569492	3.6436293618151425e-21
CNTFR	-0.8257483871229128	2.219654593855535e-15
ZC3HAV1	-0.37879123598358544	1.2916074272665774e-05
SRGN	-0.538200573501278	2.4425227589248917e-21
EGR2	-0.36832125399132143	0.0710736251397223
DYNLL1	-0.06421247978159683	0.05280183256021345
ACADS	-0.3564483430406149	8.927072035932171e-11
HVCN1	-0.24088260781676746	6.734254634640956e-06
RNF11	-0.48575422476434166	1.619154971226696e-23
SSPN	-0.31853324305486896	0.0416287406268235
DDX39A	0.22533315175537016	1.7737608682224416e-11
TRIR	0.39153032935506954	8.619868800480344e-35
ADGRE5	0.03873706474236226	0.2460470539165391
KLHL24	-0.29777513471048966	1.938426745765807e-06
ZC3H13	0.31357214718830473	1.5305198965003193e-31
CENPK	-0.035717273173815164	0.7075801133051275
ORMDL2	0.10622083897136178	0.07379581439076262
NR4A1	-0.3777063679617609	0.001606793617183755
LRP1	-0.3473482273012451	5.100174793325588e-22
FAAH	-0.2930308810293797	7.2146095069834e-08
COL10A1	0.381668981886073	0.003237504965074148
SEC61A1	0.6055598176238229	2.541843541345532e-38
TCEAL3	0.12231765735775027	0.014025971959390706
RAB9B	0.05152503175271103	0.8483779713175893
RIF1	0.33081502422333886	8.350891104628606e-23
TTC21B	-0.49905155898493836	4.867380916318948e-51
NMI	0.44887082805129874	3.1009913518437183e-24
TNFAIP6	0.33382678377033453	0.0007720455515744971
SLC36A1	0.12946861407864035	0.04865947575698091
BATF3	-0.11186158205636802	0.3693634907673822
EXOSC9	0.1877461394611623	7.684901700305296e-12
PLA2G12A	0.2796442892102137	0.2706298999287442
SNRPA	0.2610916164511313	1.6663530032458057e-38
B9D2	-0.6608197242710312	8.215790667966182e-31
C4BPB	-0.9050216725036362	1.0862733416163906e-30
RAB38	0.4162250541092417	9.328683331871993e-08
HAUS3	0.00047964419794247273	0.9845981081979482
CHPF	0.08527742324864794	0.13426272146931928
INHA	0.4000687821962662	0.36885929755908714
SP140L	0.07893116191658442	0.013461955318472288
ENKD1	-0.61630815218115	2.9364822941204744e-17
SLC35C2	0.117565317165514	0.16038100256952745
ACTR5	-0.06504279627103737	0.0004988186240586192
SYS1	0.8004041772812719	1.8196617346718542e-33
PI3	-0.5200914389338867	0.29233261371521835
ATP5F1E	-0.1320709356839021	0.02354762780806304
PLCG1	-0.20481708187724135	1.446092166495394e-16
SRSF6	0.6716001926910617	0.0018661137559541905
RAB22A	-0.0010215893168867632	0.9739723901055671
PTGIS	-0.6847360736940327	2.776950294949591e-28
MOCS3	-0.10189923428756725	0.0001879340811161515
RNF114	0.3442139783777687	4.586773992121838e-20
MAGEA10	0.7056706155899621	0.14795643472555442
PEPD	-0.20151442572252037	1.1896027459923108e-08
MCEE	0.12418548810395913	0.0038821900901933088
PAIP2B	0.46763104070206596	6.151271903011425e-13
SNRNP27	0.35224537942241707	1.3859740775676915e-25
MPHOSPH10	0.5961262049830438	9.678453802807207e-50
LIPE	-0.5529916680822486	1.298801028997654e-21
LYPD3	0.8328115613325133	2.1371004741427447e-10
CEACAM8	-0.44049232452564957	7.071136490664591e-05
RNF39	-0.12451462988234341	0.5687836839198981
FBXO9	-0.026270642802900167	0.5231015704884076
PACSIN1	0.20867417503478566	0.00987527086108771
RRP36	0.5338981117046888	8.829695525939191e-31
BTN1A1	-0.0760255113367029	0.14195689945363746
BTN3A3	-0.6674201211167377	1.321423856907407e-35
SNRPC	0.4296227040659788	5.63611736295019e-46
ABCC10	-0.21243702359718086	7.891112393577416e-06
H1-3	-0.5757993815386659	5.587859592347637e-18
UNC5CL	-0.03923035281087938	0.8465979145994648
AARS2	0.2053501556473665	8.59349389862338e-10
H1-1	-0.2711830998902963	0.007389515949431803
ZNF391	0.2618492897439837	0.004987101646334875
APOBEC2	-1.1408738233670719	5.6584217534645105e-15
TREM1	-0.13473795009066264	0.06906960758407828
COL21A1	-0.48021165601160837	1.83095710368787e-11
CDKN1A	0.4056002554720127	3.964600981092094e-05
SOX4	1.4706344713247481	4.09859352607965e-45
SSR1	0.5145857549842633	1.6469074701953602e-29
ATXN1	0.09485143526539505	4.586054476818189e-05
EREG	-0.0007134278186983756	0.9984899680078323
EMC3	0.2720677301620295	1.3027124917302574e-16
SH3TC1	-0.10960849854239127	0.0028369872927350597
KATNAL2	-0.13735169567610434	0.439000575439327
BBS2	-0.27420729363635554	6.370155036933003e-11
MT2A	0.6541824226710538	1.4185161655882196e-05
GOT2	0.23034997192693746	0.00013575081261856228
SPHK2	-0.10258868715216683	0.03305802436900526
RAP2A	-0.4934515675372334	5.2881327247993324e-18
SLC22A5	-0.06044890647300189	0.5041988620193143
IRF1	-0.33902833192460424	1.6258519891562493e-07
NIN	-0.3075357644465451	6.406583492723347e-34
RPS29	0.8113934228886102	4.3566573370522545e-47
SOX9	0.6008852622638063	8.137981674312895e-05
MYH2	-1.5729545471005344	0.0047531985450157185
MRPS7	0.6179489654290187	1.8020033014338857e-40
ARMC7	-0.7091403104326559	4.37685590568471e-19
NUP85	0.11987904065671919	8.843630537468085e-12
MIF4GD	-0.32514996222343334	4.079944181998173e-29
NT5C	-0.30645937530341044	3.707364335615908e-12
MSTO1	0.4924709409569151	1.0026157041504107e-27
LILRB3	-0.3108635548696632	8.180586694776266e-09
LILRA6	-0.9703085136434472	1.7611559334365812e-07
ZBTB46	-0.10423397154103703	0.3468822760667628
SLC35F5	0.367358916707051	4.337432203118888e-06
INSIG2	0.6489769516966948	7.03633035383481e-18
PSD4	-0.10665173392605827	8.970575217870299e-05
ALKBH7	-0.1432641175847131	0.004187105053244145
CLPP	0.2009056008597494	3.5264638588494464e-09
THOC2	0.4124984195247342	1.1876471722011623e-42
C3	-1.00682708646882	1.8117470105377944e-51
SH2D3A	0.13284974645575898	0.0028832220576178523
FOSB	-1.0545991937884562	1.87569343938971e-12
RTN2	-0.3237420438297995	2.6255542343934687e-08
VASP	-0.025642519938028782	0.3789023132070799
SYMPK	0.3707188149056414	6.431635055441777e-50
CFAP61	-0.241930553731607	0.047297094656968304
CD93	-1.2659550741340238	2.526429690033146e-60
PSMF1	-0.11633734604896966	0.0844301621425063
TMX4	-0.22672190411802587	1.8955918742450325e-06
AP5S1	-0.04504342452320859	0.14049039882389694
RRBP1	0.8545778527559837	1.0148819834372942e-63
DSTN	-0.30709356374401775	5.450277326516255e-13
SNRPB2	0.41448726665787605	2.231358008922772e-53
FAM110A	0.16727087262644777	0.001203027417503285
S1PR4	-0.3635478697803327	0.003969889120778598
NCLN	0.13090069315545722	6.501842487430002e-06
PITHD1	-0.41385326275828893	2.1788299525958042e-33
FNTB	-0.2285913837736678	2.6439306502610813e-08
ARMCX5	0.4325537815602941	2.2753973507202238e-08
RALY	0.3950466220826002	6.319241550874722e-30
UROD	-0.263323993546052	2.154330967010688e-15
KLC1	0.4385314158766108	3.737434912058437e-12
IGFLR1	0.7220097390123652	9.429202938628192e-13
CAPNS1	-0.380191616263573	8.880264252657092e-35
PDCD2L	0.41916696078507554	3.2344405575819273e-21
UBA2	0.222355454471744	7.174954014372114e-18
KRT13	-0.5799285006731649	0.0008630730797030136
NR1D1	-0.08494106723243332	0.28218972091645345
ARL2	-0.338671459255375	1.6080753086175644e-14
BCL2L12	-0.21164717437038377	0.010323242640654763
RRAS	-1.2345508962305711	8.752822995967141e-78
NOP53	0.3209119425239123	3.712614976950071e-09
SBDS	-0.07201205591776028	0.009310913262104441
MLX	0.19781051769273772	6.24643410078873e-12
DNASE1	0.07333208812987918	0.7989874472028705
TRAP1	0.6182368285664488	1.355432325518889e-31
SUGP1	0.08016094853513431	3.72829813459349e-06
DDX49	0.15669849939999977	2.36324359567134e-05
SDF2	0.5353686294860656	2.8988770683048763e-29
NSRP1	0.3373892350868929	3.870612215497303e-28
AHDC1	0.029465895664042403	0.39627911194113286
SLC35A2	0.9211445469625898	5.305689731901742e-36
CFP	-0.4042296324872836	4.361913061944819e-11
ELK1	-0.12269260051218166	0.04553572078110306
ATG14	0.24677832369096836	4.307849794584595e-13
DLGAP5	0.6429015267647012	2.8927132411114447e-12
L3HYPDH	-0.39985422322596703	2.4353872062558127e-25
HSPA2	-0.644605479441146	1.5160440406094806e-28
SGPP1	0.19152592397346024	6.386849698964709e-07
PLEKHG3	0.1782637408647584	2.9731012479086832e-05
AIF1L	-0.7027264215742763	2.36620039022365e-22
CANX	0.4937446752251773	1.0243945990695171e-19
PYCARD	0.1988279437655746	1.2162314595125798e-05
COX7C	0.4156314745328538	3.91615983256233e-16
PHPT1	-0.01449935408801779	0.6632887394758313
TRAF2	0.2507978972736735	8.34434343562539e-12
HELB	0.03942066885294766	0.6935251786060269
TSPAN8	0.12021308157693777	0.4353012600812058
RAB3IP	-0.055539099271992326	0.2676723374690842
YEATS4	0.3110411932717639	4.3015337294989395e-29
NDUFB2	0.06877398957741257	0.4832143476651509
ZNF777	0.08455121337640109	0.3351915582688304
IDUA	0.01722560549700299	0.7482362778179571
PIN1	-0.2771268359377045	3.4430112036175888e-34
FBXL12	-0.33989199661816527	3.862914549543953e-11
CYP4F11	0.04451508675871184	0.7036748886100096
SIN3B	0.054557464760522305	0.02766641059495173
KLF2	-0.5685051973872738	0.001546014373551383
GFER	-0.0742258985420639	0.05888724336018939
SYNGR3	0.49663677851784865	0.26254838995637214
RAB40C	0.09409223824383549	0.10909155327576346
CLEC4M	-0.900774239515512	0.004427971539466964
TICAM1	-0.03961872108232807	0.3821744124806439
MON1B	-0.16285083592825356	6.255220862552058e-14
METTL25	-0.2999240706790638	5.2775166353810375e-08
EIF3K	0.14994465445462557	1.453494399368779e-14
EMC6	-0.1462085475326917	5.469266612404346e-06
TUBA4A	0.2398809935612119	2.872811171993977e-10
VIL1	0.4641532077568048	0.0021660299569259784
AAMP	0.268393809842076	1.5673582183505812e-16
PNKD	0.006148122958417965	0.8845394203258048
TNFRSF19	-0.07193474705330909	0.5334145169223647
HSPB1	0.05579729822046515	0.2301245031974697
GNG11	-1.8396472295106086	5.608899504181872e-73
PTPN12	0.027828271757004773	0.2574296228689859
FGL2	-0.5089342950841385	3.939667441902768e-21
PEX1	0.30632017679838364	2.5452543185691166e-19
MTERF1	0.0039095737869973	0.9696954489564349
TUBGCP6	-0.11333155817559411	1.3815814959285687e-06
DGCR6L	-0.11107985648919512	0.30663669623158646
NCF4	-0.15484348419826732	0.0002527100262403688
CYTH4	-0.043026492300043614	0.21333474256199778
GCAT	-0.027513806204309987	0.758364048265169
SGSM3	0.2776995174421557	2.307272626697662e-07
SDF2L1	0.5047299643253779	7.530310780285072e-30
YWHAH	0.03472944692644432	0.1878304280192737
A4GALT	-0.281197064283236	0.211839616431463
CDC42EP1	-0.3874496334631974	3.52929647194952e-24
TST	0.1766697118799666	0.0002100906211489726
CCDC117	0.28881211423966013	1.1563595949147586e-15
APOL2	0.17199768732031767	0.001045185051111395
RAC2	0.04512720415665342	0.2945546948863934
LIF	-0.21402376951654342	0.06973741854913394
APOBEC3A	-0.4633260113077653	2.1292291569898507e-05
PMPCB	0.44005750808316507	3.0856860552338386e-24
ATP6V1F	-0.018740089835923353	0.5489757037976243
LSM8	0.15180658163526478	4.5810529832832354e-12
VGF	0.43376845424747	0.13915571470978633
STRIP2	-0.0010029761063811427	0.990699155362064
DNAJB9	-0.10371254285807655	0.1390404174781446
CALU	0.8128724139914218	1.6107053598769887e-59
SMO	0.4462730338627634	0.011834710901968427
IRF5	-0.25503284098266643	1.6649617242180613e-14
SIRT2	-0.1861712055578619	2.755430001411803e-10
MTX2	0.05680684955730146	0.008926671817583828
ARHGAP22	-0.10607767168250799	0.1861276976336941
PIAS1	-0.1349831598715156	0.00018536086998102388
SNAP23	-0.07232766363715609	0.011262674348454071
TMOD2	-0.958659261284907	2.9066965649475206e-80
ALDH1A2	-1.020659482102189	6.125133387584478e-35
KNSTRN	0.2769879459728495	0.02113933280300955
SERF2	0.6372264643839154	1.5996766607465707e-29
CLN6	0.04454060997157733	0.5509250436154974
VPS13C	-0.0567999121279982	0.02099776061370524
ISLR	0.22684205436368104	5.875736099641435e-05
AMOTL2	-0.3261356654536631	5.0009577808189436e-17
MBD4	0.3343799002143004	1.5799027254262393e-16
COPB1	0.43827990902192004	6.846417175846436e-68
CD68	-0.45383592203396406	4.834928781749339e-15
TXNDC17	0.7129060676459715	1.6336250246253377e-32
ATP1B2	-1.056922623312591	3.726008445541962e-16
FXR2	0.005875801944612992	0.8258006162731394
QTRT1	0.2063279272321883	1.672753726926623e-14
AP1M2	0.5249460181516373	6.612525633541539e-22
ERI1	0.3144450890134954	2.741457496443953e-18
CLEC11A	0.29559157713887996	2.2202499925369863e-06
KLK12	-0.022240902929247436	0.8851862992393607
SIGLEC9	-0.424074066902029	3.2344219307962727e-16
NFATC4	0.04529651448932881	0.1903104138556558
CMA1	-0.8793294074466128	4.072246357438602e-22
DHRS2	-0.1138683287882244	0.4970097660005708
PARP2	0.1876172118066849	1.463990896555093e-05
FOXA1	0.0858209628301018	0.24004558864672082
EAPP	0.17992900408461301	4.1829254728508646e-07
DAD1	0.017127378354416852	0.601938640476144
RAP1B	-0.4219920298822516	1.6468668857589989e-34
ADGRE1	-0.6113036815550347	0.00044088012303413295
ARHGEF6	-0.3665588944740399	8.415003934167247e-23
RPS4Y1	-0.007860997647791274	0.94894741855501
MAPK8IP3	0.0006858177236162464	0.9917646590370972
MKNK2	-0.36896969481928504	3.0296706726951537e-07
KLF16	0.829393637239696	1.1702668390172045e-27
ABHD17A	-0.25485279129291494	1.2968324266364493e-14
ZC3H14	0.4864048078779223	9.400125526187891e-52
LMAN1	0.4055419020015474	1.7529365599766587e-21
NUP37	0.2532123348363816	3.422252161527506e-29
DMXL2	-0.13927210743882962	7.008668518987705e-07
ANGEL1	-0.17395243287141862	0.0007605812409320883
ZFYVE26	-0.16031104734268542	1.6691726762514425e-08
VPS35L	-0.08653765888908817	5.722563751338317e-05
CORO7	0.050258612801056535	0.3290227161668559
CLSPN	0.06540614504076452	0.6005455448043902
DHX40	-0.024927501582491785	0.3757737105171021
DTWD1	-0.04267873637295029	0.3061709850462848
MEGF8	-0.07608002042303384	0.12485570679896374
IGSF21	0.7805323862983437	3.971108572270467e-22
KHNYN	0.07215313730807396	0.004207049266754612
CERS4	-0.1431469574442041	0.13569874809735363
LILRA2	-0.5842416167516303	3.022724274013029e-05
TUBG2	-0.35896826902030066	1.9689646253580785e-15
TUBG1	-0.09167988385248295	3.4930038866805146e-05
RPS16	0.6941407110273963	9.30959339325546e-64
SULT1C2	0.3733908227048881	0.0003167260330705162
NCAPG	0.49146684860426293	6.991376819133841e-14
RABGAP1L	-0.0055073238440327965	0.8048354134978306
ALOX12	-0.6195817707059967	7.139670046009035e-05
FBXO44	0.21932164292346032	0.17421571014404733
FBXO44	-0.1422684390725976	0.0007554990697277111
UGT2A3	-0.014412992072195319	0.969205548769052
ADAMTS2	0.9505104699344709	1.466675633810015e-30
CIAO3	0.2802732609552987	1.2645257283062754e-21
TRNT1	0.19038516854342719	1.3746516280353543e-09
PDGFRL	0.2532162958292784	1.9904679818697563e-05
DHX29	0.3068972502016829	1.411847176538216e-22
DHX58	-0.1225653036781566	0.0016743753129450198
KRT12	0.5648007984236625	0.00283118306776884
PCCB	-0.024246893428121717	0.6176925268634683
ARFGEF3	0.11604815133935638	0.026756887329411082
USP40	-0.03967844431914702	0.1573596375856857
SNX4	-0.061159572616295454	0.0376936504933012
SPAG1	0.25840085398507195	2.3090093619051794e-06
RRM2B	0.08828769468844788	0.11816759550679595
RAF1	-0.030831974316739764	0.1598685016754064
MED17	0.1746533815688267	4.898054700023324e-06
SCML2	-0.018027279664186227	0.8800153401027903
TSG101	0.2324348045650539	6.244973405837075e-29
CARD10	0.2509283942275823	2.386038892419548e-06
KIAA0930	0.08458063364202857	0.012923613707273166
DHX35	0.050438662736331866	0.0688907413447366
TRPC4AP	0.03771801328052179	0.4462577125922492
TYMP	0.2594650981453758	1.1515206495761641e-08
C20orf194	-0.7080113587313058	7.374465741448151e-33
ELN	-0.796039738175305	6.681303921522793e-19
TMCO6	-0.08968393348102055	0.056190128664842305
NDUFA2	0.12720322053834998	0.0004227721789369635
UBE4A	0.08701925117446127	0.0003018228200965141
POLDIP3	0.19514015821576264	1.5764407822704884e-11
POLDIP3	-0.20707299563561976	0.23242601683380973
TRMT2A	0.19847310879659857	5.588534107602237e-14
ESS2	0.04702229629903348	0.028289882910540073
ZKSCAN3	-0.12169224265371814	0.7851681776327755
KRT5	-0.9226858812105087	2.5670306757864204e-10
KRT6B	0.573263138420171	0.3819600874280907
GAMT	0.08811909236676829	0.04660385002368452
PSMG3	0.11105073945218666	0.0005607002881740638
STARD8	-1.050025278687725	1.0366447471527269e-11
ELOF1	0.7252720624415472	1.0150827844976308e-22
ANGPTL8	-0.44586259528076805	0.001679205360302511
CNN1	-1.2732538103327595	9.326319224782916e-51
NECTIN2	-0.111858642111221	0.00038394616629322184
NECTIN2	-0.3053965491146761	1.5727354018405597e-09
APOE	-0.47629004835895306	1.7542490245899667e-14
TOMM40	0.18343994722026588	2.391202656756108e-07
XPO7	-0.02796885663904184	0.2564900243315126
ACE2	-0.07818848890377139	0.5640512910871446
FAM98C	-0.21999717932100143	3.83817986906251e-09
SAFB2	0.4307457864492219	1.4623448380818652e-50
RPL36	0.22939159300657463	3.760456723073746e-07
PLVAP	-0.7929509944197062	3.0740823610037214e-30
BST2	-0.7335129863731826	6.953524524612886e-23
SLC27A1	-0.2532189240913112	1.8232944458799237e-11
USHBP1	-1.276511620501589	9.658350563107682e-40
COLGALT1	0.17775158174767688	6.538199983152351e-06
MRPL34	0.4653280483577209	1.8521916800599444e-17
PGLS	-0.1927443967807234	2.0668172297064263e-14
LSM7	-0.07405655190734156	0.006508045078741829
RSPH3	-1.2014575149339257	7.596358193362577e-19
MLLT1	0.11821460625939163	5.19281123549006e-05
AFDN	-0.3393218000175229	4.5889872833868836e-21
ACTN4	-0.33337894092588793	1.0915139309217482e-23
NDUFA10	0.1838037819024698	3.1477406987471543e-09
ZNF655	0.19446718489402107	3.4507750800551726e-06
CACNG6	0.44827772431198915	1.6685825735381684e-18
FCHO1	-0.07436502975144946	0.10252674900684107
SCO2	0.29511484604835453	1.7383345802369129e-09
PXDN	-0.037516104429759875	0.5075813049154574
SSBP4	-0.022783529719533138	0.7116011584459762
GDF15	0.2690144409196334	0.00018295515306123556
JUND	-0.14498361113373814	3.2749579646770043e-05
HRC	-0.7931775135346293	3.235297368184023e-17
TRPM4	-0.01318262503145511	0.7792599768586145
OLFM1	-0.8602829972512736	7.843419116208068e-42
NUMBL	-0.13425027364518904	0.0008931215896204869
TNNI2	-1.3709947303245862	5.281113829374715e-09
ATXN10	0.31957712036455366	1.123394292280121e-25
TUBGCP2	-0.10932190059444227	3.987476748131773e-09
HBZ	-1.9306263424226784	1.0917938320383124e-45
MNX1	0.6041034617727982	3.053170566217082e-07
ALKBH6	0.008290776931954765	0.9070746401356685
CEP85	0.16525743425505574	0.00013464173820667392
TAF4	0.10948246272730812	1.4503440578931275e-07
RBBP8NL	0.2002746944203849	0.003968161139074879
LAMA5	-0.7658880488818276	1.0146930571678954e-48
ADRM1	0.5252441656198773	1.6729480487752343e-58
ASS1	-0.037506467054635034	0.5310887319739676
UBE2M	0.09306984035320694	0.00010628383092396649
TRIM28	0.26093891800675245	7.418871811453565e-21
YIPF2	0.45161817793347275	1.5944631229986585e-22
EIF2S3	0.5917308069196175	5.64931921364244e-49
TMEM160	0.155559672963283	0.009677369499007545
ZC3H4	0.28663600801895106	1.5237082559957363e-37
MAP3K10	-0.37151638164624257	0.08312941513016106
SESN2	0.08874763363992143	0.1439448931844534
HIP1R	0.36081864029837296	1.8685768383663778e-19
MRPL4	0.053777672739195856	0.16246308199112922
EIF3G	0.3480629965769041	6.42010984163617e-47
ANGPTL6	-0.3401264667230374	0.0004166721103115133
SHFL	0.04669013397779728	0.06917599832464909
ZNF426	0.3739669312138644	1.9461341316218155e-06
ZNF331	-0.2309131116667475	0.00034916788236611404
C12orf65	0.49269928998793666	7.452619502612213e-14
GRWD1	0.13154709385766736	3.715722374880886e-07
NOL11	0.46709243663876454	4.0253871700940626e-36
UBE4B	0.17037310112468407	1.405921062935308e-12
RGN	-0.9895144922204775	1.229826748502266e-38
PPIL4	0.18207138842148718	8.19054556575283e-14
AKAP12	-1.1488492823342804	2.4165770911638767e-60
LATS1	-0.05184295122565168	0.07862088375398964
BPIFB1	-0.32345402029696724	0.03140141257835366
ACSS2	-0.23929525137068325	9.104683101085437e-09
GFAP	0.46160808095356987	0.012907635281190844
HIGD1B	-0.7534032949006364	0.005168880111773229
ATP6V1E1	-0.08801912499917584	0.0017678599286529697
COX4I1	0.4026496806678096	5.402578089374875e-18
EMC8	0.08879334590111294	0.00010785076216983166
GSE1	0.10965041702730055	0.0005376877239659675
GINS2	0.1092644227569178	0.23687022079334327
F12	-0.7341247760704958	4.044232290467282e-27
RLIM	0.3230550549513459	6.240321130809054e-10
ABCB7	0.3266317716931362	1.1483192442357675e-11
HAUS8	0.27160344219492816	3.837557451670507e-10
ADGRE3	-0.5401338661250302	5.941464459252191e-07
MRPS25	0.43515601460386377	8.387301963196514e-25
TBC1D5	-0.09469425379209795	3.0718221543626204e-05
CAPN7	-0.04301066800541996	0.019202280048424
RBSN	-0.3548060793640024	1.1808038137813887e-31
NAPSA	0.03438631099431075	0.712240241633518
NR1H2	-0.1684351659243268	0.010691608803723803
PDLIM4	0.5868113599016733	5.3753108327485327e-20
GFPT2	0.3735088940605049	3.8886487653623556e-08
RPL27	0.2957354023883657	1.6849299817650158e-12
ACLY	0.025728803638615627	0.39257632295492945
VPS25	-0.1941030309965916	4.238802563740204e-19
RAMP2	-1.472552252987545	1.474297623210309e-67
PCDHAC1	-0.2432351846375154	0.0085029927520965
NDFIP1	0.4345295470115338	2.0613894105788586e-08
UBE2D2	0.005855576769729254	0.9569065358884987
ATP6V0A4	0.08579310199940395	0.3366210886515847
EXOC4	-0.012720367716138346	0.4392264185590319
PPFIA1	0.1308688197562477	5.978623504390965e-08
FLYWCH1	0.23977636534369612	0.004491054264581619
BARX1	-0.15960103841338302	0.2969766034935944
WDR44	0.006745691483725703	0.7465823853962145
CKMT2	-0.5506335523293296	1.0168673473545583e-15
ZCCHC9	0.8468339429873897	1.0673563753005122e-47
KRT15	0.06153500143098356	0.6422787257251541
TNS4	0.4065866588571259	0.010668953610010785
RARA	0.2975518615363987	5.264573897544659e-10
PPP1R1B	0.33858133953468034	7.838125730270251e-05
FMO5	-0.11538238540154076	0.18992689235779808
PRKAB2	-0.2758627893374836	5.07572085599973e-17
FUS	0.3022819043275284	1.4677922665299384e-19
CHSY1	0.5554203483759862	1.5374918805819996e-16
SNRPA1	0.3967554739985856	8.723677400022401e-55
ADCY7	-0.2863911886970997	2.2955662458271414e-18
THAP1	-0.2286887416738563	0.12817157307530466
RHPN2	0.11554463241965654	0.06210565905850248
ACTR10	-0.24164291969721502	1.7234199206436448e-32
LGALS3	-0.09125491459193856	0.05169445904002212
DNAJB1	0.0816980724618957	0.0009445648912377448
RFX1	0.027496725169064276	0.17046736918349314
DCAF15	0.1926811373012788	0.004206099690292814
SDC1	0.39394826216300827	1.1788701968374036e-16
TRIM21	-0.10546881073300655	5.945426734452296e-05
SMARCC1	0.6753836764807153	5.865008130434511e-51
NUP210	0.3794550838288867	5.002874734104821e-16
HSD17B7	0.20203988604848458	4.4486653667937014e-08
EMILIN2	-0.13334543823012657	0.009449002301508323
ARFIP2	0.348895076467974	2.758075043163415e-22
RRP8	0.43843581088930816	2.901242099350035e-37
EFR3A	-0.0732657442873641	0.0073778490607285625
PTCD3	0.2162094804984464	8.654344298267437e-12
ILKAP	0.22167547215183397	7.15561978779066e-16
PER2	0.09589459119739543	0.24631542939778772
PTPRE	0.008392718720116057	0.7889724312118749
CARD6	-0.17584015383147353	4.835850309414715e-07
MYBBP1A	0.5130501350918086	4.755269603113444e-28
RPA1	0.22422586192330846	7.556230414696503e-17
SERPINF1	-0.2610308760902249	6.042510818615181e-06
EEFSEC	0.09070652768549661	4.393886142739157e-06
COQ3	-0.12860293796892056	0.0014978040562000422
LANCL2	-0.017451976642396477	0.6862791964200033
GRSF1	0.45003154471758866	6.265831005451375e-29
JCHAIN	-0.24472020502376757	0.014022190326719914
UTP3	0.6011235513869908	6.469719811969921e-43
WBP2	-0.3684019029029197	2.845883345881098e-22
TRIM47	-0.1274217186695089	4.79315914892582e-05
ZRANB2	0.3906670886124666	1.6663088367846318e-28
KDM6B	0.5892246443517917	0.021876166510496425
ASGR2	-0.7449954885389509	9.74534791130998e-14
CLEC10A	-0.1478729596724113	0.2790159823383744
RIDA	0.14499617993075128	0.0066519088647008645
MATN2	-0.4518530453986348	0.005389526182363715
PCBD2	-0.34513638464908636	1.1999583672843777e-14
ERAL1	0.3839206877815817	9.26688566444214e-14
NIP7	0.6797078130273465	3.8962453141344e-38
TERF2	0.15544134892194575	3.5673192455957974e-10
VPS4A	-0.11813761426153457	0.0004211444869405729
JAG1	-0.2518221928226335	0.0001741707157292006
HSPA12B	-1.787710246985742	2.2442639535560147e-99
SNAP25	-0.08382791021393249	0.8569350676964652
NXT1	-0.029907888128705637	0.5285700118157332
RIN2	-0.08112076493230871	0.0038241149198458705
APCS	-1.0320722195835903	8.568339871216319e-24
IGHMBP2	0.18156658843882054	5.955339678170272e-06
ACY3	0.31506171127079824	0.0018491886733314636
DPH2	-0.016524782151315788	0.6792057292827195
NASP	0.7335881669911106	8.884237440646431e-40
NASP	1.3861994323116928	9.249496019789848e-20
ZSWIM3	-0.3177912049902509	0.02977990326221541
SERINC3	0.2839499014094451	1.1671051676842809e-07
DMGDH	0.2701344193075762	0.08597736279050659
BHMT2	-0.10578610249060713	0.6523903582122154
AP3B1	0.19624090314943193	2.22707434732851e-20
ZBED3	-0.4477239481611339	6.513832896253595e-09
SLC14A2	0.2587912041327137	0.4898831635382627
XPO4	-0.14221279250965807	8.107828863533265e-12
MYH4	-0.614000079518425	0.0565993881331654
PEMT	-0.7296605380998655	7.768658857040983e-06
SCO1	0.040625116069031186	0.4029579105296599
CHI3L1	0.190550479294014	0.01965817191730477
MYBPH	0.13421054935623386	0.6086885435399122
RFXAP	0.28916277646586647	7.714432563556573e-10
MORC4	0.4403041173767874	0.016379547382768752
RNF128	-0.21492753757774952	0.05430562818249594
BTBD2	0.23779927536378173	3.1043466690252154e-10
KMT5C	-1.1571661321565756	3.5485841114903866e-12
HSPBP1	-0.036894603012034684	0.15250783010175079
CSNK1G2	-0.1762991931088046	0.00451817036062743
RTTN	-0.23469514015719545	2.5287977834382486e-05
MACROD1	-0.19184569250829148	9.798584185774387e-06
PLAAT4	-0.5645739156676995	4.619940748285558e-06
FOPNL	-0.15584698694635543	0.0005728289037314991
MED10	0.005614389109783874	0.8562910952150812
CCDC134	0.3893930995988072	1.729445887152104e-28
SEC14L4	-1.2036766146219016	9.686340612326502e-43
PI4KA	-0.18567989027969095	4.036129811748829e-17
GIMAP4	-0.5464561492848362	1.9157462495533965e-24
MKRN1	0.1850642569660882	8.818085848585988e-10
ACTR3B	-0.2386221330142123	2.5917079294707626e-08
NTS	0.06481142663269136	0.7523953093237103
BTG1	-0.2766101683132245	2.4869771375204334e-05
ATP13A3	0.2473351406254839	0.07100001807804084
DYDC2	-0.9440697379198779	1.7001927258474352e-17
IPO8	-0.12308550264478613	7.24317994936767e-05
FABP4	-1.828399584382754	1.829971566444984e-68
CCDC59	0.06706026165857505	0.21101134503706911
LYVE1	-1.6790752368978243	5.120477776451441e-75
SBF2	-0.5667883281103604	2.089334437885723e-56
RRAS2	-0.5981653614066679	6.864315908232588e-31
SARAF	-0.009665451411340797	0.8443143854086663
ERG28	-0.14230852788730167	0.018241993613127
DGLUCY	-0.3041706715376176	9.127794489137545e-06
SYNJ2BP	0.1731227970658312	0.004827289382089721
TTC9	0.4020163795955082	2.2080754448133749e-13
MED6	0.37648977708112774	4.734413467065043e-37
EIF2S1	0.3811805604704669	1.641205869360192e-44
ELP3	0.23991534404293363	5.0865602388609877e-23
PEBP4	-1.266936763841132	3.628129790132932e-41
ADAMDEC1	0.27362624989063244	0.0018583798991675463
CTIF	-0.41691099833033923	9.674860354136239e-06
MBD2	0.1408960548696873	5.2205011778662943e-11
MRPS36	-0.10115847361864902	0.0020503091248867756
CCNB1	0.6582052173499303	3.7403945317688573e-11
CDK7	0.41346211399873	5.521219108332387e-46
CD180	0.01910511701021919	0.6631843343695424
IRAK2	0.3173626917159214	0.009113874733512448
CAMK1	-0.13966815022646198	0.00021796041721008653
VHL	0.06779510703909021	0.06074161135570335
BHLHE40	-0.01078337396021846	0.8465271479723738
ARL8B	-0.32615993895903306	5.317364629085263e-25
EDEM1	-0.06941868553835848	0.1414556926108601
CHL1	0.6864832483516622	0.13385269469959052
DPH6	-0.0949038367337578	0.010292302224109188
KATNBL1	-0.00010226302039773039	0.9985707793066639
EMC7	0.0430644342880595	0.08055437467520916
AMPD2	0.3172958938062935	3.1797955039206823e-31
REG4	0.03181829155228315	0.9242935499370614
GSTM5	-1.4794238569977212	8.921803054431793e-62
GSTM3	-0.8972000903563057	6.106306044923269e-33
SORT1	-0.22435393966521952	2.186130169421291e-05
LAMTOR5	-0.10575814879215976	0.0001683621327843328
NOTCH2	-0.09724990084994832	0.0005082990314035059
CD101	-0.46690857337766967	1.184668855426707e-14
AP4B1	-0.09647010219491581	0.00035595548931400406
ARF3	0.38465020501891695	2.702539201677683e-06
TMEM106C	0.289265537290025	0.35838008007896416
SLC38A2	0.2427328764967278	0.00017236703922030678
CMPK2	-0.3887671080733185	6.679000824758804e-18
SAA2	-0.7600602485635648	4.208688821712882e-05
FST	0.19683069551321802	0.15885831125201652
CFHR5	-0.3560822862784304	1.9883104231992373e-06
ERN2	0.10121760059467746	0.44604767563605857
NARS1	0.18018016601984344	1.881091344601874e-10
CCNH	0.28128457603799595	1.7797704964252937e-25
CABLES1	-0.35761728917570246	1.551448204900464e-09
RERG	-1.0794266946400313	2.1544808745071718e-58
DDB2	-0.06870161990656803	0.05268760376603514
ACP2	0.17218281464961321	3.158661197823909e-06
FOLH1	-0.4634893773108918	4.242496148098267e-12
RTL8C	-0.22714361371809158	6.609800515653556e-05
RAB33A	-0.5359344313905761	0.00036153455953594085
PHC2	0.2604613238903468	2.586343630727924e-20
TUT4	0.06127008123716197	0.0036260085677262913
PRPF38A	0.12666678988223198	4.1440240277150563e-10
DSG3	-0.8012062301388174	0.00010798983157334672
DSC1	-0.3738428347046162	0.0018120381259831228
FHOD3	0.6535441841533869	0.00012469766101074967
TIMM10	0.3384785474307913	1.6517313232638661e-21
AHNAK	-0.8145078596654076	4.078319361573268e-37
TCN1	-0.249130686057986	0.024767332487629697
CEP135	-0.5730819300199578	3.419976246802448e-41
PDGFRA	-0.2270844017488219	0.000108455572368275
CARS2	0.04916880911463756	0.31666088006300724
ADAMTS8	-0.9805036372630809	4.219161223885987e-21
APC	-0.2883879992772691	6.237396079826336e-19
UBQLN1	-0.2540750737449537	9.162811465961245e-09
ANXA1	-0.35712861347464653	3.4533255574062625e-09
USP30	0.2895352656124789	6.1302265336103e-10
SDS	0.4384913638988831	4.396148982777882e-07
MSI1	-0.0025862570674758667	0.980182077356282
HNF1A	0.165506326551054	0.6009435825652755
TBX3	-0.8876339254069865	1.367839776339078e-35
OASL	-0.2998903769740216	4.818663164652154e-09
TRAFD1	0.38593589183565913	4.340666514447538e-22
GSAP	-0.36666780317805636	6.4009650767431805e-12
PNPLA8	-0.020654768758619265	0.4205621829980662
HILPDA	0.8529997566894209	0.07816768542514765
RINT1	0.14128189210713354	3.267134786240557e-09
MDFIC	-0.2903095325230163	1.3501308101053806e-06
KMT2E	0.0014939514398314693	0.965551107535052
BACH2	-0.2498962875685725	0.00971791252132328
CEP162	-0.2889908126362716	1.4976926196530212e-05
NT5E	-0.27977030082024407	7.19400994679275e-05
ORC3	-0.0817681645322503	0.23417908208361865
LMO2	-0.5073501319150899	2.4433828279848275e-17
NAT10	0.5282139707742032	5.889228154631392e-45
EHF	0.40725319243587965	4.42403645056397e-10
PRRG4	-0.10197357265738198	0.4782957836493775
CD63	0.4236175869167719	2.597942567898388e-09
PRPH	-0.9553375669853397	2.332595184478502e-27
AVIL	-0.4859585641216789	4.096431282268791e-06
GDF11	-0.7374038795139626	0.0001199165887734024
AGAP2	-0.267688838253921	2.6614372167438e-15
CDK4	0.1488650809030381	0.0005371844740636241
PPP1R1A	-0.4313549404287546	0.00035335445501208867
TSPAN31	0.4161167125223122	6.799709474349356e-09
TFCP2	0.1009705715653232	6.620311710914414e-05
ESPL1	1.3273340947587977	4.461796605054168e-06
ZC3H10	0.180975092796792	0.00876641246098299
ACVR1B	0.23055881465414305	0.017848614445992568
OS9	0.5760641981057648	8.400865321335562e-23
PKIB	0.8593189244879417	1.569413069581194e-13
SMPD2	-0.08231695299824951	0.06286911444254059
HTRA2	-0.09199778479975862	0.002633837709841866
PRADC1	0.2082030198237932	0.01016266736738323
CCT7	0.15662475783673394	5.424991939367062e-13
RAB11FIP5	-0.30707703110726103	7.314960034597375e-05
MRPL53	0.6617334877397614	5.6623617971898315e-42
GNS	0.13695953011186707	0.001039924448498319
MDM2	0.37415617840993176	0.004217801003673768
MPHOSPH6	0.2744549260668001	2.3667636334005135e-20
TMEM231	-0.9861718365070888	8.770288914949912e-23
KIAA0513	-0.0250424137054331	0.5265302721204199
NDRG4	-1.3706090783411777	4.911963458722351e-70
DYNC1LI2	0.009110652899996324	0.7183028936220959
FBXL8	-0.42080185846561713	1.31844907759541e-24
FHOD1	-0.46559053929637584	1.0146450363064516e-34
CCDC102A	-0.5496133198054256	8.226924589748296e-50
URB2	0.31919205497238934	8.944048511935795e-25
TAF5L	0.09251438881383611	1.7214009567332574e-05
STX6	0.052716278466481165	0.09386155106580485
NPL	-0.06985242188410404	0.3939276827607543
LAMC1	-0.6202277337092055	7.873857050083188e-33
RC3H1	-0.04539003341440845	0.10080988956702637
PNKD	0.06392470938274514	0.05538773351480191
SP110	0.17627270314841914	2.419815980653692e-06
MRPL44	0.5670360902938509	3.027965293924534e-35
DOCK10	0.10730688666768351	0.004651127005550137
USP37	1.1758194232845551	0.000753488001900304
SLC19A3	-2.1470226796623795	8.851987519688461e-18
TMBIM1	-0.15538463695787755	0.0010845824758718508
CYP27A1	-0.753830409614634	1.294637319428142e-26
EIF4E2	0.22523037640217242	1.405438817450344e-23
CAB39	0.09433379926108523	0.00036885001502517945
COX5B	0.3411905712689042	2.717870435633633e-16
REV1	-0.4180174523891204	0.007700008619584121
MFSD9	-0.1739991125777351	0.13720543789811387
TMEM127	-0.15225457081976734	0.08929063890524618
TGFBRAP1	-0.03587823771096846	0.02465552153345255
MRPS9	0.5239072822299127	5.206887235130147e-36
C2orf49	0.04426255737952222	0.33480884886236284
EPC2	0.03181649516247626	0.3335521678467927
ALDH1L2	0.34365772405357964	2.0403185257961748e-09
PLXNC1	-0.22648950167040244	6.503323644093846e-10
APPL2	-0.11129565811391573	3.0201183683305303e-06
DRAM1	-0.4741509828571182	1.1677233764963568e-06
SLC41A2	-0.469587587679517	0.2565117414465942
CKAP2	0.8484693973322561	1.824425272651492e-17
THSD1	-0.6336688139003255	8.100074906522705e-07
RCBTB1	-0.43281284190334013	5.5243556168037174e-08
MED4	0.18257137376455745	1.45408292672741e-14
COG3	0.4984689285516186	2.0263547033908305e-45
NUDT15	-0.018777599757934735	0.7176101975665614
CAMK2B	-0.4011182741782026	8.980075088988503e-06
CHST12	-0.1377034836040522	0.011776616063621816
IGF2BP3	0.9697491023970037	4.3568576657102037e-08
GPNMB	-0.3491025546616251	5.624998166273988e-06
NUP42	0.2855328612300212	2.4335476072465143e-19
IL6	-0.5505749041071071	2.034392561408974e-05
BZW2	1.0670810546284613	8.716683646723953e-63
DDX56	0.43294103632124276	9.022750580250176e-33
HUS1	0.4453477411108695	1.2066360704974523e-32
CCM2	0.20390708457956785	4.808753241693803e-10
MYO1G	0.06019238788693259	0.234551887653941
TTYH3	0.9109859532858717	6.519439904418288e-40
TTC5	-0.13758954474214077	4.6046777418269327e-07
MTHFS	0.3048068215992147	0.00011428103460467764
ABHD17C	-0.28008159716989073	3.834769524640741e-06
IREB2	0.19123038489114896	8.225781987851687e-09
ALPK3	0.15548371700687752	0.08678664073140811
CALCOCO2	0.008238794679400377	0.7911121406205053
RSAD1	0.06884332542628775	0.33765141072034577
NMT1	0.34972767939380967	1.591524302539146e-39
SRSF1	0.38308261615059863	4.387030892425573e-11
CHAD	-0.291913910721977	0.024011956684195455
TACO1	0.4210765648938315	3.7885746717053496e-25
LIMD2	0.4393466658331633	2.699307622263546e-16
BRIP1	-0.015560566911350332	0.9458036699915362
KAT7	0.1526698487828664	1.1583151567329604e-09
RTP4	-0.34388302392524633	0.0029314267133805525
NDUFB5	0.4263486690709384	2.5669415199543114e-22
MRPL47	0.7396296999065193	4.104759585627047e-40
MARCHF7	0.45833125601500424	6.170527187371256e-11
GALNT5	-0.22619547653248384	3.446564127213154e-05
TANK	0.18832422798831483	1.340276514543675e-13
SKIL	-0.4821003757391491	0.005609015007676166
KCTD3	0.0016123144575772921	0.9726328808991872
CBWD2	0.33069152965877746	8.953844873156122e-13
CCDC115	-0.1397533200399654	0.0004247784810015152
IMP4	0.30445389344619633	6.095197296426043e-21
HS6ST1	-0.22856453834438376	0.00038529597630650495
UGGT1	0.35113686523536536	3.7240860278636173e-32
GYPC	-0.9527048217792594	5.467806200752407e-38
LRRC8A	-0.2657931718031589	7.025665399134062e-17
TOR1B	-0.07357279983220048	0.031157251476497803
RALGPS1	-0.19721243424013818	0.01391603735334953
TMOD1	-1.635600629906434	1.4511381360511378e-70
ORM1	-0.8816281165444722	1.4099770066676649e-30
STX17	0.1212022706885186	3.920547672061047e-05
RGS3	-0.003945969622232571	0.906994563763878
BAAT	0.058245720869192386	0.8689815296631475
PSMB7	0.006779273888493108	0.8263376506025638
PDCL	-0.18756423047551313	9.432223355917294e-11
RPL35	0.08224712584248207	0.19100884296496173
CTSV	0.021125744899063797	0.9133406983535204
ARPC5L	0.3009664964689784	8.580257455981993e-23
DERL1	0.2683345782682581	2.635170802622026e-09
CCN3	-0.25384103106115075	0.005481431713819416
RANBP6	0.052906861162074104	0.10091789800411433
CCL21	-0.386606827976692	2.2798527128218076e-07
DCTN3	-0.325821700204064	1.1540903669975117e-32
CD72	0.2582013665721189	0.012376276035021365
HINT2	-0.027987040050908303	0.4584879509284212
KIF13A	-0.30509381795664214	3.055080531883369e-21
GMPR	-1.065092610858105	3.257487643907121e-49
TMEM63B	-0.1221661065307188	0.008950560227920259
TJAP1	0.18374606336409924	1.3696449200203922e-14
RIPK1	0.14930251413690437	3.0902959011666255e-12
TUBB2B	0.4994451840044927	0.01573873358260002
C6orf15	-0.06208564321937489	0.8305898131674296
MRPS18B	0.4377330195071165	9.636655672321091e-29
GTF2H4	-0.06224659601534622	0.006093207483529153
NRM	-0.3340379834285059	1.819332135122433e-17
FAM8A1	0.3712432239702238	5.2895263147703804e-15
FHDC1	-0.05989319913427818	0.3211296015185373
TLR2	0.11881496963259454	0.00858074793138717
THAP12	-0.06354501246122668	0.0063853708093598764
ANKRD42	-1.0422483144321695	2.9403063117647535e-07
IL18BP	0.04717595302468615	0.6581530575626582
RAB30	0.17154633297413546	6.564178351325771e-05
LRRC32	-0.8187357197420315	4.052810624839707e-52
MRPL15	0.6539575098296184	4.461022604943327e-41
PI15	0.016755495011074727	0.814281293257111
GGH	0.34919155140165825	4.313575691458523e-06
SULF1	1.1370915227397145	3.2405549660931067e-32
TGS1	-0.013963971216501163	0.6564665878820363
SDCBP	-0.19347348064246903	8.717672201944967e-12
DDX60L	0.07978138657037095	0.11882067076256703
SORL1	0.34961145916154884	1.4417351849042586e-09
BUD13	0.27107990668512866	1.9158314272664777e-21
MMP7	0.789094384272301	2.173488391341567e-11
DCUN1D5	0.36754503849569053	2.5670443192994882e-20
FDX1	-0.11789769610433362	0.03674204298557037
ARHGAP20	-0.4418701754422063	0.14321481592931862
MMP13	0.15171559920443542	0.31947029833260215
SQOR	-0.08565185428523475	0.07780059290944402
CTDSPL2	0.048810129711650795	0.12244959475112155
THBS1	0.8892096074615616	4.888610210570762e-16
NDUFAF1	0.18470189044334123	5.644534824565197e-07
KIF23	0.6857493487796364	1.1723836351525474e-14
HAUS2	0.00352034263195836	0.9371604247020408
LRRC49	-0.37589921723150693	0.08273929906493754
TUBGCP4	-0.2537698001208105	6.111397980177019e-29
RMDN3	-0.2844658970224836	2.3316353052208733e-12
ITPKA	0.025531892663058713	0.7723722179963387
PLCB2	-0.15440375104086312	7.62282439957924e-05
TMEM62	0.29751923900395005	3.7136119125844907e-09
PAK6	0.2677200526018062	1.2256866849428038e-05
RSL24D1	0.1542534601737422	0.0015640643344710424
GCHFR	-0.5699885333798549	1.8652125037288753e-22
MNS1	-0.5768336250911272	2.547995110326119e-10
BCAR3	-0.3070713743967094	7.81094753032124e-11
FNBP1L	0.20850266671837583	4.35503837660189e-09
KYAT3	-0.1561644085448832	0.006642651306018359
ARHGAP29	-0.6249705807915948	2.4251868660641793e-36
IFT172	-0.42416409005620137	1.7346092170436427e-23
SELENOI	0.2828351933848256	3.3935974508025623e-07
CGREF1	0.5348182051730062	3.0585469033151144e-05
KHK	-0.2838423997259516	4.488890670152569e-08
ADCY3	-0.2650226026542647	0.001501351506805978
DYNC2LI1	-0.22763420396629563	2.027833835688309e-07
PREB	0.16796789419987423	2.2568350010269586e-08
PREPL	0.09124686442544075	0.0006182266740429371
CENPO	-0.08836620773836684	0.7044690964646827
LRPPRC	0.6853481760198751	2.6620809950047936e-33
LOXL4	-0.281149694256124	4.3885521770858267e-07
CALHM2	-0.6767110491678414	7.739911906149161e-23
ARL3	0.11459355752526268	1.8138167935763153e-05
KIF20B	0.4355970014892712	0.0008893410870144665
EXOC6	-0.011503410919731848	0.6094210847346555
DBR1	0.08900301276328024	4.279888968913143e-05
TOPBP1	0.2668052275088326	2.3272621732250545e-12
DNAJC13	-0.012605626544925648	0.4751661285032759
BARD1	0.302074927472721	0.014390880559281154
ASNSD1	-0.5595338990641316	1.4005337818942384e-09
METTL5	0.1072810458720795	0.0028327486114486104
SSB	0.3514198464283271	6.098378533692491e-32
PPIG	0.3736581609629033	4.424662145151567e-43
HECW2	-0.35569935455820484	1.2844877976618412e-13
IDH1	0.32804184643457174	5.345625014712392e-16
WDR12	0.6244138514717043	1.1851945523401789e-53
ABI2	-0.6868899580680906	1.9988864884623687e-48
ITGAV	0.3693195712510999	2.234785183853987e-15
SLC40A1	-0.3731054138053197	3.056871679639315e-05
COL8A1	0.4462906857507303	2.0713718235409662e-08
SLC49A4	-0.006878054280114145	0.941090937127747
COX17	0.7145399723454682	3.542583730188493e-30
WBP11	0.29843248038269876	1.0178884521519858e-34
ATF7IP	0.2909104440659137	4.5796741158237956e-29
LMO3	-0.08548142029568156	0.4137150574864064
EPYC	-0.48904983493668985	0.009183594786014672
ATP2B1	-0.0007074852508038424	0.9872948956475947
TSPAN11	-0.029440897517744494	0.8049424302572047
NAP1L1	0.37983394948140325	1.8004571714606169e-22
OSBPL8	0.21174895092534923	6.981600317603468e-11
SLC16A7	0.6863527167328719	8.655216272977696e-11
INTS13	0.296665787705066	1.142738079876281e-33
ABCC9	-0.45040408930418085	1.9995577350851585e-07
SYT1	0.24984758088687048	0.4641835342849431
ACSS3	-0.7396433981986734	8.140437049982642e-30
PPP1R12A	-0.27288095723742833	6.275480128942522e-21
CDK17	-0.3683828861124875	4.195221798551861e-30
TMCC3	-0.2712960267743606	2.168625543789849e-07
IRAK3	-0.3384375129705475	3.286840424368708e-12
RXYLT1	0.5068988419396606	2.06584544938297e-05
KIAA0586	0.15524556685251967	0.021711774254291456
MNAT1	0.2867347102183404	4.376227077613558e-31
TRMT5	0.5001912532323415	3.6319786712169457e-32
C12orf4	-0.21827256163527464	1.346802921606504e-19
CCND2	-1.0227807637332744	1.0968102161579319e-06
RAB21	0.08508099479988374	0.018006618929457575
LIPG	-0.11883136109317657	0.2660140889716594
TGDS	0.007220805035807765	0.943274015691395
FOXN3	-0.11942350683765612	0.02116721847401828
PSMC1	0.23954427869495418	1.000437884789097e-34
GALC	0.06264393845837138	0.25871481265899066
PPWD1	0.16458472943454275	9.369200084569546e-16
PEBP1	-0.4616290571384643	4.528772163063579e-28
C12orf49	-0.059784505430281604	0.808223229308468
MOCOS	0.47361399914747127	1.457244033405037e-06
ZNF24	0.08690299061663204	0.008729327598682165
PZP	-0.9451783103258159	2.5188266575707966e-21
LRP6	0.23565460227904203	0.011367246007211116
YPEL5	-0.028843996099373402	0.22269976012183898
LMNB1	0.348194207847597	1.2048504368781669e-32
SNCAIP	0.033278434365029516	0.7582115604812374
SNX24	-0.20374067495437856	3.059455614391434e-08
XYLT1	-0.5247740785285145	1.0689458374824932e-13
GDE1	-0.14567632867739952	0.0008538768152989037
NUP133	0.12141625110652446	2.719188747494033e-14
CORO1C	-0.34686202612273903	1.0325104837552865e-20
NUAK1	0.08426465425512632	0.7444321164102609
VWF	-1.2897984246100138	3.857763868900395e-71
LPCAT3	-0.4468577663111834	2.238727684399112e-15
MRPS27	0.4966376487735227	1.1653978051821685e-31
HEXB	0.19737538843892607	0.0003561461658781837
RFC1	0.2880910635157835	1.0107969766593224e-16
KLHL5	-0.10078741329221147	0.005181310534542858
UBE2K	0.2811125604872188	1.3855898201991048e-20
N4BP2	-0.042937244159525434	0.15399134913269133
KLF3	0.12480876725286269	0.0013598858457358428
TBC1D1	-0.3059486291920655	8.034319860053357e-21
RSBN1	0.05557468759454358	0.013026839610115094
CSDE1	0.31439122058644653	1.3946535803372895e-08
CASQ2	-1.2131759445445844	2.9255196415371064e-15
PROX1	-0.02870218097502175	0.8539435753067763
PPP2R5A	-0.4697486735382902	2.4981406087864756e-25
TRAF5	0.27120205688965693	2.0231665033235597e-10
PPP2R3C	0.10394293761115073	0.04425345818370426
PSMA6	0.15297433195986507	1.0199829400895096e-16
MAN2A1	0.23346074310420029	1.7844138066316676e-08
EPB41L4A	-0.5645849081616505	2.622489620221663e-10
TSC22D1	-0.2547483547753746	2.474744007331369e-06
DGKH	-0.4841001478313557	5.177773401884722e-39
EPN2	-0.4460733472136972	1.3452431463878375e-32
USP22	0.47008380899154956	2.499303690223982e-17
B9D1	-0.6245132769267455	7.028757889926309e-19
MSMO1	0.07350238280266419	0.20859522921919452
CLCN3	0.41443125717860296	8.890315266669873e-08
ICE2	0.13640430776973836	2.6577076269647502e-05
RORA	-0.042436369675232295	0.6389754880885241
GPATCH2L	0.14812488884904068	0.05785584805280114
SNW1	0.31367276919822523	3.9765156461456125e-40
POMT2	0.17056546050121368	0.009822052339437426
MIB1	0.1120559138998331	8.799183959504549e-11
TMEM260	-0.20100543155843922	0.01885654434723674
AP5M1	-0.19836244379082307	8.773793599183204e-12
PALB2	0.98148030618208	9.944863433605621e-12
KIAA0556	0.038299585532669676	0.2793277700600513
DSG2	0.5371414993731128	5.2097199262885606e-21
RNF138	-0.07922683830721644	0.140157287903321
LPIN2	0.18402000585171455	0.0004884550060111479
NDC80	0.6922262225766213	2.692705239770737e-11
THOC1	0.4031899860037871	3.264813847778185e-42
USP14	-0.016342827842200675	0.5323108144916315
MYOM1	0.05154941545560385	0.7917712488337649
HERC2	0.12525819136059657	2.203927261313311e-11
DPEP1	0.015388358197565177	0.8944513370504082
SLC7A5	1.018904692358376	3.295679491717117e-25
CYBA	-0.013693474857145886	0.7890674127825983
IFT88	-0.3432691661536498	1.3619841294328808e-18
ARL1	0.3566930232559753	2.9950966959643505e-38
UTP20	0.29958587760558	1.1574134025844055e-15
COX10	-0.25199477318024727	0.03457922960317756
SREBF1	0.1946585887025352	0.003537091291078582
TTC19	-0.14133245958795043	1.7041063325100417e-05
STX2	-0.8268197746032118	1.735802908069879e-59
ADGRD1	-0.46028144795005366	0.010583010523936658
BFAR	0.8588378170545328	3.592975634081263e-12
KPNA3	-0.02042358423949517	0.36251053175413966
CAB39L	-1.0629497830433465	4.5413253788635e-49
SFSWAP	0.13377845545182523	3.165288185450066e-08
MPP5	-0.6996967891562977	7.833994550486433e-58
CDK2AP1	0.21658045416743876	1.090804781806617e-08
SCARB1	-0.43743156929679017	5.021961319592996e-15
RTRAF	0.3372785864090137	2.7365706512316907e-43
SLC6A4	-1.7309213108373265	2.709219243331761e-49
UTP6	0.5123015995505695	5.3964693156697205e-42
PSMD11	0.3078071836385009	4.194932520382737e-53
BLMH	-0.19515932066195718	1.0525324710502525e-09
TAOK1	-0.09059489805139745	1.2929548587541705e-06
BTBD1	-0.12520408181195566	0.02687413443565766
CUX2	0.22598544438103754	0.5350455927432602
ALDH2	-0.47344011711147027	4.4357995324868907e-08
ERP29	0.25961359558526387	1.2056594447025082e-13
ANKRD13A	-0.23463260135780367	4.574871391454831e-21
TRPV4	-0.18734155689402823	0.03863890994359255
RBM19	0.418565863848011	1.5449167233439332e-32
NAA25	0.39802755277530555	3.580206106047295e-27
ZFAND6	0.507582453730691	1.7687003019524215e-37
FAH	-0.27908350925915504	1.6561619956568966e-11
MESD	0.26185202673171265	1.581117810557143e-17
AARS1	0.5346047911461039	5.5765551922724224e-42
VAC14	0.08541571730887934	0.0018574950558469814
TANGO6	-0.20232444129684	1.5048550082051408e-12
ARG2	0.5179965592080923	0.0028031846083146576
NDST1	-0.5802207634271855	2.2206258685971376e-20
CSNK1A1	0.13230728397358535	3.3654251306671785e-07
PDGFRB	-0.44687417582666406	2.5222839019917594e-30
FAT2	-0.10002463512369146	0.7414205555408236
CYSTM1	-0.20601711835870068	0.00042909762285762824
PFDN1	0.1241318260643986	6.506834536583009e-06
ANAPC5	0.007780882177328183	0.654298697349173
GNB5	-0.4386090399986099	3.832661038079914e-13
MYO5C	-0.28424739908314	1.9914597664078096e-08
AP4E1	-0.08652289948802884	0.0003688709122067739
SPPL2A	0.21086116357876816	2.6325633480767658e-06
GLCE	-0.08276363150460903	0.04879869661514444
SPG11	-0.1959721443205284	3.57852624180619e-14
EIF3J	0.41281237089296285	8.439073334295668e-40
HACD3	0.057832540648838054	0.21088436034443067
APH1B	-0.016316485758785686	0.9135925819172038
AAGAB	0.3137808485135955	5.977377006242171e-24
TIPIN	0.5561312700337746	1.5518312612849167e-16
CILP	0.8912058390262707	3.0608535913509257e-16
TRIP4	0.2195363164949187	1.0019164983300224e-24
RAB11A	-0.254421022365806	2.1809556448210745e-05
DAPK2	-0.716158359732062	1.0725283355652225e-41
LACTB	-0.1552863386308621	0.00033063923952295424
PRPF40B	-0.12615664849782968	0.0009738709767265012
CCNT1	0.4072081032388766	1.0904319132634185e-28
NEO1	-0.8027525066840568	8.352454371678857e-49
SEMA7A	-0.3319315631505315	1.3959923541664327e-11
LOXL1	0.04216637578637137	0.36899780887710537
FLT4	-0.41768094111869325	0.0016859178348391961
FAF2	0.4517569281574777	5.3418264448098175e-31
CDHR2	0.33792084033998293	0.35213201217158796
RNF130	-0.1216471364064431	0.01539811854715302
CNOT6	0.08096070228817795	0.124190103865869
TUBGCP3	-0.16750181890887894	1.4786101173880197e-16
RBM25	0.5458100155443185	1.5176969972554294e-65
LTBP2	-0.20031829003816115	0.0043921486109002265
SERPINA10	-0.7870143735004964	1.9345238192471203e-33
SPAG9	0.09148946771438246	0.007747120850363625
MARS1	0.41368469968010807	2.2711309475070834e-37
ATP5F1B	-0.09132569024622332	0.0013294838009408798
RBMS2	-0.20819975670287177	7.237138205517446e-11
IKZF4	0.2908059203745827	0.004468880992626149
PIK3C3	-0.11244755681090605	3.1279983343437592e-09
MEOX2	-0.7945633647908414	0.0003403698919570098
PHF3	0.23250590485031	1.6359401947183053e-18
ATF1	0.09544266582324706	0.03167937063178573
LETMD1	0.0058211317904037375	0.8893171548116033
EIF4B	0.46231732290615457	8.243226416112032e-36
CALCOCO1	-0.36395297916659564	1.262022933241289e-19
TSPAN13	0.22280826599833026	0.0001016193855843335
NUP153	0.31663152116322124	4.4015049091618584e-32
RAB27B	0.17389651083989593	0.041266207567813275
ZDHHC2	-0.20189357803588934	0.0004930577407829626
ASAH1	-0.8367993556956381	9.786397650030589e-22
MTUS1	0.38339352552164	5.5611930889021235e-11
EFCAB1	-1.0861760157151799	6.1250397867335154e-15
MCM4	0.885724510285742	2.3498517028498428e-27
ERICH1	0.15659521926722142	0.0013416752896310503
TWSG1	0.38035752594421823	1.949515755997438e-14
SEH1L	0.20449089205225263	5.672829502393149e-25
ANKRD12	-0.09292716107966056	0.0019193411959236098
CEP76	-0.2136952424278652	3.2169961770761456e-08
RBL2	0.0022867630342224346	0.9156674067437225
LPCAT2	-0.03986550552026568	0.3082661007216807
WIPI1	0.06218984691200551	0.023291782911800434
WDR59	-0.044397205565700315	0.03206210213814114
MTFR1	0.5309501538990046	8.132365565279979e-20
SMAD2	0.11261978069584895	0.0008726765574441043
RNMT	0.5898151681037934	9.437690520169713e-48
DNAJB6	-0.22971647105539283	1.0792662716975263e-11
RHEB	0.365379888921712	1.2445803091719791e-21
SMARCD3	-0.11570988089960896	0.0008922348976322753
KMT2C	0.17436853252826578	2.0660106065563264e-12
PSMB1	0.1302348333534374	9.666963535109098e-14
ADNP2	0.26008966494350494	6.968413459924668e-09
CRISPLD1	-0.14614018070756132	0.27107969674417726
CSPP1	-0.20393378905301635	0.0003808394405988766
TRAM1	0.7313417444032713	4.941607661999849e-31
ARFGEF1	0.4241370832038447	2.4295285737126772e-28
ANXA13	0.15585689056094953	0.6761744274216837
TMED2	0.5872292041300147	1.3599010074111378e-36
EML1	-1.339191685610832	3.6971397043618734e-84
YY1	0.3127227854557927	2.839407299691027e-22
PPP2R5C	-0.33860224627277846	1.2767106178822632e-07
RCOR1	0.3763856373958764	4.368215959823106e-31
MOB3B	-0.4946558749976608	4.1314751132944664e-25
CD33	-0.1679160363182878	0.021591490481805885
PIH1D1	0.23002987163772703	3.646682339107285e-19
SCPEP1	-0.0884703184294898	0.2541733609361624
VMP1	0.49059494431521533	5.404462673989431e-29
TRIM37	0.048257220053040374	0.3924383728955163
PKMYT1	1.1370359667072514	5.626274602739857e-16
LMF1	-0.06538747231899801	0.11774129133901073
NUBP2	0.15715406701728402	3.0857581888029625e-07
PKD1	0.0375249397489381	0.5560270490689733
RAB11FIP3	-0.37103476882371195	4.10141419052168e-06
CHTF18	0.052059902588931534	0.32372690268240634
RHBDF1	0.06519558730662482	0.13060466852484132
TELO2	0.11058816442469352	0.0007421639246200237
AXIN1	0.07493554381690061	0.4487603941284518
WLS	0.7025182600144391	0.0018538555095107255
SLC1A1	-1.3713032809845398	6.738800698291537e-38
GLIS2	-0.4733739448069989	0.0005985982805964096
CREBBP	0.11531261244095034	1.3184714790496121e-06
MGRN1	0.034159077195167885	0.22243948939041328
ALG1	0.37590670971210416	1.2927141918325843e-17
DNAJA3	0.4859612555454943	1.921923133680526e-27
ZNF423	-0.5972742866081093	1.0893949479007541e-08
N4BP1	-0.19728339436327594	1.3736524295181286e-15
WSB1	0.12945250443146464	0.09235992426383416
TRAF4	0.03861389646070459	0.4486811614146643
ITGA2B	-1.2927848529853376	1.0808385615523626e-44
DHX8	0.18917559614514248	7.785361951897567e-18
SLC4A1	-1.730558658633377	9.091888747974988e-54
KANSL1	-0.047089564917028544	0.1105935524225753
CRISPLD2	-0.08992258199843677	0.14446582256940066
FOXF1	-0.9291342647359289	3.210354916995111e-14
COTL1	-0.10433719858798865	0.026179374697942098
ATP2C2	-0.15602774292828084	0.004510219208476311
MLYCD	-0.03905735383562952	0.3253084154754267
METTL2B	0.5742248486318093	2.6534445117069508e-27
SMURF2	0.03184872952338465	0.3461852424587815
MAP2K4	-0.0072132848352165005	0.74210829891508
ERP44	0.3709883970542054	5.444950123078179e-31
INVS	-0.3618735764475953	0.0004339178647966497
SLC12A2	0.40149354578990415	1.0216780172287431e-09
SLC27A6	-0.3948188817876117	0.0747361807340829
FBN2	0.03831777680883722	0.7985039883247185
RNF167	0.08792731790783204	0.025338836006646836
PITPNM3	-0.18590946312442247	0.000881249117789017
GNAO1	0.11136351287061763	0.06995463190757603
CFAP20	0.002694145351712439	0.9315739966636208
CSNK2A2	-0.07153173314589285	0.00019048378986775776
COQ9	0.024832790291948785	0.568335085951212
NLRC5	-0.5626110476987534	5.367623609737083e-25
SRCAP	-0.8650303352692277	5.714998795175499e-09
ZNF629	0.36520293072265175	2.567770669670763e-18
SEC23B	0.3742731035681258	2.5432237842122293e-25
PCSK2	-0.330966984611481	0.2916940440545192
DZANK1	-0.45536772495119915	1.6533068752719633e-12
OGN	-1.9557522039041164	2.0454822065431786e-60
SPTLC1	0.23522938574885427	1.060836531915358e-15
ZC3H3	0.0030368297651199305	0.9769563325550615
GSDMD	-0.05294955450481278	0.05519682117185038
RPL8	0.16573775271051122	6.134641878692371e-06
TTPAL	-0.0067859814883628675	0.8230709947023194
ADA2	-0.5134807589788457	1.661065082731417e-14
SLC9A3R1	0.1413511689988222	0.0001959498668952562
HPN	0.1635126650196382	0.06461272404263059
TYROBP	-0.15843757861438673	0.009568033834432685
RBM42	0.05148399076215481	0.020693077180139463
CCNE1	0.5838484352440306	0.0021019482557852057
IMPAD1	0.37203999496282375	8.798907002029483e-16
RAB2A	0.2225887620920361	1.6217620607661626e-10
ANOS1	-0.6180141656467129	9.529473342675855e-20
ITCH	0.04845693209673737	0.02307535981612517
CDKN2C	-0.5689843417078476	3.257051758499701e-36
TTC39A	0.07032654027827759	0.33026617918626
NRDC	0.5838449032963842	1.5925619019846534e-60
AJUBA	-0.12280005707041088	0.00626652782619045
TEP1	0.19510764363130706	1.7248495660189278e-09
PHLPP1	-0.374668415523617	3.759550024350992e-09
FBLN1	-0.7185962359157507	1.0192886567233133e-44
CELSR1	-0.16364047835560078	6.600153756297914e-06
POF1B	0.6364749882869744	1.0920062412515996e-09
PGS1	-0.4016700659290744	1.3516730977599279e-20
TIMP2	-0.0727162915879139	0.1441564155363511
LGALS3BP	0.6017142087030013	2.4951734077730806e-21
ELL	0.49086703246253977	1.1468045453987129e-35
MAST3	-0.225011444247173	3.5120000982866894e-16
COPE	0.3159981827741263	2.5573372985525033e-41
MAU2	-0.050555782422815936	0.05819096460579005
ACSL4	-0.18302719291355724	7.449657797675126e-07
PAK3	0.2398754265424788	0.3922936364016329
MID2	-0.22532223512913463	1.4905631946852482e-06
AMMECR1	0.11678448401941019	0.10614513728334397
PRKX	0.024748195263958862	0.7030511863923604
HUWE1	0.2968477267976918	6.371909277891576e-29
SIPA1L2	-0.1572530174463844	4.745251524511176e-05
BPI	-0.7553288915176873	4.493177026455148e-12
SLA2	-0.5139805754438127	0.05827898989488419
RALGAPB	-0.02016120042583234	0.46602974522344703
XRCC1	0.35130534567223914	6.743765102792883e-29
PAFAH1B3	0.3725710517132126	1.4720008342447432e-16
MARK4	-0.009714466427499582	0.932927755334307
HACE1	-0.49030743415928413	3.2425798113949375e-47
E2F3	0.33494713174375973	9.410885832918279e-11
ATRN	-0.5543765629276814	7.0537862648977815e-28
CNPY4	0.024283115891947073	0.41336666932376953
RASA4	-0.7508477880323889	5.164538726116043e-07
ZSCAN25	-0.5160608595757545	0.012606102661108625
ARPC1A	-0.3849717796911336	7.85765278744373e-26
MYDGF	0.5923639649758923	3.94858718720356e-39
MAP2K2	-0.03130049304261674	0.13355851690589438
GNA15	0.10518780748969235	0.027452894846335868
DPP9	0.08989705628991501	0.0028248080325686325
ZFR2	-0.6726325560240041	6.719576495179755e-06
YJU2	-0.04251735484272032	0.06232420546094326
PIAS4	-0.09720751346285694	0.038409051882789265
CSE1L	0.38135341892483243	6.752917766563896e-32
ZNF330	0.39294916186678114	7.623442171622402e-31
INPP4B	0.12024347657531062	0.15178764725350427
GAB1	-0.7614776866334703	6.87877298104595e-63
NOMO3	0.27041257618051384	0.08665545233563715
MAPK3	-0.528949229921513	1.7044324978673608e-48
EEF2K	0.027715313404259475	0.45048762715245233
SYTL4	-0.4185389873185281	1.6137019728716078e-14
DHTKD1	0.2912357667374325	2.9368372110309344e-09
OPTN	-0.2087301579044651	8.35986431264098e-11
PHYH	0.23447089219192718	1.2730415957166538e-05
CILK1	0.24873651950358297	0.001397095432363249
CRISP3	-0.4929956667496412	4.659087260942477e-08
MAP3K8	-0.43277045966559746	1.691223430880462e-33
MTPAP	0.4016760268392875	2.6333915821784432e-18
LDB3	-2.062956063369893	3.99167338588521e-33
SCARF1	-0.6672233719016982	1.6416401077813773e-26
SMG6	-0.08791312652147945	0.00016934891781935832
ASPA	-1.605823686005281	1.580635961915443e-74
DPH1	0.3331931601556022	4.2759188977616315e-21
ITGAE	-0.035220677617050694	0.661561119724413
METTL16	0.04011457556922446	0.10140694022479403
ABCA7	0.10433495509632038	0.24818995236122868
ZNF264	-0.05331425020191798	0.6903107618744503
CNN2	0.06485442485893336	0.06919424026523145
A1BG	-0.9136564870486714	6.68083625789863e-58
CCDC6	0.34356652712560765	6.334850267745762e-23
RAB36	-0.3776578310992883	1.988561995508316e-07
CABIN1	-0.09189611721937772	5.122041143404011e-06
PRKCQ	-0.5517332723548682	2.014160952778897e-30
AKR1C4	-0.1750622559114352	0.1770607967684324
WDR37	-0.11103098012277252	5.337001234753006e-07
CAPZA1	0.16650917048615743	2.55807249757927e-16
PALMD	-1.2064630611136824	1.5999083320235396e-71
BBOX1	-0.2274184157346888	0.5485427743946895
DGCR2	0.2466656107889097	9.364979396691046e-05
CDC45	-0.03836829048145888	0.7832514694769093
UFD1	0.2514309495542373	2.4814788913935973e-31
MED15	0.059726966014061446	0.0020049360024738806
ARVCF	-0.1497963722744658	0.0002414612550092086
HIRA	0.0902697692249342	8.711237236263739e-05
DGCR8	0.26374794286540815	4.0991245468165586e-16
PPM1F	-0.8616692590444353	2.45722511924525e-93
UBE2R2	0.21882012581201613	1.3146575729843287e-10
SYP	-0.1956864276340223	0.03813718757049091
ACTR3	-0.023098284426376722	0.24320897230880256
DDX18	0.5878280769416978	1.8009040647078947e-41
ARFGAP3	0.5191593087928337	2.904399403051783e-41
PACSIN2	-0.24946431235706507	4.587444843147432e-14
EP300	0.2112856186039111	3.935122556167483e-23
DESI1	0.0767417904158425	0.07549660228985836
NOVA2	-0.8213202021961828	2.0374756306175524e-57
PLEKHA4	0.05927998692927988	0.3743993561411981
FAM83E	0.08263050365290729	0.28031297696382534
MREG	0.34867121243955035	1.558153231315004e-06
AP2S1	-0.32389682997742475	1.063476516268769e-31
LIG1	0.6034394226709202	1.4243281672104024e-32
OPA3	0.0026126512572466343	0.9516399453009139
EHD2	-2.02536290974051	6.690266850997558e-97
HSD17B14	-0.2690842437570789	6.406854388526172e-05
STRN4	-0.11422691841685458	1.888351949965534e-10
LY9	-0.2516513067570427	0.0009255647594254767
IL37	0.6159549882563295	0.005240830070181452
TCF25	0.3134420705615667	3.516361100438209e-23
NAPA	-0.36307098423939876	6.203695656533588e-47
BLVRB	-0.997705711050842	4.1648952376095174e-52
MIA	0.7030134694487842	0.2679865749921587
ITPKC	0.1543385298612719	6.518292273931471e-06
SPTBN4	0.16015909276876986	0.24542070751349296
BRD4	0.11008110496880412	8.293486600913469e-08
IL27RA	0.04553172566971038	0.4457928356085455
ASF1B	0.445263617183571	6.991182630699887e-07
ILVBL	-0.03581334393851427	0.18162655881444428
FAM32A	0.13210571636528856	2.983034595597765e-05
NOTCH3	0.042924323497019926	0.20342365554038913
MED26	-0.1655011733250128	0.00941002270471937
COMMD9	-0.1948335636827299	1.6442144546726765e-18
C9	-0.7320624966460235	4.593711211211424e-22
LIFR	-0.9094608423182526	2.990595540149998e-42
C6	-0.7500586283784598	6.804770042551317e-33
PPP1R12C	-0.5513997976562928	2.144595709262122e-60
PTPRH	-1.8309475046169534	0.0013139614178728169
ALG6	0.41268780424201773	3.3004633520454274e-16
FGFR2	-0.7335448237624194	1.2184860973579312e-10
WDR11	0.26977940329702776	2.1372271185970016e-38
BIRC3	0.15126448855659644	0.029211707757767033
TNR	-1.1954452158962967	9.135150945183454e-35
PARP12	0.12302840834018858	5.823294603773572e-06
P4HA1	1.1657941253325212	8.254913243784655e-49
VPS26A	-0.06901880382518026	0.00019953927028853105
PALD1	-0.7385396261734525	5.569949756246516e-53
APLP2	0.007211516085331084	0.8795312578839531
CDON	-1.1046312576482502	1.421492313844936e-07
FOXRED1	0.23036886515981603	2.474725384863628e-08
DCPS	0.15019214330053182	1.7653655571402807e-06
SIAE	0.32238589024024195	5.056774560939001e-07
ARID3A	0.21579488239898018	0.0003709901013375041
ELANE	-0.45249378386138595	2.335483419032562e-08
MTIF2	0.30590676034491204	1.4481027913132275e-19
ASB3	-0.056728559029359964	0.21608755929910997
TANC1	-0.26304560230390317	1.9234591797356817e-19
LY75	-0.48102577037944216	0.00012436997185469867
ACVR1	0.29483874900373447	1.821377602767559e-09
CD81	-0.5637451775300033	1.0988936155066945e-24
OSBPL5	-0.06963648764189531	0.14977601061608353
CNRIP1	-1.1203689096675378	3.502644076649425e-79
PNO1	0.4506628863018567	2.320724179924401e-25
TAF1B	-0.21470426743804438	0.09881601043872561
CNTN3	-0.10633394332788729	0.35253761477786466
PDZRN3	-0.3328162790198344	3.387574708508393e-12
SPCS2	0.48738851003711564	9.547629130513373e-20
ARHGEF17	-0.5792422338410514	4.951979627917241e-65
POLD3	0.5529419294813496	1.2180403787338987e-35
SELP	-1.2709049571208055	7.843402067566517e-68
SUCO	0.29932226926052785	0.006633018194479331
SNRNP40	0.20735077115690298	5.7018681974463545e-30
DNAJC8	0.18031028208532462	7.460599497422201e-14
MECR	0.2320455622581737	3.469718733394138e-08
TFCP2L1	-0.08753664864094803	0.3792522309086857
PTPN4	-1.3150338035485767	1.2982485991129522e-26
CLASP1	-0.11837848059872927	0.05396413691092526
EPB41L5	-1.018906005141028	1.1721247239500125e-57
FAM20B	0.09763658889518109	0.011649953124007949
EPAS1	-0.1623931128568015	0.05889346061900732
EPCAM	0.6111104495360971	1.693870763773564e-17
SRBD1	0.05533197490845165	0.016646694876363822
KAT2B	-0.3420020497509868	6.29301694005795e-13
FNBP4	0.3613809283934629	4.638596892982473e-30
NDUFS3	0.06610905211124711	0.011423317819239014
ACCS	-0.27419015651045126	0.03851215854540887
CHMP2B	0.3637312164197334	9.412021602215806e-23
EIF2AK4	0.0006336640265746096	0.9766327038616128
WDR76	0.15647519124204726	0.17427477005778122
TP53BP1	0.3284430049796019	5.828772272205719e-24
AKT3	-0.5022676168826832	1.2369307296368315e-36
OSBP	0.30982138970209905	1.909634327719349e-40
ZC2HC1A	-0.11341084909696161	0.0009921130564229824
CHMP3	0.00884321925313207	0.8760097278619677
POLR1A	0.31763233235908095	6.059789698325372e-24
GNLY	-0.6578517933939512	1.6085022853656082e-07
VAMP8	0.5271895841048575	1.8854125327891148e-21
CAPG	-0.026827037096977587	0.5603611324909432
MAP4K3	-0.7258616624356946	0.0007759661543667224
RND3	-0.5659455222417394	7.006797857605625e-32
USE1	0.27673392843026745	5.72870463029576e-13
STAM2	0.01701207276425376	0.4319426211087744
GRB14	0.0935408784431563	0.3495901985894124
STRN	-0.08764581019303715	5.237016815638225e-07
KDR	-0.5191620410117616	1.758266228378246e-17
LNX1	0.06488857433398243	0.45190207814640476
KIF1B	0.019110648085844936	0.29033169259536507
PKP1	0.21369351471528306	0.040985010144685974
STK17B	0.3472813819328091	3.472135650076555e-17
GTF3C3	0.22329043480192082	3.734303094770405e-20
COQ10B	-0.13754586752534081	1.9955170329533577e-05
USP13	-0.04994435595855594	0.25413655659201667
PIK3CA	-0.30904670122228906	1.636575640772163e-35
MFN1	0.27649541323557325	6.4863377643370884e-21
TAF12	0.36060557198408744	3.1148191757061218e-24
SLC9A1	-0.07001508011601351	0.07180529650770957
GATB	-0.03165804780487887	0.3417894533523681
SLC7A6OS	-0.32519381345626736	7.731054083233062e-10
LCAT	-0.9715117825419237	4.239659659477071e-52
CTCF	-0.015099142868819991	0.6253089073882186
CDH3	0.40802200246206277	5.70160501364289e-09
IFT46	-0.34031650950614	1.3388642078678463e-13
NECTIN1	0.0034038743390016994	0.9534991979448028
SC5D	0.08687626039023895	0.4106018225893723
ARCN1	0.5193719340686241	7.326505187883862e-71
CBL	-0.1916697315976149	2.5803168115929448e-18
MCAM	-0.969280976736933	1.2583794270698843e-51
GPC1	0.12615485016482084	0.005162322237801186
FARP2	-0.011740134906497397	0.7145884689436726
NGEF	-0.38559166443892157	0.09462462711178452
SP100	0.11026568810488832	0.0005888253801362892
DGKD	-0.050569553412681795	0.22097769120753788
EFHD1	-0.0695876205229908	0.3808967127369417
DNAJC10	0.5588103971219551	3.9091375034079044e-32
TUBB4A	-0.25408395455487864	0.0016728259902754185
MCOLN1	-0.2540849653274821	2.6099023374586387e-07
GPR108	0.2543884709207821	6.221707617983426e-07
DGUOK	-0.0178230255476133	0.6286432845829973
LOXL3	-0.16444825350533557	0.0011105215889389863
ITGA6	-0.5919072850018535	1.7600013744486976e-20
HAT1	0.5772956016292075	1.4800018836668802e-30
ATF2	0.11381071181967638	1.028138505501051e-05
GPSM2	-0.26302297090499016	0.00036819063794635336
LAMC2	-0.22315927616069414	0.007810603082520637
OSGEPL1	0.0532402174302757	0.29051892591992506
MCM6	0.9486296516362602	9.316213831776131e-32
RAB3GAP1	0.2773740011248458	7.931752538835669e-33
DARS1	0.4262056475070425	1.2678922635321167e-52
AGPS	0.04920827940416734	0.16057353800752794
ORC4	0.238188424301902	8.324157909672582e-16
ARID4B	0.19945084777571936	4.499570893133906e-18
NID1	-1.0425216689318775	3.5393787160484516e-64
CYTIP	-0.23210713450667486	0.0003474600954673699
MUL1	-0.10482189113104623	0.04569716700272521
ECE1	-0.24687143652837165	4.06804463636458e-07
PPAT	0.5921868493481125	6.1059609197110785e-31
PAICS	0.6750149610658156	1.6656127964933577e-31
SRD5A3	0.8760441875640012	1.3340742164045228e-23
NOA1	0.14608853453870435	0.00019781723925687539
GSK3B	-0.0656440561985826	0.0010546351649879638
ARHGAP31	-0.8407076882779356	8.892136481296723e-75
CD80	-0.45553827935655594	0.001903224584539896
CHST10	-0.6901866335224802	0.02274309901747713
PDCL3	0.36132884183701885	7.863880081017002e-27
TXNDC9	0.2218288994925452	3.8823361870462057e-19
RPL31	0.4572780953440863	1.3895760511036495e-22
LXN	-0.37808926468489445	6.3228577988292e-19
MFSD1	0.07766987313068616	0.12985957528742922
ALS2	-0.15497886617058032	4.113075701173488e-09
NOP58	0.51952570566772	2.447666205363462e-52
OCIAD1	0.3443026519621992	4.248927091180294e-19
SLAIN2	0.1015969579241576	2.3357113632742893e-06
TOP2B	0.0941779977982414	0.037019987206757886
YWHAE	-0.20178615400831323	3.621086747432552e-21
FAM13A	0.42015510664162503	2.3919816565120166e-17
HERC3	-1.1275200220753097	0.00010912678068453698
HERC6	0.02861592079510724	0.686032969397404
HERC5	-0.09027500558843127	0.053203339688060396
PIKFYVE	-0.11021681859634919	3.053820685424023e-11
BCHE	-1.265398179230809	4.311530730861831e-64
COPS4	-0.11861307146897757	1.8495262834867473e-16
PRKG2	-1.2805553722601193	1.4076979710861777e-70
GPAT3	-0.45984380570769506	5.982898764539592e-11
CUL3	-0.014282794591755285	0.3932946848196728
GUCY1B1	-0.843144366519982	7.332971865110876e-62
FNIP2	0.4706733208309859	8.707043706115971e-10
C2orf42	0.5443110454658235	1.3114958353409095e-08
ADD2	-1.4649783888856445	4.342572422727317e-58
ZNF638	0.38830346939724136	2.2987791936303448e-45
ATP8A1	-0.31176694380813597	3.7543053866548934e-07
SLC30A9	0.26588985617145366	4.60902865584507e-09
CSTA	-0.12035160959998852	0.021174753856007526
SLC4A4	0.01677395578859539	0.8121029011378719
FGF2	-1.4510575691860583	1.0056349526270198e-63
BBS7	-0.4152359454564519	2.2609273914116482e-29
KIAA1109	-0.1583329870384537	2.055030272103797e-06
RBBP5	0.2891656126581701	7.743464589673496e-32
IFT57	-0.23999760190374037	9.694665308479532e-07
UBE2S	0.05611707474635773	0.3906763268352054
GZMM	-0.3651097498775361	8.759575539459764e-08
SHC2	0.019576856555373112	0.9598842070170606
PHRF1	0.17292253306347516	5.51508284856001e-12
AGA	0.26190010118312335	3.0553986282350916e-06
RAB17	-0.4966065039790519	1.6028803852315915e-23
MLPH	0.09424589169097083	0.22622211634850686
HDAC4	-0.041313827563237114	0.03385478630931877
ASB1	-0.24153832568565903	1.751556308895576e-05
CP	-0.6371482956250265	3.246375687389345e-25
WNT5A	0.15310427329664644	0.057905090811257
CNTNAP1	0.152481260999543	0.2570398725481157
PSMD3	0.3204379444545453	1.8784343317186438e-52
CASC3	0.22831372085029628	8.553416578329489e-18
ATP6V0A1	0.05143648988984606	0.4704343562562998
KRT24	-0.12567954350310162	0.1862863722189721
STAT3	0.11273374576169712	2.665334661652819e-05
FBXL20	0.044960586998313394	0.20283854006309218
NNT	0.36904654185497754	8.66181366036863e-11
MTRR	0.11840801376251103	0.005706542850486385
FASTKD3	0.09880385717198821	0.12191680618520281
NSUN2	0.7075020136184804	2.0463516076127912e-46
MECOM	-0.25381908676743414	0.18151009560318
LRRC31	0.32074068982613413	0.1550731543529573
UFSP2	0.04181718120758069	0.06896276145992396
KLKB1	-0.7901313854079357	4.976257054232282e-34
CAD	0.3307396317839259	3.842521792990744e-23
DNMT3A	0.23481192238038778	1.0064925137751708e-09
RAB10	0.2634198666569885	1.9774593681160024e-16
DNAJC27	-2.093795524554137	0.008652149537782927
KIF3C	0.5006195133990434	0.0002390094693972871
FOSL2	1.0839672574286454	6.560315777016835e-51
GPN1	-0.0038563527051150986	0.8711810694617539
GTF3C2	0.23061366109327136	6.303038332639469e-24
TMEM40	-0.40416319930765404	0.00020542842291955171
TP63	0.12071827830535212	0.45668866823126386
ITGA9	-0.3997748832022443	8.90055989342061e-18
FGFRL1	0.15345970038075432	0.46396649102537907
ADD1	-0.8484080940885277	1.2309949802958742e-74
TMEM175	-0.3314675672631734	1.1039328908204537e-06
GPBP1	-0.04188859646115372	0.3153095381448054
SLC2A9	-0.12810690101353664	0.05755741618176116
MMRN1	-1.143396600998829	3.4253870220187235e-52
TYK2	-0.22283114709673693	8.538560300337147e-17
MIER2	-0.08482215320344735	0.15633963036364398
HOOK2	0.24136550872913995	9.181416902721067e-14
COL5A3	-0.2757296169283396	1.1729620257224393e-10
ICAM1	-0.06677228136946933	0.3024749891247479
OLFM2	-0.74531507753625	1.7589956917786345e-07
RIMS1	-0.6026562924166903	0.00899236684913156
C3orf52	-0.6530694389475795	0.013915979618544612
SIDT1	0.3217895230936889	0.008697363986163102
PI4K2B	0.16021690246554215	3.364714417431501e-07
SEL1L3	0.19455520440542526	0.00028265107992637387
F13A1	-0.3654928890100964	7.88346868900572e-09
NUP54	0.25548902225919895	2.4898452764286113e-42
SEPTIN11	-0.40840589500864977	4.2362007441579224e-30
SCARB2	0.11707923195456373	0.009645084212872837
USO1	0.11014714824983095	0.0992747366861529
ANXA3	-1.369292064247745	3.0372035150583996e-56
ARSB	-0.1331984558387544	0.0029454222108730253
RAD18	0.02480738612669048	0.6526671900216516
SLC12A7	0.5639003651508854	3.6502366636384775e-25
SDHA	0.2275316760010675	2.0101401385556037e-14
PDCD6	0.14322139612119428	1.7611468472852356e-06
XRN1	0.13828033712084958	7.514277089897668e-13
GRPEL1	0.8374080100708458	5.674288085691995e-40
EVC	-0.21312110074192678	0.22866700976708174
MGAT4A	-0.2505813546569219	0.0021976288243687058
ZAP70	-0.2617280278566293	1.5549880721242793e-08
PPP2R3A	0.26681303725851924	9.451425184996095e-09
CEP70	-0.3195117379765352	0.0015767027243458974
ACAD11	-0.3785634006465187	9.096279243014679e-14
ASTE1	-0.36003607674014937	1.228652473149022e-05
CDV3	0.28677701806423805	1.6425557270620203e-19
MRPL3	0.498371910561416	9.056876132574405e-33
GALNT7	0.7839031946158652	3.465968419446202e-33
BST1	-0.5364943875853512	2.277671529214422e-19
DGKG	-0.9483981390198526	1.3096386735787903e-13
DNAJB11	0.5583647922292652	4.3483137930324714e-36
FETUB	-0.8892199336948712	8.203138144728435e-42
ERCC8	0.0447388308966373	0.3090132794790093
SSR3	0.8852342164590321	4.3650137962949817e-35
MGLL	-0.44534973357322594	9.022011307734731e-18
MCM2	0.8070578949124956	8.856177985620648e-27
RAB7A	0.014117169038282036	0.6081937485578668
ZFR	0.3624499423174592	6.320481518179482e-50
GOLPH3	0.8566805785697262	3.937849288665868e-62
CDH6	-0.687246854673858	2.9641538670026888e-27
SUB1	0.5985342668052637	4.000915236795476e-42
NPR3	-0.8794258943527498	2.564380669389407e-34
VCAN	0.8601275175207637	4.254601618302381e-29
RASGRF2	0.02881725838109218	0.5912078117636932
MSH3	0.22537596109270214	5.931258115094659e-15
CPEB4	0.20247144017203716	6.9517340624527785e-09
STC2	-0.26702059550402624	0.00444829076136045
THOC3	0.4836392297677161	6.440821712129015e-46
RPL26L1	0.2394333041516011	8.555772211750366e-05
DNAH5	-0.7997303134849081	9.633382867638241e-22
WDR70	0.31610060846531896	1.737045395875244e-26
RAI14	-0.030831498871231086	0.29061246719112527
TARS1	0.671901852611111	5.512172505341786e-43
SLC1A3	-0.01077345911681396	0.9166287676609479
TNC	0.96503105211573	1.6199993920219008e-24
AMBP	-0.7520469340344007	1.4580146848604712e-44
ARRDC3	-0.37170638044870774	0.015519180530527858
CENPE	0.19694855041370696	0.11556640256778519
ENPEP	-1.0539111442498703	9.689535017566898e-37
CASP6	0.502094594068808	1.2222094333992954e-32
LEF1	0.6547708202474384	1.682965621155687e-12
PAPSS1	0.05562401418513052	0.009059120811587487
SEC24B	-0.0037818212741089555	0.8143720186575026
NME5	-1.1116127674622793	9.912908426535184e-21
PAIP2	0.18479100161606254	3.4906353571645026e-06
IQCG	-0.024763046315730695	0.888990059632329
LSG1	0.23897314298929784	2.630884102947011e-19
PCNP	0.31366975271414405	1.8157663479506463e-24
RBM27	0.4504601522252031	4.928460695519984e-27
GPAM	-0.21894679649976304	8.211831906438768e-07
WWC1	-0.23967383506389361	2.2867448040099617e-09
SPDL1	0.07758557404768264	0.3497136674076637
MINDY4	0.22946532575228268	5.7278111206544003e-05
SSBP1	0.4819390312390328	1.207454777562525e-23
ABCB6	-0.09915100500140675	0.07269134933170002
PECR	-0.5274635663836325	4.3414278098017e-26
VDAC1	0.5443316509524023	4.0701248279170416e-25
UBE2B	-0.08533962470738167	0.001069147540022535
FSTL4	0.48751580808105305	0.015664425307201878
AFF4	0.42021625553034825	1.9454847124904163e-34
ZMIZ2	0.473154910343763	1.4223381413079598e-26
CUL7	0.24523164581734108	0.05605243766354823
MED20	0.4284019185830392	3.709044838192174e-43
XPO5	0.5333768624687152	4.4197001689227216e-27
SRF	-0.257434794454414	3.3535452919047226e-11
SEMA3C	-0.0813906162757484	0.0485516381882197
SEMA3A	0.14336457041291878	0.15422637094185782
NRP1	-0.1731052454969052	3.589869266904415e-06
COL6A5	-1.2711065227007845	1.3680252455726924e-57
APBA1	-0.0013205193427138617	0.9783998693865786
PIP5K1B	-0.6036353659232442	5.917874583443725e-08
IMPDH1	0.08105140184496132	0.01245567230639251
TNPO3	0.22697026128982048	5.5244353035602326e-14
TAX1BP1	0.5662523400176683	4.745230918431469e-23
HIBADH	0.11919668201483591	0.007269046075812518
STAP1	0.2130658328745751	0.030961824136333138
ADGRF5	-0.4640986453915503	1.4597017441174285e-11
POLB	0.4870998152581555	2.0595857158266126e-29
WWP1	-0.35031371349880386	6.6768854606039415e-21
CALB1	0.5726214261614262	0.03435112363522963
NBN	0.24114655924501033	5.06125720373533e-21
FOXP2	-0.41590797253621387	0.0015571411733957042
ST7	0.3353913745980775	2.1136951717029443e-06
TFEC	0.06961885675511437	0.4421524468724417
WNT2	-0.08584151977790087	0.4384989639936738
ANXA11	-0.040028798330498765	0.08425732534026105
MYRF	-0.46280447428983684	0.00023273034098690297
PRDX5	-0.17761487505599924	1.60041956917655e-05
POLA2	0.425277610916565	1.0075583380864697e-07
B3GAT3	0.18104225430709292	2.226247332798937e-06
MGST2	-0.16887043465249094	1.0626163767132311e-05
ADH4	-0.7527305008866275	3.5906381853610957e-07
MTTP	0.02968570394717132	0.8610466470113421
BLVRA	0.10089575428530775	0.010472955908789147
KIF9	0.18632420310289324	0.26396950755837867
USP4	0.04677984554069995	0.011620186388684289
PTPN23	-0.17347055655448734	1.9768791948252924e-20
PRKAR2A	-0.27801444390399166	6.64537625259776e-21
EXOSC7	0.2007341168543496	1.8193694135564212e-16
SCAP	0.026711509189531368	0.5775045150167438
CLCN2	0.12398872284364157	0.15207785381088576
MCCC1	-0.05078715772830777	0.25474338192066487
LAMP3	-1.3038584430893314	4.277528304266425e-52
AHI1	0.34414679922516495	0.08732168697435927
GNAS	-0.21487928137969464	1.0842463494656356e-05
PMEPA1	-0.3467526093965224	0.0012478386880267797
PON3	0.15461699846709737	0.047030584464865834
SLC25A13	0.6140270059248896	3.0499339791192885e-23
CPT1A	0.05861574207725137	0.22408097872288063
FBXO3	-0.18964517295584882	1.0726342312440732e-15
RPS6KA2	-0.44526818770960286	1.6586307185009121e-18
TCIRG1	-0.18413579865601273	1.6613299315404294e-06
CHKA	0.02162949584605217	0.5943302360874019
ANK1	-0.9732798430852252	1.0731311703329525e-23
KAT6A	-0.0731280886417962	0.015431038386210568
PRKAR2B	-0.739059999542338	3.460858580294871e-32
DUS4L	-0.050311045750143744	0.6077078704785634
ABCB1	-0.5959822701399424	2.735999151384948e-10
ADAM22	-0.2396624344979208	0.055626638413168894
RBM48	0.5131235979210007	5.6034874421512005e-19
CDK6	-0.4036764877986704	4.881457390885567e-25
ANKIB1	-0.06863846004095106	0.0008952728759869349
ANLN	1.0223486435801368	1.4273934814349576e-23
EIF4H	0.3638538640358634	3.2677788242543233e-32
GTF2IRD1	0.5675948340229673	8.731738992864867e-14
BUD23	0.3236779705064658	1.6116747069406578e-16
ADAM28	0.31787289273053876	2.64634640918817e-05
SMARCA2	-0.14137779638579032	1.5695412151629247e-09
DMTN	-0.8390450730565815	3.3474183584944735e-08
LZTS1	0.1402433180157188	0.04608207700454214
R3HCC1	-0.0315828780784108	0.29901706027066904
SH2D4A	0.18777109738875208	5.179079518317143e-05
ZNF800	0.16524612188777915	0.0011011782879414684
ACAT1	-0.23197732685750289	1.1576049371946707e-07
EXPH5	0.01957804242655793	0.5705453240644828
ADAP1	-0.13808002251376478	0.0023446360920650056
PMS2	0.19958430261903104	8.859241304164621e-11
MAD1L1	0.16429084473919078	1.1341712887731584e-18
GET4	0.1789354840286883	6.308792002622388e-09
HNRNPH3	0.12791829883461153	5.465938286960564e-12
CCAR1	0.3946835302835815	5.971949718756977e-60
REXO2	0.019304660382179373	0.5807265072275495
SQLE	-0.2805654383248886	4.330548529709876e-09
SNX19	-0.39207854822181754	5.902773894834093e-19
MAPKAP1	-0.1202945661416632	5.400656843259647e-08
GTF2H1	0.197243962464673	1.0233946372461544e-17
SERGEF	-0.105238123065365	0.0001569869285844083
HPS5	-0.067445788765638	0.0023759154055230983
CSRP3	-1.3950865572026458	2.701677694023455e-07
PIK3C2A	-0.05855465907510683	0.0034161255217340534
RNF141	0.01844907091974155	0.6543327475616165
HPX	-0.9359543807723851	2.534723038432062e-57
IDE	0.4448559355030992	4.7479688670040684e-33
BTAF1	0.16333799736229096	5.590129412421349e-11
TCTN3	-0.15077466256526123	0.003640544689772911
CPEB3	0.24592851989013947	0.021783911401405353
DAXX	0.29031667847020737	6.098862237738531e-22
GLT8D1	-0.053203116063144776	0.19503557895374454
TMEM115	-0.21794877852746755	2.337937053245451e-12
HYAL1	-0.48400533092788145	2.0313322569126677e-11
ITIH4	-1.390578477792564	0.00019806042170928887
GMEB2	0.05334457013390494	0.03316112781022231
GID8	0.0531040693052339	0.007826661472471916
DIDO1	0.3531787482073857	2.598200820346611e-33
SLC2A4RG	-0.18366352297964306	0.08661559117770144
PRPF6	0.45100335798199537	1.847629736292639e-49
TIMP3	-0.5370112473557931	1.4438462949170989e-08
FBXO7	-0.9730237019681636	5.151296012615056e-49
SLC5A1	-0.26646571315003487	0.10188452337524488
EIF2B2	0.37600306398881533	1.1015323509457289e-45
PATZ1	0.13547588533053642	0.0030350380261491817
TEF	-0.3400277603564829	3.066353005455565e-05
CACNA1C	-0.08199130688513336	0.6363535621015697
B4GALNT3	-0.1012231579720764	0.14613841289408078
CLEC7A	0.2747609919097037	0.14660665395023448
GABARAPL1	-0.156155452655448	0.0625924987266278
AEBP2	0.010024202863667231	0.9389122674124023
ZCRB1	0.39099957681809117	2.5023923560702197e-26
C1RL	-0.6620835643038021	2.268134573617264e-35
NDUFA9	-0.01228818261334591	0.7493308165137001
CLSTN3	0.022027063090520216	0.7816642000048682
KLRG1	-0.8256354160471671	9.731764160517928e-05
TAPBPL	-0.241774907672617	5.307648499074302e-07
CD27	0.7157905799320836	1.0106673510587819e-10
RBP5	-0.44736957959161705	1.3632509518330843e-08
PEX5	-0.5034998763414846	1.3461759971124712e-05
AMIGO2	0.26760680813482485	0.0003776468938671549
ANP32D	0.24721820994806426	0.13788213157994542
LLPH	0.10502861075067543	0.0144094833284203
INHBE	-0.41384135852005466	8.205635532431318e-06
GLIPR1	0.22458654323759694	0.0002802553276949971
PHLDA1	0.24138581013448643	0.0005676132056975875
TMEM19	-0.042864520423979924	0.5884712977564073
CPSF6	0.5186773586015894	7.030733882263838e-58
TMTC3	0.12352876996517254	0.001083465730234921
LUM	-1.1735924213135522	1.056957805201499e-55
TMPO	0.33018523526367927	4.419771739074531e-15
SNRPF	0.4861746012006527	1.9131794884977025e-45
AMDHD1	-0.32824000066951126	0.00011115105922029743
NEDD1	-0.07533030063799567	0.0011716226557268292
SLC15A4	-0.06498734691794451	0.16588475272646844
TDG	0.3732068449592987	1.2128152210257066e-16
SLC46A3	-0.1975546124095906	0.026485427225091864
CDK2	-0.09177865897425261	0.0052626745775190996
SUOX	-0.15079046038521243	0.00010867300995078077
CCDC65	-0.9037074231008115	0.010447013060506577
TARBP2	0.13640015520533846	5.412814540941805e-07
GPR84	0.4899265108284299	6.153886769075944e-06
NABP2	0.45281494601331973	2.673562544913149e-33
SMARCC2	-0.14292449797265083	0.0010187998759784388
N4BP2L2	-0.12121693247565957	0.0004581260587777179
ITGB7	-0.024214494247050473	0.7065921444808778
CSAD	-0.5221778751728106	3.2859396874755902e-15
C12orf10	0.15533770534073	9.96947325928562e-09
ESYT1	-0.51145390386461	7.104612731525563e-26
TMBIM6	0.23361402049361224	0.0005769206500644751
ANKRD52	-0.03898195310145189	0.37612565972278617
RB1	0.07552901113113848	0.027450404512953674
SETD1B	0.00738099690367592	0.8100358265608053
VPS33A	-0.05740922192945994	0.0160060343857903
VPS37B	0.12334823295557265	6.431753784861066e-06
RHOF	-0.6805177929478705	9.257184640891634e-38
PXN	-0.9824678118989199	2.6190441745509957e-12
SRRM4	2.43168836064533	0.0027018752302347747
RAB20	-0.11535522175961904	0.0006114909631225032
ANKRD10	-0.05622762775418526	0.18089218693046025
REM2	-0.17872191628596135	0.4202844732574661
TINF2	-0.24065546784303915	7.214569443096123e-14
NOP9	0.27487987421688304	2.2504639522686285e-18
L2HGDH	0.3081944931606444	7.037747805286511e-11
PELI2	-0.27948000692339725	0.0001866236938715494
RTN1	-0.5636829724903807	6.312782313431797e-26
WDR89	0.22463919880680935	7.314640288375469e-15
PTGR2	0.02490135860922757	0.6199915286370163
JDP2	0.11256590667856364	0.09690488430009568
AK7	-0.8604991403562701	1.3556186349222222e-21
ITPK1	-0.18590603980969622	4.1625508064064325e-11
TRIP11	0.4171118559086697	5.400436852865675e-44
EMC4	0.148557576367918	2.798219738253901e-06
DUOXA1	-0.7987057415475465	1.8998792042899848e-17
ZNF280D	-0.14698743367487493	7.650799474285591e-05
TCF12	0.08788698926688404	0.0061942798653324745
MFAP1	0.4204919189369993	6.446669343968631e-50
SORD	0.2730053542947332	5.918139013462167e-12
MYEF2	0.011967350724409812	0.8685291014036942
LYSMD2	-0.08404927584509009	0.013837119992660008
SLC27A2	0.21476066714731015	0.002700250638698058
MYZAP	-1.380672104791146	4.5328485354028194e-52
RAD51	-0.31352286524374334	0.005854889254361927
SRP14	0.5285547367455161	1.6189834772685388e-51
DISP2	0.10241310581529561	0.7499840705844881
COMMD4	-0.11003322724139683	5.553395217331959e-09
UBE2Q2	-0.10821710439568355	0.001764073171932053
BCL2A1	-0.5545084011421189	0.0001544201043416626
TSPAN3	0.2357924269343551	0.03308870063914796
WDR61	0.09709456765197971	3.0335220532280527e-06
MAN2C1	-0.49965886440608703	7.710651732247621e-52
TLNRD1	-0.8808728132945536	6.819466317345934e-33
BBS4	-0.3784083000834024	1.0657751697814063e-22
PML	0.08168868218689196	0.02260414806820382
HEXA	0.192726273162857	1.3435718296120987e-05
SCAMP2	0.030187052897565556	0.28363214092958305
POLG	-0.12803093455028572	3.083711931662594e-05
ABHD2	-0.3985198207456667	6.769801387383296e-12
MFGE8	-0.6536797542601152	8.885397481303283e-28
FURIN	0.2487984182983347	0.0016036316757548701
IQGAP1	-0.025771265500693738	0.2561423462242053
CRTC3	-0.365833501792741	1.647492882661158e-37
EFL1	0.06268219716150898	0.0012922957565974912
SEC11A	0.2439698399502893	9.566557085451494e-08
SEPTIN12	-0.08293071446001937	0.5197236203455173
ABAT	0.17210164873406858	0.027913914743288283
PMM2	0.7659116938493282	1.0281219702103498e-63
ITGAX	-0.14538617384424246	0.004595890118654777
ARMC5	-0.6878028667765872	7.064424664984558e-21
UQCRC2	0.30879669493359274	1.3568626553559028e-14
CDR2	0.1948860461187209	7.400481521549923e-09
IGSF6	0.06474846626704538	0.19974653439163384
DHX38	0.08794060982938548	5.894656626043541e-06
TXNL4B	0.244785623437054	2.0399191510835827e-08
ZFHX3	0.1067017305411242	0.00680093061363322
NUDT7	-0.305988828252535	3.174034507750236e-06
CDH11	0.12330184318302735	0.021851535272019815
NOL3	0.16783258440625415	0.0001665463289566401
CDH13	-1.3097579655222393	1.8107107800769227e-67
IRF8	-0.0024012015973291986	0.9444070729324584
ZNF174	-0.07124101522372417	0.17747038317790564
RPL3L	-0.1793075956524987	0.1546308658157902
NDUFB10	0.39492729684877703	4.68528108248092e-26
DEF8	-0.20180254400161307	8.98190540800228e-06
CBFA2T3	-0.05322891269863857	0.7060472669057435
GALNS	0.32725953739266467	1.912364019102249e-11
GAS8	-0.6216924985098539	2.6107866400006814e-20
MED9	0.1061742711758335	4.127184075911016e-05
NCOR1	0.030692645441592295	0.13226607066540158
COPS3	-0.040627059510518475	0.006816342050361436
GID4	-0.24901743732820675	5.643407202002403e-16
CPNE7	-0.9427331629343266	0.002784858159169849
KSR1	1.0655998726891416	0.0035569150554543238
NEK8	0.03035260129667446	0.6142863429572254
GFOD2	-0.406773361211637	1.7736759938981217e-27
NOB1	0.31783378443331334	8.166977420940372e-18
PRPSAP2	-0.1648158653601343	5.145697115531247e-10
UNC45B	-1.069457785689988	1.2404204966224369e-29
TSPOAP1	0.31711586678823384	0.20297263287230494
PCTP	-0.0932066745398954	0.016574762255899437
EPN3	0.8400186172033315	9.395830499702099e-12
TOB1	-0.05400602882953663	0.7951806796819818
SGSM2	0.340090716053269	0.06298672073479156
LRRC46	-0.8564848129256857	2.1251149642756028e-29
SSH2	-0.1323803115018125	2.094876179725646e-05
MPP2	-0.392570993210836	2.4299891305881943e-06
G6PC3	-0.11806163654951339	0.01421786161918804
CLTC	0.038695350336150604	0.001228644681890968
SS18	0.17916072987502846	7.77943213852424e-10
CDH2	-0.04934594571071241	0.66402155535691
TAF4B	-0.193936117481875	0.22376748247312128
AFG3L2	0.3838042924798038	1.400355046993349e-15
IMPA2	0.3574129076281036	9.798975115464457e-06
SLC39A6	-0.13836888302760358	0.06660703000749749
GALNT1	0.5627061150606116	2.3993534037791832e-27
GAREM1	-0.2443397164525968	0.0023240807232862743
ESCO1	0.8423011530496786	6.121350840270474e-32
GATA6	-0.3834191527585423	9.375765534926239e-07
RMC1	-0.09705685575359603	5.696706087428452e-07
NPC1	-0.06149967304593884	0.13840860359075563
MYH10	-0.9400889821958611	7.973405272358078e-53
ARRB2	-0.19701773989512927	8.09621130740205e-11
SAT2	-0.26906788270095194	1.8234373026551727e-09
TP53	0.4914311570851838	1.4690987812409347e-06
ARHGDIA	-0.06051687107563768	0.008576649803925765
TTYH2	-1.1079047640093012	8.654782648833167e-08
FN3KRP	-0.26009121059972984	3.3802167168678794e-09
TRIM65	-0.10720481211543229	1.9440915731374904e-05
CBX8	0.6705960829021518	4.6941033428854055e-51
SECTM1	0.12485473541873994	0.14781671502352653
ZNF750	0.6577514031379071	0.005686866706825831
CBX4	0.5056355209108394	4.8106907710955416e-39
DYM	0.06957554594244408	0.004320358729406813
ELAC1	-0.08827882796261785	0.07585300595128701
MBD1	0.053450428005585325	0.040655740671246804
TNFRSF11A	0.7838636795680733	8.063307465043244e-07
ZCCHC2	0.13463042276493106	0.07927518922481049
ERBB2	0.34744266419340036	3.767417303970971e-13
PNMT	-0.8239905563545356	1.646301396363044e-07
IGFBP4	0.08244139549329473	0.061357753282593
TXNL4A	0.08379973312239347	0.0008763639337288737
AKAP8	0.34902192915934116	8.669199557955201e-32
MISP3	-0.37562226069021587	8.454914239496014e-09
ZNF544	0.22061766172484992	0.25194630373246935
PRDM15	0.3403425179471524	1.4752985699707079e-06
PFKL	0.08953081154004609	0.00039174440426583237
FEM1A	-0.07945648536509867	0.06173834097428176
SH3GL1	0.012151492037735634	0.6130987757429811
PGPEP1	0.005860349116896157	0.8649857893264246
ARMC6	0.08240452437189501	0.0013974107590152753
CCDC97	-0.051954020582492676	0.07671254186578753
ZNF155	-0.28976701434903857	2.1327333056512514e-06
SMG9	0.08823072435617732	2.2679362023483514e-06
IFNAR1	-0.0406710287629028	0.43894412412324335
SCYL1	0.39616593596568384	4.2621925056274345e-45
AKT1	-0.013470173125958322	0.6016704638777387
EMP3	-0.05773494611252361	0.3280983344487735
DMWD	-0.6493173063902011	1.2237030395059187e-20
SAE1	0.19414351557729226	8.70043689176389e-14
BCAM	-1.3131621520308543	9.450010498899709e-74
LMTK3	0.2159619526153006	0.04386668132750769
GEMIN7	-0.09793405477968531	0.03459860001644968
WDR62	0.3271298370732947	0.01577645194382921
RNPEPL1	-0.09938654521821223	0.041803770429594114
ZNF581	0.8079976264782884	6.244020729819564e-22
EPN1	-0.2398719510459495	1.890843985790917e-25
TIMM29	0.46933861115393327	2.2837895448995364e-23
FBN3	0.27134497702589194	0.0006708011771354458
ECSIT	-0.11657816103168055	0.0010679242531186305
EVI5L	-0.14444211558173112	4.1293137502003796e-08
TIMM44	0.34668216320587625	4.354487256962067e-18
SLC47A1	0.08625663669540673	0.5548517546107942
KLHDC4	0.38937299499403477	2.591307900178621e-19
PSMB6	-0.24527518911948287	9.563305658834906e-08
RPS11	0.5081042666918394	3.574610978254648e-41
RCN3	0.5774344275253755	1.185952010965862e-20
WRAP73	-0.2255800014302113	2.2531307894320886e-11
PRDM16	0.03549213608332932	0.6035998286417844
ARHGEF19	0.2552616637790156	0.02680670668380169
PGD	0.04917756717797111	0.23390970159915317
SH3BGRL3	-0.04668851245760812	0.09735534071540777
EVA1B	-0.4954611175510595	1.7795363214841722e-20
FCN3	-1.4161149906747066	5.421998688337361e-69
TINAGL1	-0.9620720238355916	4.767992889260386e-57
MOB3C	-0.10313240510512035	0.014303726750859487
SLC44A3	-0.08646700147224756	0.12915004960688933
CTTNBP2NL	-0.18226687805184466	9.813678093770851e-15
CD53	0.033864113758667075	0.5344907000963889
CELSR2	-0.3592829194871753	0.005145934471675676
MPC2	0.17646472261065538	0.00028921367409465994
SFT2D2	0.6559460094839228	2.5860959415131064e-21
FCGR2A	-0.5436185166475606	3.739243961795675e-23
NUF2	0.5864521023314224	1.0166649878253661e-11
UAP1	0.6809951166719013	5.376506515749011e-35
PRCC	0.39356427648446585	5.3454445058521695e-31
HMCN1	-0.20232464271593104	0.0004684271467369716
PRUNE1	-0.020370172283297135	0.5748699301999519
SF3B4	0.5816098002809881	8.536141151199797e-50
CGN	-0.03256654129380406	0.5058747205720918
S100A11	0.5307034017602354	1.122855961169664e-25
SETDB1	0.3069379332984302	2.398656606524544e-34
ADAMTSL4	-0.22808184407484078	3.290822017491721e-08
CTSK	0.17619256626622046	0.04070513019517369
CERS2	0.3453162695847186	1.4764958006588282e-13
POGZ	0.17433490048803532	5.313975048725767e-13
GOLPH3L	0.7574657069870772	6.411647031018446e-49
EIF2D	0.24085286141582782	4.1792847706595237e-19
CRNN	-0.6889625005346116	4.694932866286587e-05
JTB	0.2516585520910492	6.952021537693879e-07
TPM3	-1.0783638274727558	0.010441208677848915
SLC27A3	-0.5815131865785412	7.18683997077693e-24
UBAP2L	0.7284457284718201	6.193115799685509e-22
GON4L	0.24401659770392511	3.9843531884925146e-07
KCNN3	0.4505056131007495	4.405886962623929e-10
ACP1	-0.14419126840753183	3.113908006361563e-08
ACP1	-0.300095229767105	1.321827590806197e-07
SDE2	0.1717289539652185	5.2778602471539735e-11
ARF1	-0.02253007527469736	0.6591911449558893
ITPKB	-0.31425930655825024	1.4332465339053797e-22
C1orf35	0.6746793508254798	2.218553073847517e-45
LBR	0.17156140886414595	5.445209199121336e-05
WNT9A	-0.2754885429363198	0.22178230728401327
EPHX1	-0.10240369218506928	0.15341664653374765
ARL8A	-0.26028426904947255	5.982813969682624e-16
PDIA6	0.6205457375709861	5.409912974743897e-49
RHOB	-0.05110733872488074	0.3626913992346654
ATP6V1C2	0.4647619037880274	0.003296721037709452
GALM	0.23996554504344553	3.583867603075721e-06
VPS54	-0.09841600624004004	0.0008196470768829365
ETAA1	0.5069662737466036	1.0184436849503925e-14
SNRPG	0.324542770614088	2.13166466769243e-33
MEIS1	-0.8814275100945285	6.759675703456699e-48
MRPS5	0.5340217972061587	8.098420332249424e-35
TPRKB	0.15463178207314887	3.619557927990499e-08
EXOC6B	-0.2581284236444667	1.4437770929527637e-21
RTKN	-0.013874523427595847	0.65387105313839
SFXN5	-0.12051560757908131	0.007274858132813364
DUSP11	0.1343735510099486	3.9612881781563384e-07
SULT1C4	-1.029310314578828	2.2882573597300037e-23
RALB	-0.2423939216085858	4.843855418606985e-09
TMEM177	0.037725162878790214	0.4882097344049842
SLC20A1	0.14494948160192533	0.08761820615724146
ZC3H8	0.5587695145726735	1.5383065944295996e-17
FAHD2B	0.13406021765631135	0.012872940858829375
UBXN4	0.15390414909306652	5.291911952139637e-10
POLR2D	0.10662740407087382	1.3167337083109902e-07
AMMECR1L	-0.04895937685528892	0.5312920992488224
SCRN3	-0.037335741284008406	0.17597321544416095
WIPF1	-0.06789543957224663	0.018994942719020566
LNPK	0.13146093770822742	8.860868394843667e-05
UBR3	0.018002286412760925	0.39156102871768617
METTL21A	0.00044129027388668807	0.9930192109978256
NRP2	-0.27727746245439283	0.0990490028537908
ABCA12	0.09984301178968086	0.5451844189551341
SPAG16	0.4819437037875166	0.027185285709890282
SUMF1	0.2888721605787822	6.669977360970025e-15
ACKR3	0.37733444846889885	0.1306028563943879
UBE2F	-0.1766120274635518	1.4022879525201148e-09
PPP1R7	-0.27210523502311507	2.085098546736453e-07
COPS7B	0.19517403171414638	2.633573713371851e-11
VGLL4	0.4102910433294582	8.320238991436573e-32
RAB5A	0.013826142197930047	0.5811646940372085
CTDSP1	-0.6836280175968426	9.667365463236762e-37
CNOT9	0.24879916846767353	1.6299694410045877e-30
DNPEP	-0.5479928576440088	3.0072462357672476e-44
DYNC1LI1	-0.021763676651601817	0.2566346672464714
RBMS3	-0.6578028915140242	5.413527920835626e-46
CTDSPL	-0.5461238595725126	1.429304961117041e-20
STAC	-0.15804900204337613	0.5796516710380886
ARL6IP5	-0.3174895776219027	1.2756355053481247e-18
LRIG1	-0.2209159803559877	0.0006444946838636315
ITIH1	-0.8455478543023023	1.6873071624651447e-41
CNPY2	0.5360127820984265	8.701902234390812e-32
LIMD1	-0.6105510503029875	1.9794733567044646e-49
ABHD10	0.10288316537172315	0.0040719642514298006
TAGLN3	-0.5053517162832704	0.0310138770910242
PLA1A	-0.94647146836385	3.93787694114335e-14
RABL3	0.24807950617549734	1.4218239952607559e-21
ATP6V1A	-0.12858907946251003	4.669571263899596e-07
ALDH1L1	-0.3606520443468456	3.43310285524611e-06
RNF7	-0.10606003466459159	0.00016808622492259215
FTH1	-0.3016314071937518	0.00060024073066116
AMT	-0.3199566539674814	0.0005414803560402555
ABHD14A	-1.075011559873879	9.659938372182626e-06
STXBP5L	-0.9795248891924035	1.9288508199245833e-08
SLIT2	-0.6672900021509827	4.002714209702617e-53
DGKQ	-0.04888263191210701	0.1815993112481389
CENPC	0.13318306310033184	2.0623220364430204e-08
CORIN	0.034485592146845816	0.8189762668132964
ATP10D	0.19258179389701857	0.006205606139325879
SCD5	-0.24104174607254397	0.003581173029015266
ENOPH1	0.09689190874511451	0.00033641492315525514
GC	-0.837280051490644	1.879721804912113e-38
TRMT10A	0.5484561669612354	2.6512452129617666e-27
KLHL8	0.038843844006644784	0.6028645021236869
PYURF	-0.15095120349770522	0.0009955960459242668
TBCK	-0.1896864114037896	6.217945412216176e-19
CISD2	0.7260534983731189	2.280809573783131e-40
AP1AR	-0.17098760479702088	2.1545360407872693e-05
SPATA5	-0.10899958455605627	2.8347542676534607e-07
CCNA2	1.5402387874771128	6.991287578003444e-28
USP53	-0.4306648638822878	1.7109718581324487e-27
SETD7	-0.017982619916704322	0.5634491631886825
NAF1	0.3496662048925525	1.3143802176490058e-14
SFRP2	0.877515594045381	6.411020899294355e-19
ROPN1L	-0.9801972144933198	1.2143168518928746e-20
NDUFS6	0.23222831375709121	1.9954196733110588e-11
MARCHF6	0.32908465185550073	2.5194589850704464e-08
ADAMTS16	1.2524873361081106	1.6804823604205294e-12
SRD5A1	1.0683292921197274	0.00010756659814643316
MYO10	-0.08968783616202819	0.007080533576540367
OTULINL	-0.6024857354283153	2.6321868351839594e-28
RPL37	0.14519284889505818	0.08655867238769567
SKP2	0.07687414714478803	0.3994418909585439
OSMR	0.2557759922756241	5.6941481985752e-07
GZMA	-0.09943443449849827	0.09762615333585767
PELO	0.16284335861485483	7.067812116341291e-12
HAPLN1	-0.10738713033709701	0.3063113531134364
BHMT	-0.3582324575800243	0.23434328929607268
IQGAP2	-0.3321406474172561	1.1803177234574876e-11
RASA1	0.0561785263652852	0.026509364807566868
FEM1C	-0.03227786326343003	0.6921989581913525
COMMD10	-0.21524739064051487	8.180596261736617e-22
MEGF10	0.40163578601243105	0.28124342719732137
YIPF5	0.37423799413333025	5.439687513187914e-14
ARHGAP26	-0.09579088707526752	0.010974785787325886
LECT2	-0.6673471896719834	1.145691165814971e-11
SLC25A48	0.729287847926313	5.5503526861134114e-05
RNF145	0.35888704643322955	1.4096959560214092e-10
PCYOX1L	-0.3910180264949915	1.2365206693865668e-20
NHP2	0.3953712497221431	2.0822589564795533e-32
FARS2	0.16171139881227745	4.454844600209328e-06
CDKAL1	0.3415302918544368	1.8932278903517213e-21
ZMAT2	0.46675085172154573	3.3160285651720437e-44
GFRA3	0.5091055280753117	3.158496925799433e-05
H2BC1	0.5713267300443379	0.00860109433641215
HIGD2A	0.33160194524761744	2.223487865608639e-09
PLA2G7	-0.3492818521784306	1.1838110640317677e-06
MMUT	0.11993545976827066	0.0006259860646069154
ABT1	0.2764479122043707	1.1728862905373254e-11
PPP1R18	0.099458439371926	0.005043924927337964
DAAM2	-0.5622902491034598	5.903923067886419e-20
SCUBE3	0.14620681381822415	0.04704950008060114
FGD2	-0.28380794795666947	4.7075588619659506e-17
NFKBIE	0.39226780512489545	8.736106966883481e-28
PHIP	-0.030479223148548375	0.2687311521171329
MMS22L	-0.1483266530401828	0.19289041530313272
PM20D2	0.42707296190866084	2.417888260686965e-14
TBC1D32	-0.3564294852057741	0.007749674794820818
SHPRH	-0.1596829326290275	0.005732031520488146
AIG1	0.08775633185406313	0.28514767254508355
QKI	-0.44428164832740835	1.5791123187916083e-67
SLC22A3	-0.16631291754760608	0.01244225384646547
VWDE	0.04779486131404448	0.8541073801840325
GNA12	-0.3106799166970015	2.387724049228045e-27
ESYT2	0.10502992836794903	0.0013180393056662948
RBAK	1.2954832463968737	6.373890954159912e-32
GGCT	0.4993207418034753	4.212566691157979e-16
EGFR	0.2190150308913349	0.001762447326827004
CDCA5	0.2560624603221496	0.03283361727452948
IGFBP3	0.3468236600658411	7.031058569465163e-08
IGFBP1	-0.1349600672950597	0.3146013859583272
CCT6A	0.2541858140041241	1.8671395992440217e-25
PSPH	0.3083325115636818	1.4635810256840473e-09
LAT2	-0.25630762902889137	1.2923479478579153e-05
SLC12A9	-0.10217732485188367	0.0020899811546853447
GIGYF1	-0.04604174260631681	0.054106220580436175
TRIM4	0.041344820619906575	0.05581312860374913
STRA8	-0.28183286024938037	0.6165425321982899
ZC3HAV1L	0.3154067217539671	2.215782200343412e-19
TLK2	0.15306276347939782	2.444083421071472e-10
EPHA1	0.06805434372965859	0.26623561671081464
NOM1	0.6082715759202656	2.7164464060818646e-31
DENND2A	-0.7208985156499658	1.4270330192645712e-37
CDK16	-0.08178296276226307	0.00884277849390803
CHST7	-0.5509136077101184	0.010654410973533594
NDUFB11	0.3520601969180325	4.843041589392342e-16
TAF1	0.04176709646059271	0.1648623755907072
NONO	0.23501352112659515	1.4286196117576133e-33
FRMPD3	-0.1200050560765181	0.5703100008795333
UPF3B	0.17918899881500888	5.543347662051169e-14
DOCK11	-0.38711584469900473	6.581736834790927e-35
MFHAS1	-0.06254250130257015	0.29640257703365036
DLC1	-0.7635343562923345	4.897516917087979e-53
MAGEA4	0.3070204370299665	0.334063563791926
ATP6V1B2	-0.14837072136571697	7.65561265857216e-08
BIN3	-0.30840623363490566	3.7471636649172526e-17
DOK2	-0.36024716975647875	5.3797170406139676e-15
TNFRSF10B	-0.6942116410116739	3.6621243490829316e-07
DOCK5	-0.028431347741034837	0.44871729453046777
ST18	0.13945246219247423	0.5407973771354097
RGS20	-1.0655968116226415	5.525741118898468e-08
GINS4	0.6190163602882266	2.047445575736338e-13
ARMC1	0.06574277783980939	0.006417114526677646
DNAJC5B	-0.3105421502943205	0.0012796950074268562
MRPS28	0.47889536015663203	1.788846101969456e-22
LACTB2	0.5647837541360511	1.7505127004369974e-22
TERF1	-0.05165153759259519	0.16635307662824836
SYBU	-0.23841654840074786	0.0003865470119305147
DPYS	-0.3589671661927937	0.0004898914815077767
LRP12	-0.6711874812647199	0.016925928402665484
EIF3H	0.23785955513757429	2.8502361461534174e-38
NDUFB9	0.046752605280998755	0.11090890239342956
TATDN1	0.11945790602029506	0.000230982834174415
C8orf76	0.352247271035971	0.0004940255929126412
ARHGAP39	0.10845315597281797	0.0991050734924675
UHRF2	-0.05840615473841247	0.03458380803176885
PLIN2	1.278324550180949	3.101125214473483e-33
CDKN2B	-0.3370802979310366	1.1827357028256947e-05
SIGMAR1	0.03636766603594912	0.6498363542892921
CEP78	-0.2883685483475875	8.522886091915255e-14
FAM120A	0.24034003390351155	9.816731215882803e-24
ZNF462	0.16497951513759937	0.0008069755317367806
ASB6	-0.2756715243044563	6.642301466265341e-09
LCN2	-0.39401015907032205	0.0001676187802374212
PAEP	0.21149365743561388	0.27352531143810227
PNPLA7	-0.5943552248282931	2.960696283840367e-18
DPH7	-0.0703745181472425	0.07354932760705041
NACC2	-0.24896611139428093	2.7473311971922405e-07
PROSER2	-0.27464083005381956	3.8613359483390815e-11
MINDY3	-0.428069324256278	3.244187258585935e-24
NRBF2	0.19806795187799792	2.1758085441223446e-09
GLUD1	-0.2158974314280404	2.1184027325752921e-13
ADD3	-0.7809116121329092	4.265086258414284e-59
HABP2	-0.6405152731704733	2.3076648744280695e-33
SORBS1	-1.135500463449691	1.5503960443344658e-59
FUOM	-0.29248514086025934	8.54917525719945e-06
PAOX	-0.7946699253679563	1.3658448484837767e-08
ITPRIP	-0.38701429424564426	1.7764200437453816e-18
BCCIP	0.29771610049872843	1.625320164328804e-10
BTBD10	0.19212834196136305	0.0006273868516911854
ADM	-0.8116121111342184	0.0008287049657938019
GAS2	-0.05575891347869644	0.5962965795419104
LIN7C	0.04025222692891658	0.14927331725794662
CARS1	0.029494809054129663	0.8193155262704928
PGAP2	-0.5670594857291344	1.6537283074063993e-10
SCGB1A1	-1.493101324024199	1.0399290872468592e-31
TNNT3	-1.0666140427139723	4.363709614337199e-15
HSD17B12	0.05318854435782987	0.15254987261300093
SERPING1	-1.0750331180532287	2.2463874492815652e-60
SSRP1	0.5749554514866302	4.693346547207862e-44
TMX2	0.3491472229310827	3.811831799374407e-16
SLC43A1	-0.526443155989325	4.358714567244756e-06
HIKESHI	-0.2833774484410345	6.08755391068301e-12
ENDOD1	-0.18104654242088747	0.00014680768267757703
CCDC82	-0.15928797359051697	2.237786400058669e-05
TENM4	0.4223880563576189	1.645459915448371e-08
ZC3H12C	-0.28771443454589085	2.659282037033918e-10
C11orf52	-0.3061511862393351	1.0568352409566391e-06
NPAT	0.24512664259616723	5.876672755582671e-06
ATM	0.021868412921822084	0.4635871324098095
AASDHPPT	0.3652757910362562	2.7173253807877804e-28
LAMTOR1	-0.18089897547098047	1.352619114347452e-10
ST14	0.5863208780075463	1.1234546108750856e-25
APLP2	-0.03771173517766965	0.8268614322353198
OVOL2	0.5156273153962764	0.029818169230357437
MTA2	0.2315862224501385	5.63021750594396e-30
FADS3	-0.23207951288922435	2.3586838632996133e-06
FADS2	0.45340855706118266	4.581601917941752e-06
INCENP	0.5456881607108467	7.42997979713077e-05
WDR74	0.26595310143304685	1.295186168023212e-18
NINL	0.4409743278330813	0.03661226153247029
MS4A2	-0.6642095179437838	2.6016172623023748e-05
EI24	0.5528225521913018	1.3293038726418163e-23
FEZ1	-1.1197961183930407	2.878433093234059e-42
ESAM	-1.276038517082994	1.3014148752861954e-83
CEP164	-0.3756753001344525	9.939858469183088e-17
MPZL2	0.15994444538203917	0.003172639545593357
COMMD7	-0.47056952892529946	8.354951505050408e-10
MYL9	-0.8119497642415506	1.2766984125789815e-48
PIGT	0.44198484444289565	4.9422767650371454e-31
LSM14B	0.5583327182434578	2.496789999755535e-26
CABLES2	-0.5771389667249569	2.626052524488149e-05
AIP	0.16926065368825427	1.2354487551765805e-10
LTO1	0.27899033058411643	0.0012748819763847778
NUDT22	-0.2684050863453295	0.00027480668963263274
FERMT3	-0.24415306378035653	2.661984259539615e-09
PLCB3	-0.2982524856689839	3.8192887636010774e-25
MRPL49	0.5207194933503008	2.91883943130366e-27
CAPN1	-0.21747881747760497	2.0214733623321765e-20
CDC42EP2	-0.8105323643448132	2.0284940752615152e-67
TM7SF2	-0.36627462208267675	1.8372575601504853e-06
VPS51	-0.05406075726294104	0.00035131544933905364
PPP4C	0.14197339879915621	2.865219267962702e-10
HIRIP3	0.05734214996571993	0.10221392849578481
TAOK2	-0.21304811252297637	2.3317800503588426e-21
MMP10	-0.1508167770141489	0.13267895569561586
SIRPB1	-0.8670500736035426	0.013038094916456156
DUSP6	0.11949806155725215	0.04953299750509084
YBX3	0.7192383855844662	1.5719160831034081e-18
CTF1	-0.5147507972183578	8.656584992921051e-25
ARID5B	-0.043315989424834375	0.19796532272174422
UHRF1BP1L	-0.04399722268263237	0.02107736634990964
KIAA1328	-0.019972144677268353	0.7105466895615693
HNMT	0.046164890826625324	0.3955591030764098
PDCD4	-0.08241019210985409	0.0510326015117909
ADRA2A	0.2527115530280841	0.03509835435141563
GPM6A	-2.1430234242828714	6.490512816482871e-60
WDR17	0.8650883399310492	7.660250875341447e-05
CD226	-0.6142048598186436	7.28628690175928e-12
DLG2	-0.3568384537721975	6.070630295976535e-08
PRSS23	-0.03760029470115779	0.5977214719741145
CCT5	0.20489036737847788	5.006126283212552e-18
DOCK1	-0.20409164584960424	3.04677174773453e-11
DLAT	0.11737727078776423	0.002134010204153968
PIH1D2	-0.43166322389066514	0.05730782967366719
IL18	-0.0644742224724818	0.16457542155293772
PTS	0.80284540527055	1.5684546761100934e-20
USP15	-0.16119893414804348	3.5151876321043986e-08
BCL11B	0.2792054258628207	0.01109318716701275
FREM2	-0.3921339286477848	6.040850004465524e-06
CRIM1	-0.4882786485528988	8.902295304966029e-23
SEC24D	0.6010850994651433	1.3251357595652187e-52
DENR	0.5674348259871227	4.8393358731368e-50
RILPL2	-0.597916304638197	1.1699335273418603e-46
TKTL2	-0.7073940124768359	0.000754074695839093
SLC7A11	1.162081837149061	0.0004940120136242985
NOCT	0.048674787845225595	0.530651336685198
DCP1B	-0.12204273639496416	5.44437449196041e-07
NGLY1	-0.04311854336829361	0.08967244047747013
OXSM	0.00188479294921709	0.9568367482151294
LDHC	0.3128045389891027	0.01127995182608645
TMEM86A	-0.19669638097645972	0.001112978934350196
TMEM263	0.6377817902676686	8.053292367376193e-52
BTBD11	-0.4601512693720976	0.03194779891597406
PLBD2	-0.055658237352926784	0.1868287442979161
SLC2A13	0.17778123531708595	0.0007435923452362126
GXYLT1	0.18588748998764615	3.848962013121724e-06
DSC2	0.5735336972775945	1.344409663557703e-18
MAT2B	-0.08102156036937558	0.5708727489862598
NDUFC2	0.2914831935815236	3.8029573816941525e-07
NARS2	0.2576458067829233	1.6662717606441113e-09
NUBPL	0.12346855387393588	0.012694370747325576
FER	-0.47006264932317426	2.3403319401625696e-59
CEP128	-0.41437523468499804	1.2164415317327828e-29
CDC123	0.16671074106403533	1.1466157730364238e-09
SCLT1	-0.16436665534278821	1.6819964083431607e-05
C4orf33	-0.04377295869157358	0.5982015755541243
KHDRBS2	-0.9463760550901935	1.0050895086817102e-33
PTPRO	-0.5231803981387005	1.2582314390316375e-13
EPS8	0.1306278191804037	0.0010333882265711185
ACAD8	0.347157486718662	6.363148768082963e-08
VPS26B	-0.005893442675042486	0.8048952900449106
QDPR	-0.5925526953708102	9.370443434854193e-57
CGNL1	-1.0314577380183683	3.775361273566581e-55
WDR35	-0.5035338424874006	1.924407481080597e-44
MFSD6	0.2622688246393392	3.180344853354979e-09
ASAP2	-0.5584078196083715	2.5775586252925448e-27
TMEM45B	1.1422743794431975	1.3549214713140672e-22
CENPU	0.005173001242491079	0.9855425023473622
ACSL1	-0.03019021820158241	0.5244726895152241
SLC25A4	0.08596511862031081	0.11551104557906396
AMN1	-0.10741360247053813	0.06422784056121252
NBAS	0.07486606305696801	7.431626571848578e-06
GUF1	0.08178825385145534	0.03802693050177212
PABPC3	0.09148972637851756	0.14926255098249894
FBXO4	0.20246288918306113	4.719224968769786e-07
PARP8	-0.234704400211874	0.014366049400885086
NVL	0.34780630683575137	3.0637413414542996e-26
TXNDC16	0.028377503313947602	0.6486197742690475
KANSL1L	-1.105262830218755	3.44541639981463e-05
EPHA4	0.13423391645811575	0.023955360124760974
FARSB	0.25799627712956535	1.6933704068156713e-30
RABGAP1L	0.08439299484787462	0.01390249675721419
MGAT5	0.3577048825378268	1.1945058181620517e-09
TMEM163	0.027712450876578296	0.6638780784831098
MED13L	-0.050129016184514305	0.15803455401553584
HSPB8	-0.5738921846386815	3.37915286592966e-31
GEMIN6	0.2526055145497841	2.225294804693891e-10
OBI1	0.41089059558679064	2.857842264165622e-14
ZC3H13	0.26105039950433284	0.0002431105244096171
ARL11	-0.23440264585926193	1.3585153764018155e-07
ARL14EP	0.18066875822588352	1.7159692543675383e-14
EPG5	-0.02702526242023165	0.48398089296868113
ATP5F1A	-0.039419331795836975	0.18052539344671295
HAUS1	0.04996162704516502	0.15755085210068054
SPC25	0.1749598744199342	0.026133441724250073
PDK1	0.41585779068382966	2.9800011791190135e-14
PDE3B	-0.3368111072949186	5.3994315253819985e-09
TGOLN2	0.533623285086154	1.1579039411712296e-27
ATG10	-0.10659949842969928	0.09393143964834476
SPOCK1	0.4988110748310748	0.33059557840685755
FAM151B	0.005303053880681613	0.8921256017510677
CWF19L2	-0.018506651900019988	0.4692086468640853
XRCC4	0.3703431468816934	8.211963507917435e-28
ANKRD44	-0.23066749148145144	6.325519186112193e-16
MARS2	-0.0883658935608059	0.09600300107713627
USP12	-0.46077050490154764	2.508973595244182e-28
CAMK4	-0.21543457046730297	7.154661204264642e-07
ZFP36L2	0.005502676884857487	0.8867320654182611
FLT1	0.20239403838603337	0.00021171271478531015
PLEKHH2	-1.0496950085968786	1.9562613839618297e-58
PPM1B	-0.17879605251341202	0.00038642283335868163
SPARCL1	-1.0678251603457092	4.825788524727397e-50
DMP1	0.6335057138802889	0.0004473596574513095
NIPBL	0.18658374592823992	7.665437507086393e-19
GPD1L	-0.509837558965074	3.199863035370311e-17
GJA1	-0.1511656561064661	0.009065047154973976
GMCL1	-0.6376441436761915	3.121851503292315e-09
TIA1	0.41572084508969087	5.089482444921361e-25
SLC30A6	-0.008214942499365146	0.8293589983983798
ITGA1	-0.7738459704713623	1.0015808246612427e-38
JADE2	0.020034243732789087	0.5729926309012058
WASHC2A	-0.16232043437765364	1.822990013641618e-13
A1CF	-0.13689088317641335	0.6723074851944094
BMP3	-0.1759964718801594	0.08099569312863389
GGPS1	0.4219224036396183	1.4332578514783266e-26
RAB3C	-0.12337391356279344	0.45790348921022284
RASSF8	-0.8574036540767198	4.081391214118661e-66
MED21	-0.034918641364587076	0.23204853477866005
PLOD2	1.2710098458741106	1.779739958754178e-35
CPB1	-0.12543119250601273	0.6378290617491046
CENPH	0.4282249417663166	0.0003680996086800293
NUBP1	0.03993909011156323	0.08695393735464868
TXNDC11	0.13046725551098481	0.00020212480936376978
RIOK2	0.27564991355456925	5.519715235958389e-12
CETN3	-0.1098543431868412	0.030898468018231356
SMARCA5	0.3697446410871372	1.4899913346496171e-37
BMP6	-0.5328421202073932	0.0007462896164768451
UXS1	0.019568722551386374	0.5993129322699356
RANBP2	0.38626326799625704	4.295024866384324e-50
TMEM87B	0.883967105181882	1.6645588600859537e-50
CCDC148	-1.1767943600537676	3.806912603987128e-10
PLA2R1	-0.3707304495532703	0.014549847461035886
ITGB6	0.12817332557233097	0.025392564349240775
CADPS	-0.32489998892075755	0.010957571925498665
ATG3	-0.03758462634997373	0.100195071918195
TRAPPC8	-0.16748770956578427	4.2116114653862085e-19
FAM81B	-0.13580461931929308	0.31228894869045
DTNA	-0.15447864893046345	0.023740053221831686
LPCAT1	0.21201786341712187	0.0014388715136374533
NMRAL1	0.23399042795864788	4.830635605054543e-06
UBALD1	-0.055175638744838634	0.16296417744599412
CMTM7	-0.012723940230832481	0.9264064427132807
UBP1	-0.013330928990378736	0.5353124207703027
RMND5A	-0.02099686391829128	0.21417651789965986
CD8A	-0.25902219665502696	1.778455665386044e-05
RPIA	-1.250481933773929	1.817943872127478e-45
VILL	-0.42635262200799845	6.950458588373778e-06
SERPINB3	-0.41945436017152404	0.020967686880068885
HGD	0.4258154083283299	0.0026285060725063547
GTF2E1	0.18072948659414415	9.872308221737944e-13
CFDP1	0.21641617452982154	2.931445483968105e-08
JAZF1	-0.050094848967305976	0.3495795460840548
CEBPG	-0.1758651556445103	0.024314175597424624
DDAH1	-0.04021554482886884	0.48986896133252605
CHD1	0.33596045020444043	1.309871292916102e-23
DGKE	-0.13336991685689983	0.08555532406665259
MSI2	0.7941257666033759	1.0747396940751716e-54
GDPD1	0.10357180719100059	0.03399425153576403
GRAP	-0.7603512024779946	5.007405984745941e-38
IMPACT	-0.25835051483459415	7.493437279187438e-22
THY1	0.3864485966236062	3.447792362813582e-09
UBASH3B	-0.08511658801314631	0.010850168228416286
OTULIN	0.21167154369946356	6.222586114478362e-12
NRGN	-0.6169706613343895	4.30602956939151e-12
TOMM70	0.6089334711256025	1.0777359245990073e-53
CC2D1B	-0.11623784843578767	8.499777845970755e-08
ABCA6	-0.9183705422188473	7.080688959837443e-52
UCHL1	0.24282460318777813	0.011471821577110379
DISP1	-0.5830471205423414	4.2710362867044736e-10
TNIK	-0.2934409137059689	1.906719496961499e-11
FAM167A	-0.5732854341458303	9.004654019988068e-10
NEIL2	-0.10761434826239127	0.012581742859908221
TRIM11	0.06442024324939631	0.05261592688666005
CCSAP	-0.10267325759871491	0.10829283121634266
SH3RF1	0.018478447396127824	0.5643765935968588
DHX32	0.34846163250180173	4.177484277341274e-13
OLA1	0.2556955920694133	2.7848489757087465e-21
PDLIM3	-0.3993832334466014	8.81086552945273e-20
ELOC	0.35176749553248454	3.6578058976059176e-44
LY96	0.4683800617501668	5.521387707278953e-13
CXADR	-0.19431079713091887	0.003030626754470128
BTG3	0.09974058329868715	0.32784443573523697
C21orf91	-0.31820415089253434	6.278561501321889e-05
NCAM2	-0.3695094765756687	7.826130858749693e-12
RABGEF1	-0.03164095832671316	0.07656084868865322
MRPL39	0.47338104871342196	4.675153547618953e-32
ATP5PF	0.06703507666538894	0.02160104077611604
APP	0.06529470748883877	0.17368791011057932
ADAMTS1	-0.6432932663803499	2.3321846715454832e-22
ADAMTS5	0.8122314179758615	6.449643525338123e-11
TSEN2	0.07678724251148746	0.0461259075413042
SLFN13	0.23245946246490096	0.008845967817270801
WNT7A	0.42971466788122004	0.08300938466086394
XPC	-0.13293826082622806	5.5654814212524096e-05
MYO5B	-0.16915195062077998	0.00011525923588020922
FGD5	-0.8411449253135013	4.686365574626385e-69
FLCN	-0.12383913359416794	1.1234975195929137e-06
OXNAD1	0.07837017045493329	0.1123177624917812
ACAA2	-0.4121615784327934	1.8490150215755264e-21
CXXC1	0.1881427799446475	4.876115710528214e-18
SKA1	0.9184901351471297	7.905411844522964e-05
USP43	-0.040806749322793656	0.3208849302643534
RAB6B	0.027558299460650103	0.7114110969480113
ABCC3	0.7447223242194319	8.307902914393034e-16
ANKRD40	-0.15549712447427522	2.140768983437677e-05
VOPP1	0.5143760626343805	1.2591686758632699e-06
DKK2	-0.7112379195126901	1.2709417461725173e-10
CA3	-1.6714917538402807	1.0176527094871043e-51
ATP6V0D2	-0.47586519734941013	5.301369677961612e-10
ERCC3	0.18141248505354376	5.456133000800152e-17
KLF10	-0.020196654756868535	0.8135717381189999
PIP4P2	-0.34699729632433046	9.085717449073429e-18
OTUD6B	-0.12127745969638108	0.0002596011025589035
AGPAT5	0.2949225573029416	1.1839879666976073e-10
MAN2B2	-0.2572593460993566	1.3442875576314302e-11
HSPA13	0.5653166675343647	1.0230908493942038e-25
USP25	-0.054398894240416176	0.04333737209876569
GRAMD2B	0.43955231344348955	1.5374935147905462e-14
C16orf87	-0.014557998722354498	0.9044600693787966
RHOC	0.3065870436312865	2.092431291762143e-09
LONP2	-0.09215422919763513	0.003860476083515455
NIFK	0.37894785906533	9.085599168487977e-21
OXA1L	0.5535136433151238	1.7190779167347189e-23
SLC7A7	-0.23829349714779477	5.662442263412368e-05
GEMIN5	0.28297797566579164	1.1432407934485926e-23
MAGEC1	0.1596456287664151	0.4752381049665559
CNOT8	0.1984860619317973	2.938362509407979e-08
AKR1B1	-0.22889861839533426	9.764577355952571e-05
SETD9	-0.11348948017137254	0.21727365544343907
NUP205	0.2754290725838289	4.6022214469161327e-35
C1orf112	0.088224341448738	0.301489046797467
XAGE2	-1.0056088406900903	1.2054676254396854e-11
RBM45	0.17248535239101287	1.8979780136901648e-15
PDIA4	0.961846790598317	4.4457697534530395e-43
CASP10	0.08114021317320359	0.03147974530213878
FZD7	0.016029659792931278	0.8482185977239136
DEPTOR	0.481194621223474	8.009869550372496e-21
SLC26A2	0.017751821406352203	0.8084130012574964
CSF1R	-0.34850997158526054	1.0568308254017754e-15
LSM11	-0.3029629634147488	0.0046499187644037905
MED7	0.23422815242676914	9.456400148945377e-12
RASA2	-0.03584467072595811	0.11366619379432355
ATP1B3	-0.1553591595102095	0.00027279373957485385
SMC2	0.5786955700347003	1.15125331547051e-22
VBP1	0.4064889873749439	8.562805733012326e-39
VAMP7	0.21259484796546804	3.5114549568660584e-08
GNAQ	-0.9632114959072653	4.8622290248276093e-70
WIF1	-1.2890131871044472	3.1335862851797266e-19
KCNMA1	-0.213860987095979	0.000516436359567724
BATF	0.6492044444808526	0.0014132984837537874
DCK	0.2924583797591648	8.501905355107567e-18
C8orf37	0.06164230686145797	0.1682270593723478
DRAM2	-0.01563479883958087	0.7419795116727238
STOM	-0.9288399897689207	3.1387234795070017e-54
CFAP161	-0.6330904055550224	3.88331529725328e-19
NAAA	-0.59603233817762	9.99183631419753e-22
ADAMTSL3	-0.8794073448615429	1.446794129651152e-38
CXCL13	0.3607033658135137	9.057327995991151e-05
WHAMM	0.10538959013574656	0.055356296439460745
CCT8	0.24450458908648542	8.909890933893247e-24
NAA11	0.43757435639510733	6.418287340608763e-06
BACH1	0.05915923778131591	0.02546909278017524
TIAM1	-0.26979927203544873	2.5718611944945582e-09
SCAF4	0.3558105814033543	2.6906849828723894e-32
ATP5MPL	0.33374976670415235	8.006795276733045e-09
PCDH1	-0.6788935964768879	1.172674389951095e-30
UQCRB	0.45137428511393374	4.557350359365888e-20
MTERF3	0.18467939538595882	2.666704120891409e-05
RPL30	0.6718123399648469	2.2490107949215663e-68
TYSND1	0.045352368824126396	0.525985867293458
CD109	-1.2758719552481566	3.382064836928457e-67
PRG3	-0.4345297834821047	3.4713627767787155e-06
UBE2L6	0.05389995300254366	0.17455754652215857
ZDHHC5	0.1570997373473324	2.6863218121733337e-07
ZFAND3	0.3912743756542247	2.8926537525296224e-21
KAT6B	0.025642505301156658	0.779110866027996
GLYATL2	0.723340387644628	0.024820735169592243
AIFM1	0.34711728541387	1.0654802550492841e-15
BAG4	0.16211328640991418	7.137693251307457e-06
TBC1D31	-0.1784760013211175	0.00019033193371040147
WDYHV1	0.1301772253707595	0.011609199104623134
ATAD2	0.3437783952482835	1.4602116289595064e-10
NSMCE2	0.15370716321543393	1.8927970388896216e-07
FRRS1	0.1140206483310167	0.07791240439827082
SASS6	0.40423281584446297	9.337230926000906e-08
VPS8	-0.09228823752146086	1.528102360290166e-09
B3GNT7	0.31615741203328324	0.00018208103483161297
BUB1B	0.8920147347466254	3.0524343367812497e-12
PDE6D	-0.10367271661209215	2.723531635852487e-05
KNG1	-0.9877621983920435	3.9843861175105e-43
SST	-0.1885461932802457	0.528715758850889
FANCD2	0.29133492029108315	0.020489597242889714
GHRL	-0.7379217524077045	0.10354538594120292
NOMO1	-0.27341934544269625	0.0031699691252223736
EXOG	0.26183254371455567	2.6188692081123378e-08
HMBOX1	-0.55482774374399	7.305068377237176e-38
NTAN1	-0.3275923802676368	8.681296758397792e-25
NMNAT2	0.06923810916970125	0.8506732326229186
ZFYVE9	-0.538384038416172	5.410648519760992e-45
SLC6A1	-0.7826950500657164	0.002256760273926928
ODR4	0.3524599607981124	1.0085144246524062e-24
PRKAG2	-0.28692501520184993	1.92820162305649e-16
STEAP2	0.2339780599489491	0.0008187134642925406
CLDN12	-0.22765034004709872	0.00032169367047831215
FZD1	0.2940623678177132	2.0578186116972418e-07
HMGCR	-0.06641946565266071	0.33910961115598387
GATAD1	-0.02862164365569162	0.38447239125154115
THTPA	-0.10523625734699557	0.0004176062556560846
PDF	-0.004528839080641781	0.9170904743290976
PDPR	-0.019867271039867154	0.5410036830856629
DDX19B	-0.035999508475825115	0.17889449130986299
FCSK	-0.09430599200604145	0.007589867365370274
MDP1	-0.24030049492216843	1.2064025989764057e-10
DHRS1	-0.12413728781088554	0.013250735555592134
KIT	-0.5965054504007862	9.732182166719873e-16
CCNB2	0.4541017852314874	0.0006611133830990932
MYO1E	0.39215430619545677	2.3097301301115876e-21
HMGA1	0.7730076836069856	6.348248458407475e-35
APPL1	-0.4177327624015463	1.749868662507578e-48
ERG	-1.0950376333880503	5.696359151655383e-85
PREX2	-0.9236074853978584	6.095332504816828e-42
TMEM164	-0.33132859857670854	0.025340965295338597
TPM1	-0.7449368665972365	4.6926350712220416e-26
ZNF618	-0.07795247583576068	0.24079192257632598
TMEM268	0.05937098746687916	0.6560723550395694
COQ5	-0.32327933275413134	1.3568450795252284e-15
FMNL2	-0.11133469383822403	6.04596778233123e-05
SPPL3	0.35005462463922526	0.0016259950350320516
DRC1	-0.3986623278394394	0.0030037762920338794
RAB28	0.045613171727047236	0.6744690768044208
MEGF11	0.46296532850235106	0.21131983440993438
C12orf43	0.22916594166073584	1.2926469194678042e-08
SMAD6	-0.9357811755987504	3.0853801279822124e-10
KRTCAP3	0.6130675719702535	7.262663136002427e-26
WDR66	-0.7280094206646279	0.00015043715604603873
MRPL17	0.3865420387870022	2.7836156769809627e-18
NCK1	-0.14932644902587602	1.2127873578090907e-09
GALNT14	0.11138388325575149	0.3995075848747472
HPD	-1.1424619864783687	0.0009421744650352712
RHPN1	-0.29616300711538723	0.0019364985662630515
MRAS	-0.973104410181304	1.2772771917595144e-75
ABHD3	-0.2664890017884172	9.498898149677701e-07
PIK3CB	-0.091655335761758	0.0001441597072401127
LRRFIP1	0.12660977382103603	0.0001693834530742035
ACTR1B	-0.3688018040116391	1.1882126434674194e-32
RHBDL2	1.2673575990161152	1.2142217422544448e-16
SHROOM4	-0.8835454136067795	2.2141102556909097e-62
H2BC5	0.34229403590198193	0.0006667952154520942
MITD1	-0.3001611449435541	2.906014077347796e-11
BTN3A1	-0.5012131968506632	6.543111121152185e-22
EIF5B	0.5952496862712806	1.2753110712410203e-60
CNOT11	0.16934595667596603	5.254640660263643e-13
ACSM3	0.20263241171698457	0.004601973962528623
CD1A	0.25769854481714555	0.011681275272051414
SPATA2	-0.015649357591971974	0.7560960023805142
NCF1	-0.32961335980549056	1.052947942509875e-08
ZFAND2B	-0.05316255192825574	0.04739482762987711
SLCO2B1	-0.41050156392401066	2.183454489329009e-13
PAGE5	0.13496457921332083	0.5140769732942583
ELK4	-0.23383092204846026	0.005528849564649844
SLAMF8	-0.22437181152556593	0.08705408634489858
NBL1	-0.23326027136273852	0.001561524744363243
ZSCAN23	-0.5171896860865282	0.05411695999324522
SPATA2L	-0.11343101028635474	0.03139670000450465
FCER1G	0.16225911369034365	0.02477880613308393
FAM160B2	0.14437822218224183	2.281325937772784e-05
PPP3CC	-0.38858200599220866	2.3383600901662036e-34
ARHGAP17	-0.34185696127632487	3.52079422857024e-45
SEC16A	-0.3947304918840853	1.2377534861436213e-11
CACHD1	-0.28770538458139466	1.0394555474299723e-06
TMEM141	0.34913311397042684	0.029472961034644727
MIS18A	0.6290991622050545	3.815336891231088e-11
CFAP298	0.294777316881925	1.7439402498838122e-11
KPNB1	0.11184628811177008	1.6357467911893577e-08
WNT4	-0.014506618824507864	0.9255066365542939
IL10RB	0.0011182464646837253	0.9811099047069277
MRPL10	0.5450098334678519	1.4430937700154357e-22
SLC12A6	-0.09329395682095415	0.0022251550502531752
SCRN2	-0.38321719541046273	1.7940476451216468e-27
NCOA5	0.17493994672292362	4.093144883419081e-19
ELMO2	-0.20093428785894127	1.0550062699254054e-14
STC1	0.34645286041368295	0.0004844339128810325
OGFR	0.2802735719351299	1.3328155484404043e-17
ATP5PO	0.05972014667000761	0.04950143274918666
CLIC6	0.8061476625206847	8.243114729352299e-12
IGF2BP1	0.2473441384949302	0.3411077545229426
CBR1	-0.04325018726584628	0.41097496739322453
CBR3	-0.08545752984784903	0.13793437763096675
NPTN	-0.056836379417514196	0.10161195811484314
MCAT	0.3067843841172082	3.9569819040391195e-16
RFX5	0.09045809600115082	0.0025085378985192806
PSMB4	-0.08055576986431379	4.6656638301261405e-06
BTG2	-0.27330917962838275	0.012813163704964596
HK2	0.2273280461433397	0.00039556903007623596
CELF3	0.8619895336700434	0.07800162231972972
ALDH4A1	-0.0640606707024705	0.1600104337337038
AMFR	-0.048162980573358834	0.0915500368958165
UBR1	0.1214450896060489	2.376646790285521e-08
MED8	0.4411056583998417	6.346208970115732e-44
MT1A	0.3250903849176356	0.0016552440684347227
GSTT2B	-0.6022809115781937	0.0004914356145803476
CPNE2	-0.3577377266724544	4.0950633407526756e-21
GPBP1L1	0.05089573082740616	0.1333195897996705
NAE1	0.0862371165537074	3.4157892763327175e-06
ADGRG5	0.30052619524151636	0.0018509851997052912
CBFB	0.8311053700210851	1.8315519166389206e-35
ACE	-1.2107792558282444	5.017983752262122e-63
SPON2	0.22875912495925732	0.0018989370394467558
CHCHD6	0.07538259522237764	0.030160223297904538
CTBP1	0.04223418688511742	0.04785558393404489
TPPP3	-1.4621064025418642	3.42705911600923e-34
ATP6V0D1	-0.006577959013318001	0.8469016106645232
ZFYVE28	-0.21201639307002548	0.002473688503307127
PIP	-0.06797143409345464	0.6104579543558238
ABR	0.02910722942934767	0.24253124514064123
ZNF235	-0.07138322280488325	0.7824674541499231
DMPK	-0.8062989040219315	3.259984288031075e-27
PRKD2	-0.027672235408605167	0.23843552233032428
SSU72	0.10339533878502352	0.0002123219021359294
TRIM62	-0.25376667381777	0.001233015217186261
AP1M1	-0.10603727987300507	1.526062614049223e-09
NR2F6	0.13784075765223686	0.0010729329113793801
CCDC58	0.49705144608326113	3.399448803019461e-35
CILP2	0.4146179041548407	1.5270017784917456e-08
ABCG1	-0.1447989185808857	0.019993794099116682
TFF2	0.8031308628183366	0.08689521168715256
TFF1	0.680091979139522	0.009147183246661007
UBASH3A	-0.315467933132322	1.1037707870274048e-06
RSPH1	-0.9246786930065722	1.7604150798858876e-26
PDE9A	-0.40948845253509375	0.0002375155466850731
PKNOX1	-0.04576230850881929	0.27188853010172775
PDXK	0.013021663459190369	0.6830339556267994
CSTB	0.15176415254773906	0.0043609112816990194
AGPAT3	0.03356378201517138	0.3879500076711622
TRAPPC10	-0.1893800560145986	2.3384809172900018e-17
PWP2	-0.4354069235632099	1.3062820803838163e-05
FAM207A	0.6087424336803045	4.425758113624652e-37
FTCD	0.2135075535808724	0.6219015502660016
MCM3AP	0.07322240458373377	5.073313186811208e-05
C21orf58	-0.5462736539920849	0.050137757235506446
S100B	0.30237472467109516	0.007330541850747115
SIGLEC12	0.23943481882376122	0.31335727574968253
CACFD1	-0.2607445474858003	0.0012562647647495187
FCN2	-0.7791388021851986	4.427926621670589e-22
ZER1	-0.2434207187437819	2.973354656482867e-18
TNNT1	0.785808228155448	0.014379361153187381
PKN3	-0.506067387244304	6.541323232177131e-11
MED27	0.07059280405579295	0.015336775041049631
JAML	-0.6938024256935933	1.756731242313105e-29
TLCD1	-0.717648570410452	8.956736473258185e-13
TMEM199	0.1713066313415979	0.000516962394909898
SAFB	0.38015495476882466	1.3667180613338102e-43
PHLDB3	-0.0855836442739227	0.4061737086533371
ETHE1	-0.06760977194524946	0.1497228023283183
S100A1	0.1414898418892937	0.34674630480792085
ZBTB7B	0.6365004786856345	4.092559941086725e-41
FLAD1	0.2728156254470835	1.4167395489721384e-12
NLRX1	-0.2529018807996313	1.0900408258934034e-13
UBE2Q1	0.3376242094611131	1.3940488251708177e-26
ANO10	-0.013154283662751648	0.715642258854803
CCR5	-0.16051194901782756	0.06834332651869861
LMNA	0.30064293946951953	0.018385431926521447
CCDC12	0.30574966976186224	5.999419791005985e-26
MYL3	-1.404146694151521	5.567489557034279e-37
PPP1R35	-0.40066559404448926	0.0025549168871814567
PEAR1	-0.8937427224078381	4.1488007786230015e-48
RNF126	0.18502262936453673	2.2113723945612534e-10
AZGP1	-0.7036108602009764	1.0712293036530588e-19
NACC1	0.19229016089806042	5.010949865310282e-12
HK3	-0.25591711880882995	4.894516801144975e-07
ZSCAN21	-0.01835992291337627	0.8051104047702553
ATP5MF	-0.04100694173411761	0.3370599451004443
CPSF4	0.4131180367295236	3.703839720524177e-45
LY6E	0.699397464430683	1.5721401663320292e-10
VPS28	0.16892226895585338	5.503949367103945e-19
LRRC14	-0.034274178102015836	0.2895389224335574
CUX1	0.31627421996568583	6.760257611234325e-20
PPP1R16A	0.044058173301384125	0.4684425339306273
ALKBH4	0.016174504053242045	0.5254221067592363
ZNF250	-0.2415172609562105	0.0829781976268022
MRNIP	-0.08191732517243738	0.06002411476142477
MGAT4B	-0.42264406761405204	0.00013701458896767663
LTC4S	-0.8650048738255278	1.4844163795589377e-23
MAML1	0.2926961961284469	2.650616906237128e-13
LRWD1	0.18151400630875322	2.1807862081170445e-12
SCGB3A1	-0.7528213718103316	1.3398733251523865e-05
PSMC2	0.24704475376538934	3.2145252324846943e-46
YDJC	-0.28411678505143717	7.671207116208956e-09
DCUN1D1	0.06529314109244932	0.013345923395225804
AP2M1	-0.1318984229348589	5.964600633101423e-12
PCYT1A	0.15231469192809932	1.9305931569515453e-07
FBXO17	-0.6961794764221102	0.007285245756251537
HBE1	-2.495862505679003	7.309482256586122e-36
COX7A1	-0.8742361639897774	1.9658675998284678e-42
ACOX1	0.04966000171380233	0.352898924251025
CYGB	-0.5820501012058414	7.63246987643312e-31
TMEM143	-0.42627509147172515	2.942682199078017e-07
BAX	0.09826899908841005	0.0002043998244368323
KRT8	0.6390085765692657	5.2437973300887485e-24
STAT5B	-0.4035384767664104	2.1109660864318027e-46
ALDH16A1	-0.3285360885612776	1.916256925567088e-26
PSME3	0.6463868383497802	8.88331572776609e-60
DCD	-0.020916519877607335	0.7879004786978756
NCKAP1L	0.10902792103143284	0.011047971437843728
ITGA5	-0.4465367116283051	8.380315833541234e-26
CD300LG	-1.6793901617787639	2.2333667157466086e-24
NAGS	0.34878373404429996	0.25133236414269733
LSM12	0.25221523448575545	4.960115197348093e-21
MYL6	-0.1979168421685303	3.9232765555505775e-19
FAM171A2	0.32622418170761897	0.01577982695689666
AQP5	-0.04342206881384847	0.760636494101312
C6orf136	0.06190017917922266	0.6157577901540706
ZNF562	0.15251747532723153	0.3488571328013223
GRASP	-1.0620316082609698	2.0882872129223265e-55
PDE4A	-0.27955517350745424	1.3544414351442658e-11
LEMD2	-0.06506857512142353	0.0698099483915169
ALOX15	-1.2003065695207704	1.2176703220179804e-28
MED11	0.012639574567621562	0.712071836753996
CXCL16	-0.3588707275817764	4.282574545478057e-08
TNFSF12	-0.8632156038427219	4.990498772600597e-14
EIF4A1	0.4224898273006223	8.214408578127933e-49
POLR3K	0.058518788702171046	0.12327135301931062
LUC7L	0.4788233929047509	8.973748888793163e-28
WDR90	-0.7773955402320918	1.5629425312317145e-08
WDR24	-0.06956387273911889	0.0073017401275972645
SOX8	2.1233582488118143	3.647660104705681e-18
CRAMP1	0.20577530554709342	0.029651154559917407
AMDHD2	-0.1533064566219446	1.9149402929617095e-07
PAQR4	0.29193051369472384	0.07983952584164958
FLYWCH2	0.1620654438565839	4.634875917269949e-06
SLX4	0.7346991562738657	1.2105674650326558e-21
ADCY9	-0.30142142710873143	1.7760806193530566e-07
NEU3	-0.1677432044295864	0.01033414042327915
MAP4K2	-0.44308718299288197	9.93440216115701e-40
NCKIPSD	-0.2701131055732901	1.3488216638970373e-22
TAF6L	0.20942358900900832	7.523028161625604e-19
NXF1	0.24224573558907303	4.7360961982749075e-31
STX5	0.4281409304957401	6.215753793887046e-34
SLC25A45	0.4021164384150093	0.001030006788987802
RPL29	0.29271730431576193	3.5002534628512468e-09
SPINDOC	-0.3264301490429768	1.634316674698534e-10
SYVN1	0.3457875002016738	7.39665137605285e-15
ZFPL1	0.32042213455365914	2.0689143627814096e-17
LRP5	-0.2062856467971857	0.001676354062783569
TPCN2	-0.07684713714816599	0.6122498800145014
PDZK1IP1	0.36229520034301427	0.00014367450084498988
TAL1	-1.6098172176890582	5.653572068870998e-22
ZYG11B	-0.1480862996169557	7.964200110492665e-11
CZIB	-0.14369289126238596	2.8660421906528192e-08
USP24	0.07320434752751624	3.645903401597823e-05
DNAJC11	0.4034128050228912	1.3489129615036332e-20
GMEB1	-0.6747707148243515	0.0004345389071353497
RBP7	-0.4337374122590356	1.0981028004731206e-11
LAPTM5	-0.10518094517700768	0.07691019794798623
TMCO4	0.08651885282770069	0.015093326742633284
MEGF6	0.314649069622357	0.06981635226261695
TM2D1	-0.2164937041404093	5.109317380242618e-05
DOCK6	-0.32667880299314483	2.194257277175571e-29
WDR63	0.5056944705328136	0.01699117025066496
GBP7	-0.43571655801331893	0.010962811830238815
AGL	-0.0045140937520039455	0.893851518775948
VCAM1	0.2592853166904069	6.3561856409775665e-06
ZNF281	0.3068493800149248	3.737147957424049e-14
NCSTN	0.15738970903010663	0.00011238080842866164
OLFML2B	0.16486771806688094	0.0010788848242697503
RBMS1	-0.08284508147099412	0.0014578890599751995
PPP1R21	-0.20846692826377336	1.688274193697979e-16
HAAO	-0.6779402974419395	2.7817700484606416e-48
CAPN2	-0.41615995248040105	2.949903296148294e-20
MRPL55	0.6122701412462508	5.3943852402440735e-30
REL	-0.48418400886481244	0.06759130551640836
PEX13	0.22659465500242032	4.479740119781975e-05
RFTN2	-0.40986223383984	0.0004113740852644905
SPRTN	0.6516893877480536	1.4871348725090297e-07
CAPN13	0.16943460243304057	0.07680920058980818
MEMO1	0.06562950898682733	0.006645272217951909
DPY30	0.6724162314307164	1.7332352616092095e-48
MAIP1	0.518896480128024	1.1057898750202402e-24
SLC66A3	-0.6478277702229296	3.829260610611492e-09
ARL5A	-0.30241774399799687	0.00015727987272299844
LRATD1	-0.46744003400688316	0.001006853278169806
ARHGAP15	-0.028536881165060438	0.4937253483843126
FRZB	-0.5091959853035614	1.8804171494809207e-18
CFAP36	0.14691330071861694	6.345310750251558e-06
NUP35	0.18796510345519105	4.673828186685168e-19
WDR92	0.18269519049037994	3.5261732690463e-13
CCDC138	0.5718618195837144	0.013176094847189517
ACTG2	-0.9943324871699853	1.0825844884961565e-25
WDCP	0.19878519235675648	4.9950956269688175e-06
VSNL1	-0.5141488041458213	5.92475536683069e-14
TEKT4	-0.8747941111718972	2.686185048147577e-26
SPATA18	-1.2831525220141224	3.7938034640508305e-26
INHBB	0.219470315459041	0.022513924469805043
CCNT2	0.45530398203957817	3.0836638909832387e-28
BBS5	-0.6127066561092026	3.842414779964427e-06
HPGDS	-0.6340250859320025	5.578009905644491e-26
PACRGL	-0.01897135630757349	0.8146984133135562
C1QTNF7	-1.261389653436036	1.90846461542765e-39
CHAC2	0.0759377637622397	0.08202544146818194
RNF149	-0.2350812798054579	1.966023495900047e-07
IWS1	0.3510201131738357	1.1043004510452865e-41
CDC42EP3	-0.24353942041119891	3.951018922030109e-07
SPRR3	-0.05872182858420945	0.7820933966774803
TGFA	0.43215384338034035	0.01954132959027196
MERTK	-0.10536908121601983	0.001554125175970054
CCNYL1	-0.021108375111956963	0.614548264237489
GNPDA2	-0.3656702362306745	1.3120122498755696e-30
HNRNPDL	0.258647018165643	2.5258542717962267e-25
HELQ	-0.023380219454579437	0.9224317309340353
MRPS18C	0.19972609816253448	2.839780257058083e-05
CLDN1	0.4973480417210647	0.16000061324440912
COL6A3	-0.6067611503699148	1.6235410634436737e-33
POGLUT1	0.09680640515205682	0.00031144277844328937
ATP1A1	0.15709648259208853	0.0004365395492404382
MITF	-0.04017571895289304	0.371646229593993
SLC15A2	-0.8976710968566326	1.1459820561938098e-23
LRRC58	-0.6397500899973256	1.4887578707162754e-20
FSTL1	0.42344845499033296	1.6064748142878356e-13
RNPEP	0.09213456288143498	0.001583988032939194
IGFBP7	-0.004187719843515411	0.9391945705038555
KRTCAP2	0.4394667229036432	8.929447915145952e-20
CXCR1	-0.18690777220950977	0.39419148432212386
ARPC2	0.05367855848435581	0.013522429243503338
CCT3	0.2653630150572637	6.341193155733609e-31
RNF25	0.17108091001181858	1.4008358718699445e-15
STK36	-0.2687738491889809	0.00784096660256128
IHH	-0.8657372043664174	0.0007985171301398547
CIP2A	0.23416414803608845	0.00010766357534915638
TRAT1	-0.16155783548839897	0.033043281226359356
HDAC11	-0.29534464189442544	4.0904248709393614e-10
GLB1L	-0.30629476869021016	2.418184389751635e-06
FBLN2	0.3462777507439829	0.03588190414377874
CHCHD4	0.2684758613021615	8.309968281123658e-11
STT3B	0.4522223233554223	4.649320177355263e-22
SERPINI1	0.22428738044348734	0.006093612426778684
PRKCI	0.17725030431755817	7.799330061749204e-08
RETSAT	0.06808077425032526	0.08631971428380977
IFI16	0.43288142610527114	5.148684241111455e-18
EIF5A2	-0.13410976806791686	0.00915715482275851
EFHB	-0.5860838497930548	0.007402037953892487
FABP1	-0.46989004933071465	0.0062584655021861975
PTPRG	-0.6758695137949149	1.2698030094701487e-44
CCDC191	-0.8936379556278479	0.00020513689736820356
CDS1	0.04481993475726205	0.4393809426767892
WDFY3	-0.05919096395380536	0.002398117908047728
COX18	0.3158313117922509	3.068152148877587e-06
THOC7	0.4265287330622454	8.551857386633819e-43
PSMD6	0.29753620756923815	4.465128646416086e-46
PRICKLE2	-0.5984321471095438	2.572153465473011e-40
PPM1K	-0.40812885897729684	7.110955816997773e-14
CCNL1	-0.07722637782775059	0.07076151455692475
PTX3	-0.4688220001004653	1.5820971146615506e-12
RSRC1	0.1740154637071601	1.3618196115632466e-12
RPP14	0.2066669964732299	6.3558790469784e-05
ABHD6	-0.5010226611861024	4.253310105282251e-37
RBM47	0.5460327456109384	1.5783674681837136e-42
APBB2	-0.6109500357080266	5.34121186482361e-56
SYN1	0.06571452997682439	0.8365062501000166
PCOLCE2	-0.38583331575973057	4.025429155396632e-05
MTMR14	-0.24816532292284252	1.964384889093152e-21
TTC14	0.22410387986359168	1.1781571073035467e-09
CXCL3	-0.028152070438435484	0.850737813076346
CXCL5	0.36180581110572596	0.052600703565334736
PPBP	-1.6392716623012076	9.910917820726296e-49
PF4	-1.8440287727778433	1.4075913923855441e-40
CPA3	-1.1514913481566664	5.818808825745165e-23
GYG1	-0.21924486247357672	2.779764701341726e-19
HPS3	0.048733570704384443	0.020150080417634168
TM4SF18	-0.9624996037774378	1.8546977153820745e-10
SNRK	-0.5843022677684269	1.3242898570482712e-53
MRPL33	0.6965187087219245	3.139203463292376e-32
KIAA1143	0.13511573045132896	2.160251641109417e-06
PPP1CB	-0.01764499492528819	0.30406934403666425
CDCP1	0.4898938678291335	5.817983852628242e-17
CLEC3B	-1.0230033911048928	1.2850962128953335e-49
LZTFL1	-0.27722524137779775	2.8714307969916126e-14
FYCO1	-0.2160696042889681	1.9577523952675654e-09
CCR1	0.022091489732314756	0.7483072873577448
ELP6	-0.195140539584012	2.1696750911578544e-15
DTX3L	0.5388009410408527	2.530970052779137e-33
ITGB5	0.1985439229732528	1.353696789287955e-06
MEAF6	-0.05379332911716942	0.033518719291906515
SNIP1	0.3332178126060946	4.936679777091703e-20
OSBPL11	-0.09085495230990431	0.00011277563088034204
LIPH	-0.14014676951167324	0.023298699654577235
RPN1	0.39502150767477096	4.8361249568833215e-26
SENP2	0.069765384206859	0.21955959737589215
RFC4	0.4589959964759117	2.4945369351011466e-33
MASP1	-1.0965930054553583	1.2496261843563234e-58
RFT1	0.2172656674542491	1.670835871663021e-07
PBRM1	0.11806153676513281	2.0885780970222274e-08
UBXN7	0.1318683365007248	1.8912294414576624e-07
RUBCN	-0.02865757357468649	0.24287300679429746
MELTF	0.14448706303508102	0.03779731359423378
OTOP1	0.48585385438169076	4.8160556705474925e-05
S100P	0.6305403629130208	0.0004365958749409733
P3H1	0.6742591459905417	1.5255995331470803e-42
METAP1	0.4751198604151913	2.2533846034471142e-45
ADH5	-0.4837836201212544	4.217841713243631e-33
EMCN	-2.3279251168908184	6.542870288723799e-76
BDH2	-0.5216764196834462	1.061830013270317e-15
PGRMC2	0.39370694203207457	1.3937138985869266e-16
CAMP	-0.5142997766618229	6.657992256742027e-05
PLXNB1	-0.5502499554972038	2.0906983887059116e-43
SHISA5	-0.11503114495039758	0.1896730460371045
APEH	-0.5404712483111341	1.1845696772216865e-33
HSPA4L	0.25551093495908506	1.0602111477019843e-05
MFSD8	0.1484906033688444	0.06408582113485074
MON1A	-0.26973831867880493	6.011179248596755e-11
MST1R	0.025722312137431626	0.55934421564039
POC1A	-0.5936210076336004	1.7220224321377515e-08
WDR82	0.14555451466565902	1.9581759889120483e-12
HMGB2	0.23197591519346167	1.2353714919608648e-08
SAP30	0.431736454723904	4.185122636762271e-20
MAD2L1	0.4628402966872198	1.6958273547358736e-20
GUCY1A1	-0.6040332594346272	3.771940359193543e-36
CEP44	-0.07090953960467943	0.02537575293455515
HPGD	-0.6783869280236201	4.974826680370866e-06
GASK1B	0.07158163655279128	0.25736831108078745
NAA15	0.4651958893995499	1.6280092393808054e-42
DCLK2	-0.3573649802710904	4.93571747691758e-12
ARFIP1	0.15076253547895557	1.098828758478072e-08
ICE1	0.2286628903775087	1.7090392070278862e-07
HHIP	-1.075275409357677	1.2568669042002793e-22
ABCE1	0.3759292831989903	4.999293247678124e-38
LSM6	0.45108504245813563	6.463902314136331e-42
TMEM184C	0.481888904264816	7.300868389261594e-16
ITGA2	0.14741063251660613	0.016866359526635066
EDIL3	-0.20022289249787	0.0014222026042455494
TMEM161B	0.32705434909536457	5.878750056352389e-10
NDUFAF2	0.48409548031029753	3.3187313609185293e-21
ZNF474	0.003992609939014569	0.9830976463736266
LMBRD2	0.571041085102717	6.728767968489071e-27
RNF180	-1.2368731169809148	3.971935240610573e-06
STARD4	-0.44306303198587804	3.475211859354284e-11
CMBL	0.08514195504192575	0.3150193183400898
PRRC1	0.6295236910441511	2.644606529978321e-53
RPS23	0.2973446160255648	8.035976849409649e-16
F2RL1	-0.6760353110729296	0.0035378018259680697
WDR41	-0.14531739956774017	8.976472469547364e-09
NDUFS4	0.35235948079223356	5.963360171463673e-18
SCGB3A2	-0.23164957987470436	0.19572109457244974
SPINK1	0.61585220970941	0.002584659296491993
TCERG1	0.3849747163550794	5.837476543327129e-51
AFAP1L1	-0.7882880512837759	1.5845534538417425e-60
ENPP6	-1.2660841358539192	0.01530078843570327
ERAP1	-0.0026880510832085034	0.9610254594154919
MAP1B	0.05653219361380638	0.43375699472222373
RICTOR	0.010782426097439504	0.6251594816769609
ANKRA2	-0.22818554290196746	0.005298640685734415
UBLCP1	0.16873147387578327	3.590914006591359e-08
UTP15	0.4808719034638395	2.165008405807867e-37
ARHGEF28	-0.26568803472441527	3.811039438479804e-07
TLR3	-0.32057268130603866	7.245217491393365e-07
GFM2	0.032445466862221176	0.3845249819335244
CCDC127	0.23004573509924092	9.147194238923537e-11
NKD2	-0.14711265114571367	0.2890067472743833
RAPGEF6	-0.6463322793639652	3.334209799608524e-08
TNFRSF21	0.77660429912836	3.615948304830264e-17
SEPTIN8	-0.03368139867371348	0.1821790228538718
LEAP2	-0.40082993808825174	0.002442390706144568
NPM1	0.46237850695745897	1.097233601632945e-37
FBXW11	-0.04216001609677685	0.1384924036327195
CREBRF	-0.3371509618768198	1.41693445476417e-14
SCIN	0.47692759605516954	8.00068207353392e-05
CYTH3	-0.5468258012190409	2.50189057019684e-23
DAGLB	0.16907433724323293	1.108604518956126e-06
TRA2A	0.3626990446438427	1.996400133011386e-30
GALNT10	0.6662302577102565	7.588347747371138e-25
SAP30L	0.03883824396779775	0.3137992004594802
COG5	0.41918798163140686	3.70221603801995e-48
BMT2	0.3347046176747275	1.757950157944276e-08
SLU7	0.2707670221037123	1.265493050837596e-29
CAMLG	0.20390275226076812	1.2469022395552416e-06
RP9	0.2913321135569595	8.229246252498465e-13
BMPER	-1.1753898399284843	6.493363025598795e-56
HSPA9	0.5765460889750447	2.109701149428919e-29
STEAP1	0.757675822692309	7.405121778453585e-12
SYTL3	-0.06676745646925515	0.1907584204445013
FABP5	-0.7840598737159817	1.5141525926068065e-23
SHH	-0.66934919211016	0.0047252438220061355
CHMP4C	0.2739377873282267	2.5775177832254105e-09
FNDC1	0.7552146499910719	1.0866026026858024e-18
COL1A2	0.5493834241780851	5.275613575553123e-18
CASD1	0.3755367948657659	0.0007675620252519426
PGAM2	-0.46775221697245617	1.8872492327437754e-05
BRI3	-0.2504883017545933	0.0002728121287089832
LMTK2	-0.007319183967834502	0.8248474745099074
SOX17	-0.8527029516619999	1.726759638192264e-15
MAP3K4	-0.10335546220347892	2.9099669327428356e-06
RAD21	-0.003668306417045908	0.8356149855822066
MED30	0.27167614863087486	2.6269699702100174e-17
TNFRSF11B	0.5252621495638666	0.0009175768700318686
SBSPON	-1.38025526095527	2.8876878784843337e-63
PHKG1	-1.1514243014482153	1.6276630839502138e-05
SPIDR	0.29504336490347194	8.982124610924562e-05
ORC5	0.24538497604436937	6.806733494070812e-17
DEFA4	-0.28667677469366915	9.074336043141811e-06
DEFB1	-0.22220245667270458	0.3306385437354858
DNAAF5	0.24760447481474918	1.791418851303565e-11
TMEM184A	-0.27318491076675977	0.049752929898555155
NOS3	-0.27915825203668615	4.597043380501446e-06
ABCB8	0.07186670023409039	0.060883802369272905
MICALL2	0.4303506440890728	4.528337550354589e-22
FASTK	0.00902925971473234	0.9077614097794098
TMUB1	0.14142761422893174	0.0002449415120349656
FMC1	-0.09429242691682903	0.039422415632800606
PHAX	0.2973785576699548	2.2452171478739263e-29
COX6C	0.4342443124937285	7.505732543367502e-16
BAALC	-0.19524759645938664	0.32711067589364334
SLC25A32	0.46189404548991086	1.6011255588161565e-11
DCAF13	0.49582211126562825	4.3923505653602885e-38
VIRMA	0.19706003518229587	2.75633479280965e-23
GEM	-0.2356875176553541	2.5363471594864462e-05
PDP1	-0.09312637884584823	0.0028449352532603873
RPP25L	0.3634993754850667	7.96740124963938e-21
MYORG	-0.06985921151528894	0.1472260444771519
TMEM65	0.44418041412309356	1.9869064891796064e-09
UBAP1	0.15745994721386586	5.613016458415056e-09
HSD3B7	-0.23729071125831674	2.590865889771791e-07
NFIL3	-0.32595917645835104	0.011674366929494605
CPA6	-0.33199077364847623	0.03974581573143271
ALDH1A1	-1.1576576427111247	9.483126318707568e-57
KIF27	-0.3028785292506381	0.00026055784446216585
ANKS6	-0.19806417708414847	8.093358350355248e-06
COL14A1	-0.6617630524795284	2.1399418168529744e-14
ZHX1	0.11674892726422481	0.00014734948608182674
SYTL5	-0.21023205872348966	0.05962966693836239
VEGFD	-1.461339293903856	5.50063027950697e-51
GAPVD1	-0.1592372559543783	8.966644435521456e-12
WNK2	0.5250159438428621	3.1792289798813515e-06
AQP3	0.14085975085854388	0.13915029969669943
ARMC3	-0.4721503719067396	3.2916817269044045e-07
MELK	0.5557100071693488	0.0002977198445344852
FBXO33	0.15785285254742648	0.01736803265721553
WDFY2	-0.38005337163937786	5.851023297336518e-29
WRN	0.025556016350762368	0.46997693854257594
CFL2	-0.9384777514764149	2.001168597059521e-62
PGM2L1	0.666810540659459	8.255006598636322e-23
FOLR2	-0.3962829938313403	5.2753103714079196e-09
INPPL1	0.2283847819869031	3.9843714483299307e-22
CRYL1	-0.4838971399904968	1.6885084888974526e-27
PCF11	0.2579197185012851	5.981351269965427e-33
PKNOX2	-0.35928027353306924	2.6269279652930813e-06
LRR1	-0.8839063816864137	0.016447501332816295
DNAAF2	0.11272116522661094	0.0019238874864584176
ZNF22	-0.2067007513827646	0.0003243847997808183
KLHDC2	-0.0811079669357989	0.028502119400685262
NEMF	0.31111218136174307	8.49099642685108e-27
ARF6	0.122938669477029	1.8912459706734542e-06
RPUSD4	0.8375522356707853	7.029517615822087e-32
TMEM63C	0.2185990863547989	0.12940997450214584
TRIM9	0.00622793583654091	0.9666987360220299
SEC61A2	0.20755134207757836	0.21033502055993078
ABRAXAS2	0.06351839684728826	0.0004610693779067043
PRDX3	0.249767003251323	9.52292349909816e-10
SNAPC4	0.19356975630262252	0.0028161702469945782
AK8	-0.8445730156452169	1.7006820101552056e-18
TSC1	-0.06399394416162618	0.002775294095675921
HPRT1	0.23648778827889577	3.034346282158365e-07
TSPAN17	-0.7630719916900905	0.0006121581547720418
KIAA1191	-0.2553365220392547	7.458084371850701e-14
DUSP16	-0.5734560881384274	1.23836250421151e-10
STK32C	-0.14625198101421114	0.00042372121298856256
NDRG2	-0.8420245215316989	2.5920236138098116e-53
ARHGEF40	-0.19224812328068944	7.035360960704034e-11
CASP7	0.23257373453643335	2.4535518097361397e-10
METTL3	0.09965894462736949	5.664526489663486e-05
GAS1	-0.3933639741796212	0.0031922207203156036
TRUB1	0.2443674161360685	7.424536999001338e-17
WAPL	0.07567132990256539	4.051529332549102e-05
ARHGAP42	-0.3436799077508811	4.2135838762121634e-21
TTLL5	-0.3734706445761611	0.11626890957307569
PACSIN3	-0.448117796648899	2.788222940504917e-22
SERPINA4	-0.9593950323691836	2.4761125528635645e-45
PSMC3	0.2165555594142512	2.4073370669388347e-26
CPSF2	0.29220378948954395	4.494883684994347e-40
LRRK2	-0.7761217135834595	1.7078218969646288e-32
CLMN	0.08215538588310992	0.1254543511228455
NELL1	0.7403111236411924	0.004925714960294952
PTER	-0.043748376681800025	0.3139482760727674
R3HCC1L	-0.22228917427804185	1.6031542332643184e-12
TCP11L2	-0.25393823323738685	5.210084606071981e-09
SPRED1	-0.6671909446805642	1.1472679002847487e-33
C14orf93	0.4590458616634232	0.002750793162876737
JAM3	-1.0498768020802582	1.9986240584292163e-57
VPS35	0.010235196945851538	0.6193424424018587
IKBIP	0.5288285572773419	1.1753017437964495e-22
HIF1AN	-0.08800320860106735	4.116899395718039e-05
ADAMTS15	-0.07634857502144463	0.7674489910490498
NDUFB8	0.5022798170688385	2.085949232738623e-15
ZFYVE19	-0.20026528740169072	0.26959030267691936
PPP1R14D	0.2911723376778896	0.08329428433635527
HEATR3	0.39550771844689236	1.0123196260152307e-23
CKB	-0.9453564962350527	2.3773290638992576e-28
BAG5	0.015121106130519257	0.5038854193739235
POLL	-0.05461379005897604	0.2380146379600227
LARP6	-0.4400877527374654	4.1017815684826545e-07
ZNF319	0.3005426814343177	0.00030385697353015495
HPS6	-0.0779878122524082	0.0002436024583500175
COPS2	-0.0854157433926719	6.220437934412573e-09
PLEKHA5	-0.04678675139844541	0.2875409148964262
PCBD1	-0.7348412354891266	2.807759629426221e-26
CCT2	0.14623587860252668	9.32113400856563e-10
GNPTAB	0.13098138080249508	0.0004166894714295289
C16orf71	-0.45847254966833145	0.0004815336374361511
COX11	0.32008326431703193	6.948261677091006e-13
CLDN10	0.7496205073601292	0.0007377317303258378
C2	-0.5844724679140253	1.4222315033739145e-29
ANAPC16	-0.1341864294979162	2.6917342094998562e-05
APBB1	-0.5508072671727007	4.424222587400341e-45
TRIM44	-0.090863835136399	0.0365860380997248
ILK	-0.9298328443852528	4.303002674508172e-73
TAF10	0.3261696784452668	1.1312054612616452e-34
TPP1	-0.4227536031803302	1.8716661306617434e-13
DCHS1	-0.25983237697465955	2.6167405419157332e-15
PPFIBP2	-0.008309694159721371	0.810274701894257
CYB5R2	-0.16736671697792938	4.553560114312468e-05
SERPINB2	-0.37975423683623444	2.8225528708913075e-09
KIAA0355	-0.40472055436618026	9.430680552338762e-27
TUB	-1.5656786861378085	3.5519349701809937e-36
IDH3A	0.016102231519902907	0.6235305255437996
CRABP1	0.5066220310597462	0.0002707763087108761
RNF169	-0.05957795113256025	0.020842007659632025
ATMIN	-0.3652247187136627	0.0002725104525510268
LEO1	0.5556275528019892	2.838254653087785e-50
TMX3	-0.1465000526095354	1.2602492795352833e-05
ALG8	0.32389177810497527	1.6542683309352797e-07
HDGFL3	-0.8480305162884287	6.690221880923175e-40
POLR2M	-0.25855666207447225	0.0005257009210640643
NDST2	-0.3324989893604381	9.498262951404226e-05
CLEC4E	-0.40018060377321774	0.0027251094568326514
ZNF3	0.43579528547918045	3.126089940556575e-10
ZNF407	-0.055966006807975595	0.11653598788051689
TK2	-0.2407004079674197	4.1450650525719846e-08
A2ML1	-0.2520549321438641	0.27328986764391205
TMED3	0.6281079027152223	2.706870845916125e-31
CENPV	-0.12634846271567973	0.08259532005625417
RRAD	-0.5295761289722214	4.1659604135678233e-19
HSP90B1	0.6901302086214558	3.92671713536569e-41
NCAPH2	0.2915345717544612	5.8559601864197046e-09
PPP1R16B	-0.3616320267811161	0.0003061852779673392
POLR3E	0.3729987861412158	1.3438615791464344e-31
MMP3	-0.34427914856816333	0.0038139755995684264
COG1	0.364643336973493	1.0518622610755493e-34
ZNF592	0.08021747342203786	0.0020487782937979185
MARVELD3	0.10790790630685179	0.1907144779738869
CASC4	0.3095832885960228	1.0996801211309421e-16
NNMT	1.0603145452251312	1.0980614324305217e-34
SLFN5	-0.0077411996260371594	0.8255318013364172
AP1G1	0.21575365678935443	5.79480269901393e-24
BMERB1	-0.08480691510115207	0.686632531813691
PPIB	0.6118303882526102	3.048638331953277e-37
CIAO2A	-0.3047065261037473	2.598500540179234e-13
PCLAF	0.537065203971276	0.0005379004577175218
MYH11	-1.2345135478424423	2.110940347785346e-42
LDHD	-0.2580699412175457	1.1958814746514096e-06
PLIN1	-0.8900525554891783	4.71393304114706e-06
PEX11A	-0.3836885172881894	1.207774596283326e-06
ANPEP	0.024711009508217807	0.722553595861136
RBPMS2	-0.410510984034672	3.0780766446855726e-08
TERF2IP	0.14154563629290912	1.0452370700647102e-08
DCTN5	-0.14400930344536225	1.6564475714507312e-09
PLK1	0.5294842013393339	6.748282392086404e-07
CLPX	0.43657453197559043	3.227888215911048e-28
MYO1A	0.10040471772779846	0.5196229022901516
NEMP1	-0.16337786105706267	0.003080135650011654
NAB2	0.05500842046534658	0.20763901552739347
STAT6	-0.22658647165403323	1.1982212836569002e-11
ATP23	-0.22989946029606972	0.00010661747780747284
PATL1	0.2083689307802305	6.239037794892321e-16
MRPL16	0.39577567379074274	1.3679145189759412e-20
YWHAB	0.046635942588335685	0.031846194750998605
SCG5	0.1670182657515996	0.5154430237622591
AGFG2	-0.03768631120464495	0.32942372043550144
TSC22D4	-0.19791094358655265	2.410741088101682e-14
CCNDBP1	-0.03970616654567849	0.3708323102488078
AKTIP	-0.1504467861479129	7.530431013281685e-06
MAPRE2	-0.24936188091537523	4.818615456752719e-11
EVA1C	-0.43099397614076607	0.00016104716557041062
SON	-0.1258182682265386	0.07671846023126433
PDIA3	0.43052250783297863	9.302197704932559e-31
NUDT21	0.2294869591098507	1.0404615420010632e-19
HERPUD1	0.6078930207604466	1.8936744172854284e-22
RUNX1	0.2061263784243696	2.8546712601383796e-10
TPX2	0.7114647213145688	3.57751368080139e-15
GNGT2	-0.18670867555956372	0.006874099949957853
PHB	0.25778860453283703	9.353310433619312e-12
SNRPD1	0.38109391937149617	8.251264557295815e-32
LRSAM1	-0.09560775535713795	7.141139517521964e-08
ACSF2	0.0798775926502475	0.17539326189001417
COQ4	-0.18576439850851564	0.2741456605722727
SLC27A4	0.02463810773108961	0.46639905030234224
COL6A2	-0.65811040905174	4.898649018067938e-27
PRR15L	-0.28267555806117484	1.6920006880851033e-08
CRK	-0.3409896086468547	1.2894517266069046e-40
TBC1D2B	-0.1555479483155886	1.1513133383228777e-09
HDHD2	-0.509974304560463	3.9411551696888057e-44
GCN1	0.48729751412916134	8.33152018291171e-43
RNF214	0.17303579505323421	3.5878167445313964e-12
MED1	0.3017034418471862	5.475606775188933e-41
PGAP3	-0.005932974313213955	0.9659689501737454
NFATC3	-0.13111430650741704	1.9428209819207746e-07
ATP5MG	-0.023942569521608545	0.6867184021548252
CD3D	-0.07761072977586095	0.1712162208825144
STIM1	-0.014225647084633983	0.6943077345080706
RRM1	0.4719162056434708	6.254881398941406e-24
TRIM68	0.03561682310727578	0.4636403427704969
FN3K	-0.37126501457453426	1.229378805084562e-15
ZNF428	0.3809874609167726	7.222443616023195e-21
PRR14	-0.08723874481645945	0.004873130176324854
ZNF668	0.44033525579126953	2.0275301312302613e-19
ZNF646	0.13315300061855384	0.21000230563512204
ERCC1	0.12318106976606336	0.0001169680877302347
ZNF267	-0.2408434478204421	0.10621404408824078
USP32	0.09413106699699655	0.002728755996829905
CA4	-2.2992519390121533	2.825975443867091e-81
SMG8	0.30034137050753307	5.329591286984591e-32
RAB8A	-0.017478162115292878	0.5122388404841407
MIDN	0.3218036321082705	0.05341836076112382
JSRP1	0.9591770004475789	2.0286914430751598e-08
KLHL26	-0.20436585544457986	3.339309798396265e-13
MVD	0.03450589806985477	0.2274588995477543
PIEZO1	-0.4848733819199912	4.616076671366951e-34
TRAPPC2L	-0.10701466134735324	4.859379457087629e-09
ANKRD11	-0.06548175917422898	0.08937548254676612
SPATA33	-0.18099324097229907	0.18545008139342656
ZNF641	0.018786500018964272	0.9052723229273982
RAB34	0.3261334767989964	1.3451930265451654e-17
KMT2D	0.09237569027632478	0.0001366373925810435
TUBA1C	0.40409037244541046	4.256034279873655e-40
ZNF524	-0.10178119679664595	0.08981174096965888
CYP2A6	0.11391435942493355	0.7487697167019187
GPD1	-1.5718586945864295	1.9175150428547022e-41
LIN37	0.15660105514353778	0.00016546358842420929
AXL	-0.48290689919415064	6.387098564087019e-22
DIP2B	-0.19702551894228323	1.5311968675612862e-21
LAIR1	-0.1306737818427886	0.008064726922905418
CDC42EP5	-0.40566709656773714	8.632363396549173e-18
ZNF526	0.21943142632798018	7.868695690524212e-05
PPP1R14A	-1.2368690206632338	6.97843766332588e-64
SPINT2	0.7006480531513724	4.1135403066148793e-25
C19orf33	-0.3343468394955656	5.6973134375633176e-06
PSCA	0.3809355212520657	0.09580942672136604
LY6D	0.5858767629083226	0.004130626128154334
DAPK3	-0.06257143269512508	0.031081196342341227
CHAF1A	0.5639550848389412	2.4324702245214775e-17
UBXN6	-0.38326521161232324	1.044464994989862e-31
SLC39A4	0.7107415272184094	2.1079682649177066e-07
TLCD3A	0.045984182316070814	0.4883899785144931
MFSD3	0.26695580675887254	0.0028458562552718457
GLOD4	-0.1850450129956629	3.5695860283094968e-12
SLC43A2	-0.23192661965421907	0.00032168521739264853
RILP	-0.8252232850812814	1.5070272172310865e-64
TSR1	0.2926243148423496	2.5000310027569554e-17
CYB5D2	-0.837242871778157	6.439507430513279e-09
GGT6	-0.08843394738810759	0.6096471660578405
SLC25A23	-0.03419400558783571	0.589429933999912
ANGPTL4	0.46541790101480096	5.783616620364329e-07
CD320	0.36376319345235475	1.2752328892028756e-08
RCOR2	-0.34722905087699174	0.47223044707436573
SPRYD3	-0.0662893602468139	0.0029378771730381175
IGFBP6	-0.3826501351298236	2.205008649974442e-09
NUDT8	0.09631072898787911	0.02774382095524707
PRDX2	-1.2368977598387811	2.3781880821429316e-53
MYL6	-0.3519796749479096	4.819981148799371e-27
MRPL58	0.5741366320963871	1.412253102265458e-34
ATP5PD	0.1171062716437539	0.0017614663479457219
EVPL	-0.6483776257008197	7.59784971668506e-24
ACOX1	-0.0231399410033708	0.8962627623929865
TK1	0.7652403337808437	1.4846623193177437e-20
KRT16	0.42140934274875225	0.0011085740643082221
GSDMA	0.019989147849887867	0.8498098425267165
GHDC	0.1008183251322522	0.004804975697317631
FAM234A	0.004237259975311623	0.9185806877619178
SPSB3	-0.13765744776378383	0.15369875019523346
E4F1	0.11605598308833785	0.004240612250374331
ECI1	-0.2434607860997809	1.09512289347879e-06
RNPS1	0.3269819341852239	7.81864209779499e-37
ABCA3	-1.2213706096071602	2.677904682883276e-55
KCTD5	0.5308574087129444	1.2254028194824927e-27
SRRM2	0.3389934014664909	7.040727871976307e-48
ZNF597	0.16614250856145946	0.002279480643229313
SDHAF2	0.49192637562913966	1.98417549989887e-07
DDB1	0.18368323046443338	3.4249926144155184e-24
VPS37C	-0.017148636776302337	0.6074129748424255
ASRGL1	-0.2748624012018096	0.00010928170394852364
HNRNPUL2	0.33286214310089546	6.698451924366959e-22
POLR2G	0.11603166239122051	1.955861938851502e-09
ENTPD3	0.05480906641486543	0.5544962952633133
ULK4	-0.638852499671886	5.927036514288321e-08
FADD	0.07779901631050638	0.007275666188031949
CTTN	0.4775777097689827	3.698429273441708e-27
LTBP3	0.43469560662550855	3.456930904341956e-26
SCARA3	-0.45181937438769526	9.325455125716002e-07
PBK	0.2657663229471236	0.0001403324420019988
MMADHC	-0.23083171887788945	5.727524262564848e-06
TRIM35	-0.5152281079415206	7.255424744574885e-05
ANTXR1	0.09477995400025695	0.06550811685509272
USP42	0.2201649245213001	0.0003097699993116428
MYRIP	-0.3693618509494746	0.06861234538390232
PTAFR	-0.11517215426650448	0.04617478436878563
SCAND1	-0.21007393587296425	0.047130071768089095
MFF	-0.3650891539581955	5.805344928889472e-06
RNASE6	0.0752279252776998	0.34012237670257306
ECEL1	0.16220487473644343	0.6760115962591189
C3AR1	-0.580727551567202	8.487257647371205e-06
LGALS4	-0.2460605664254928	0.07866239413003114
PANK1	-0.22240871345655172	0.0100791552777862
MGMT	0.004345084702766629	0.9246172829807151
PRELID1	-0.09133906852438714	0.4637302154917716
SYNPO	-0.8748146543609183	4.12158507165313e-61
TMEM154	-0.049993591292421674	0.2786007912144795
LSM3	0.3158901998630757	3.537213278559686e-22
ASPSCR1	0.09534661893600474	0.00037076232026987476
MBOAT2	0.48703867612451435	2.0441712161862138e-14
PDGFD	0.64138048417637	0.001058805930830712
ATP6V1G2	-0.6494227014438714	1.4568644728671032e-17
ZNF25	0.016203418255613153	0.6436028847941307
PLPP1	-0.2562518060303487	0.06531013897312644
ALKBH3	-0.0831328783044483	0.008312037328626379
USP8	0.23441281513797396	8.015981688778375e-22
HEXIM2	0.2371886141432127	2.3779463658004882e-08
EMB	0.24743389545547195	6.769620298396838e-07
RNASE3	0.032085468389793315	0.7083768772294872
ATRIP	0.03471015709517618	0.40807909410076293
TPST1	-0.009182631886008454	0.867130932585532
NANP	0.08171088487779907	0.015081854966257753
KLF13	0.12816005662724647	0.01614296189735323
POLR1D	0.3444047725197345	9.76369226567384e-22
CSDC2	-0.40382753879949124	2.1152484787943553e-09
MAP2K1	0.04856010389933637	0.05101188329673487
ZEB2	-0.5138920049285292	3.7612752049015105e-46
BUB1	0.4383762239307989	0.00023576303022850053
MDM1	-0.6798314608796651	5.232188540964888e-33
CXXC5	0.5189087945808974	2.5662589421694624e-14
COL11A1	0.8752194958960497	6.635354620341527e-19
GLOD5	-0.2576917092768454	0.0008163618146649293
SORBS1	-1.0097561334022616	4.924326314647161e-45
HSPBAP1	-0.1748106503714847	1.0704449506678763e-06
BCL2L1	0.3303079229571164	5.692016873002841e-14
MACROH2A1	0.37652622274116887	5.435790898797367e-14
LRATD2	0.33845438967789765	2.512041328148166e-10
SCEL	-1.259259262620613	1.3993386178960027e-40
KBTBD2	-0.07488493071927618	0.01662762093480686
LRG1	-0.8953759762446267	3.1879436289633763e-27
CHSY3	0.12248855953931106	0.4471519257340165
UBTF	0.3302959419098646	8.91467917434605e-30
ABHD15	-0.30684585944192544	0.0004075425654933598
IGF1	-0.10919566035050421	0.1275032350621925
FPR1	-0.04350705497462529	0.4711569154598213
GUSB	0.19956885635611826	1.654941938496021e-05
TRAPPC1	-0.14017230313726867	1.0850343166377506e-07
XPO6	0.20003361929654423	9.8180887831992e-14
TRMT61B	0.27883343281709994	1.2376670918601188e-08
CLEC12A	-0.19112379948223437	0.0811734698388646
MAEA	0.10520545564818252	2.301220053735965e-06
GIMAP1	-0.8493613073132311	1.5958171188553864e-48
SCNN1B	0.1311253252342599	0.25273840300319433
PA2G4	0.2518025507758945	9.797822588956607e-21
RPS9	0.3696770173886408	7.070926170861e-19
SH3D19	-0.5646624023031872	2.948394089679059e-12
SMARCC2	0.2343443789752175	2.197682512947114e-20
RRM2	0.8224665227159401	9.461822793602789e-20
HSPA4	0.2851206151107951	1.4646984054490446e-31
HDAC3	0.10607763464552028	1.7873192868691688e-08
SPRY3	0.2117635403393282	0.25780048014366364
FIP1L1	0.779098147539066	1.0931966605243323e-35
ZRSR2	0.2404261906176549	7.313790677409078e-10
AFAP1L2	-0.325636478896446	1.0504497038772065e-08
KARS1	0.2846196472196458	1.9884026703657118e-27
PPIC	0.8399486219007877	5.39839669524553e-47
CEP120	-0.3978805752769181	2.53099517754128e-30
POLR3D	0.2836621743978093	1.0080230372016449e-19
VAT1L	-0.5627975479948866	3.939594674713376e-13
RAD17	-0.017524833200269416	0.6296528094077087
TMED10	0.49737899845037614	5.187708910627703e-29
MAT2A	0.1670127832294155	2.4655486616258703e-19
COL22A1	0.29978217763565274	0.10418457942338034
CCDC8	-0.2299754839512922	5.645252126657894e-07
UGT1A6	0.191543419317454	0.2746465084177822
RGL1	-0.36998466994576346	1.5116207754612542e-11
PCSK9	-0.5138001205538558	5.338768935162706e-13
MTCH2	0.5546818358396934	4.839425017438029e-31
ITGB2	0.025117852573565875	0.6126624226011821
RNASE2	-0.4075112169210132	4.7446086864548345e-15
JUNB	0.2705561475656323	2.550460418900928e-07
ITGB1	-0.29238070281317347	4.1885784217522614e-14
DCXR	-0.20973253727009541	1.2827446949987303e-06
LMAN2	0.47825540817425394	2.2830332553832884e-24
FNTA	-0.10871259680922095	4.895231601182958e-07
PDS5A	0.35585222260539073	3.7374032567385934e-35
USP38	-0.0643998106179599	0.04261736123934861
TSNARE1	0.2478382804049844	0.00024841726788552503
ZCCHC4	0.11431901444962847	0.046926797226114994
REEP4	0.08460383644111985	0.02360451132719486
BAHCC1	0.3891378030398795	0.07738800032893205
PAH	0.17967955753451076	0.5276166825874341
BCR	0.019824301324700394	0.48190437175047895
FRMD3	-1.2918983888833715	3.537267273304673e-30
PEX6	-0.13451091462532713	0.00013300051435173233
DUS1L	0.015002548225719135	0.6283201113429713
ANKRD49	-0.18954632973158725	9.861389757700076e-05
CBR4	0.07098688957957884	0.1288351990011718
CYTL1	-0.16843033892059348	0.14717533962868076
ANKMY2	0.07511634305984104	0.015419665058100822
NUDT9	0.106688535678282	5.8639536321513905e-05
NKIRAS2	0.02370681891936352	0.4452189580041698
N6AMT1	-0.18220910972053017	1.7255785341659407e-05
CLIP1	0.24241442073526884	0.2397744657237884
LRP8	-0.0801176110817636	0.6107049802308385
PPID	0.3039555622666982	2.2081093698300888e-17
LUZP1	0.02964858883272916	0.27250706280290016
HTRA3	0.47206460368424297	2.2203318232835966e-11
AKNA	-0.2044545688698124	4.2878392043829575e-07
TEX13B	0.16946405104254753	0.578859303049149
INSR	-0.00716786723379919	0.8382483041325375
RASSF6	0.41014652426555187	5.028039511315156e-05
TWF2	-0.07107890976932002	0.004563200714312602
ABR	-0.1728157610930507	0.002227828225831416
ZNF561	0.19521373582803786	0.04363600731622272
MZB1	0.5088926168543368	4.819995976438048e-09
KIAA0232	-0.24837743950872226	0.00015836446774381208
GP9	-1.0573550467459554	5.489955099483281e-25
TMEM223	0.25278765477019116	3.2121129079770305e-06
UBXN1	-0.03899062415459942	0.07705139590200236
TMEM43	-0.43423104171139315	9.929508781008944e-23
GTPBP2	0.09767997495573541	0.02222973003389219
FOXA3	0.1644135350307294	0.6652080126605769
STARD5	0.04952773769583142	0.2516791742369006
RNF139	-0.001752881008235535	0.9791402008624306
DDX54	0.1745222686160302	0.031113741820598718
FAM83B	0.4645675928531636	0.011161925719571456
COPS6	-0.24926453740060875	1.8546090811792898e-34
SCG2	-0.20340573902512976	0.31818475150970643
MALT1	-0.21767678647076644	0.013075840856440047
GTSF1	0.2783612137972228	0.03327693971774054
PCNX1	-1.3630136052768727	8.845692804821145e-08
HIPK3	0.26008553650135213	0.03158730499691899
HINT1	-0.08956430931051688	0.00019453518435436483
CD14	-0.41763573910110907	2.758862859112192e-20
RAC3	0.08451408701774052	0.1998056417973656
FOXI1	-0.3421594016807478	0.014717761372005122
ANKRD27	-0.2635009795311259	1.5026045063653022e-18
ZNF217	0.697267663104289	2.8676310204200695e-35
REG3A	0.21105009641539235	0.6817297299741608
COPRS	0.2808845966361956	2.8829414865529207e-11
PRPF8	0.28868595912944106	8.753226691469403e-44
CCDC126	-0.33222251435308914	4.7185037867365525e-06
SMYD4	-0.3030320663938847	5.450288760011672e-10
C1GALT1C1	0.05760231093919577	0.2509442067226266
CDC40	0.11109139458229558	5.335582346207317e-08
RAB24	-0.0038921019028535786	0.9061465005923616
SLFNL1	-0.7720438169990882	0.0002460739236127199
HNRNPR	0.31821221823174906	8.902038564343043e-40
COL3A1	0.9595407968067716	1.6373831238319982e-33
C2orf68	0.24930182643111112	0.010095519180922045
CXCR6	0.45214502721300964	0.056189045614579936
SNX7	0.0021463363091880835	0.9528676793326483
KNDC1	-0.2929433623644227	0.10947578417140609
HAS3	-0.4368399321344629	0.05552516964250294
THOP1	0.28614955242596685	6.3896782952881985e-21
ZDHHC16	0.4596875772532295	4.167066446878049e-05
ATP9B	0.05777295057015177	0.02926181816101226
COMMD5	-0.2590024084215928	5.531838771258673e-24
MPLKIP	0.42824434359654384	2.5833652134999294e-15
ANKS3	-0.013692296844103342	0.8311913491174147
FASN	-0.1077853478848767	0.0549618285768165
ZNHIT1	0.1728492227818332	0.001745698122290524
MAGI3	-0.6351870904053057	4.287756757777456e-36
CTNNA1	-0.028414879892704796	0.33856476206970415
RNFT1	0.5776656843187578	3.657481693951029e-10
THAP11	-0.1173455869631006	0.00047104925623955634
TMC7	-0.2403628421967599	0.12374381200986995
MSANTD4	-0.6592368236374975	6.461142008739177e-09
ELOVL6	-0.11967632232294417	0.531984031450786
ZNF467	0.15082516819370292	0.045598132417349634
CES3	-0.13326651580724708	0.09123172632452402
DTYMK	0.27787940455181004	5.806804477770975e-13
NKRF	0.5771239702163311	4.0709482266350785e-36
NUDCD2	-0.021610906661917	0.4000770987022294
ORMDL3	0.11688258264156051	0.019028095327993703
IRS1	-0.08282635807029762	0.05410355080032864
MFF	0.20709534624848067	9.491906048981824e-12
CD2BP2	0.3107675491877977	3.522610329770832e-31
SOSTDC1	-1.5374153221268383	1.0346237005762408e-18
TCTN2	-0.5084597029553086	5.501479062967938e-08
ROBO4	-0.9171987203868619	7.738706433220344e-37
MN1	-0.5924573787338934	0.004403607894020997
ZFX	0.37503529278928893	1.1732779009219936e-09
GAP43	0.5483353293779343	0.0004653478268528977
MTCL1	0.3830482757918248	5.628951614910258e-07
PXK	-0.28201384271232277	5.110633930494222e-29
TMEM192	0.14546953353264938	0.0008333837040593906
RFXANK	-0.32560676234610875	7.696068048084525e-19
GIMAP8	-1.2178105226235987	7.012566772578539e-72
MCRIP2	0.6609007507098393	7.575041969416989e-18
PWWP2A	0.3594076508777167	4.207542093014041e-12
TRIM56	0.01068104152861752	0.5171771467550992
HS1BP3	-0.055126443587431864	0.030695749387884802
CKAP2L	0.7967296912063914	1.2381510419556154e-06
UGT2B4	-1.4382664555591858	0.01801661360538712
RCAN2	-0.031672561461450296	0.8249584501724414
SRP9	0.43831569638358736	8.751402829476417e-35
STX8	-0.19887411149680467	3.74266915059688e-11
GNB2	-0.3777355660175264	6.600239226776326e-29
RTKN	-0.35116919608909747	0.14234957395256212
FSTL5	0.0997002734880885	0.4899249323465607
ADRB2	-0.5069615402574119	7.423738029444273e-07
S1PR1	-1.1999026173715373	3.364411324347162e-35
CEBPB	0.01525374481559965	0.6260352593690309
COG7	0.3865007333895758	1.065272897487063e-42
CNNM3	-0.23986292542114415	1.6353590616706885e-11
FEN1	0.7880067495845133	8.008328655373893e-46
SPATA5L1	-0.23898644135316455	3.18741039461432e-25
ASCC2	0.4063020528021791	9.106671285731758e-39
NUP62	0.2608388690963706	2.7091594396136197e-39
TSEN34	0.10026824630953299	0.0002541397315103649
OGG1	-0.5877651411936408	8.876801144053142e-10
SIRPG	-0.43534448313152474	7.409175905599469e-05
THAP9	0.8213295025898526	1.7542713428403137e-08
PCBP1	0.024433546408987872	0.08103596133371667
FUT3	0.18959620424359752	0.3447401962394755
CENPN	0.1010037411832449	0.2822356786712435
CPLX1	-0.3093257390970494	0.23843717488107158
MCC	-0.7289521259975544	1.0846017031744081e-62
VAMP5	-0.8811899738879887	6.67506282595816e-36
CXCL10	0.02430461012198696	0.7564411658402029
LETM1	0.46120617132422587	1.0390379352681538e-20
TRABD	0.3007477371027206	8.29540441524668e-16
CAVIN2	-2.178690631326027	9.771323565229708e-99
DERPC	0.054640052967349376	0.07900410261953834
GAA	-0.04366521258166259	0.31635780022164117
RBFA	0.22214257033901322	0.00014037283448040352
HOOK3	-0.1832803510024784	4.481958115460242e-14
BMP1	0.4619342641813869	1.687667917601366e-10
IBTK	0.19809727200844493	8.513451824785233e-11
CHST11	-0.4244404967272156	6.423428449723948e-05
CST1	0.29955678059566326	0.04623563645699819
SMAD1	0.06084606644394293	0.1333300872635989
SF3B3	0.3087511632611317	1.2127561071504955e-52
ZNF131	-0.0022104964208313517	0.9448631853410403
STX18	0.17704516814647953	2.7319803674346774e-08
UBE2J2	0.08641347100011897	0.06003340165784263
GPRIN1	0.38650063134084434	1.0002065882199922e-06
HNRNPD	0.037272579527546576	0.6500321798351901
PALM2AKAP2	-1.3696238580793074	5.901254555244537e-102
TMEM208	0.28471576066478066	1.1241946835960716e-07
KMT5B	0.3889116876703175	1.7979047599345819e-09
BRD3	-0.07595595483399048	0.0006639579597389426
HTRA4	-0.2701846033979963	0.21401784192199208
FGGY	-0.1709748509833168	5.1101608775634515e-06
PPP4R4	-0.7063661866104566	0.0370434368290166
STIP1	0.32422019687133763	1.1055476374286476e-29
SIK2	-0.24351059372949177	8.50899832282084e-13
PGK2	0.42344645281532434	2.363220345176668e-22
ATP5ME	-0.10114118663073197	0.001603874167515472
ARF4	0.5282864376976399	2.7232979892908908e-52
SYNPO2	-1.1592645301612783	5.2299116109595176e-52
REPS2	-0.31968041097870803	6.503594178580821e-18
SPNS1	-0.13999648165785056	0.0003033356850678967
NUDT6	0.053086904245689764	0.4656949373499072
MRM3	0.36204546330108844	4.4656043685571085e-15
FGB	-1.0996315375671135	4.778867512849083e-40
PAM	0.35310819139322885	4.324108106960705e-09
CEP89	-0.18330683715663387	0.0006803816718945065
DDX19A	0.27497494379099546	1.1741395741241203e-19
RPAP1	-0.06401014837634617	0.001387969355702034
PRKCE	-0.6877035122977895	1.7877168655510606e-58
SLC50A1	-0.19820445611806586	0.28301772606317716
IL7R	-0.8614403221633972	1.4722707849293835e-22
SLAMF1	0.527184235040078	0.0014841112659133263
MMGT1	0.4782186685297576	5.51034300711432e-21
LGALS9	0.06714085186827853	0.1674433193133322
FOS	-0.9331303558811455	4.541598722875234e-19
ITPR1	-0.1230761315699287	0.5130960987331051
KRT78	-0.39665685586624666	9.087351879497594e-06
LRRC15	0.5157157808639178	1.3899894768709867e-09
GON7	0.13301781679372626	1.1278145945830177e-05
PWWP2B	0.0384874314856371	0.48466977770947195
SLC25A33	1.103381997229095	3.1857775551196325e-13
YWHAG	0.23080323307092837	1.1748786467412345e-15
RFX2	-0.49941588901983447	8.098274732533756e-16
TMEM135	-0.16319533698653782	0.00047428845431507044
ENC1	-0.07096877200861433	0.5226588262789242
MYO1B	-0.618235199134558	6.545798226703056e-10
RNF187	-0.19144608337011462	0.08512488035861573
UQCRFS1	0.019694049953272084	0.5127881133234151
ARMC4	-0.5878584261531081	1.9331998937380803e-14
CHCHD7	-0.008370232338701315	0.8580793041511507
SPRR1B	0.07926763017722127	0.5806179428110279
SHCBP1	0.17901063640054451	0.017457109451231075
BTD	-0.6638108786690157	1.1731463464585438e-51
RAB33B	-0.18028928382565443	1.3222481477702417e-06
LRRC8E	0.02004899346642195	0.7014572273850014
DESI2	-0.23883172926420643	5.9759096616697485e-09
MRPL13	0.33382116058115596	2.8614896671194107e-18
ISG20	0.2791548562800549	2.448424282638137e-08
CERS6	0.32577471724964674	7.351456021122712e-09
ADH1B	-2.0143956407282335	2.619804048306092e-81
PPIH	0.25185552282103746	2.01961494669667e-23
ELOVL5	0.5435121734526744	3.3274663455682747e-18
NUDT16L1	0.12450531377777292	0.0004896830922188
PPM1D	-0.0464238594740449	0.4631037026063369
NETO2	-0.846018592926038	0.006682140973622551
SIGLEC7	-0.20942731413783888	0.00012043836816008552
TNRC6B	0.08898840715142028	0.26917466091647785
LRRC45	-0.6187560059236998	1.7355676996886486e-32
LDB2	-0.9770826213837266	3.008071510019656e-13
PTPRC	-0.056061384109260995	0.24297719728034353
RBKS	0.06849568626983621	0.12336930701644654
AVEN	0.3817118449100116	5.542969215156874e-27
SEMA4C	0.2799606546326232	1.8984560680930147e-11
VASN	-0.2796503139603711	1.8075693122662104e-12
GABARAP	0.2473589690740839	1.2278361785457253e-07
SEC23A	0.3032015659275139	1.199026107127609e-24
TMEM126A	0.2764992115951747	1.28049066033124e-12
PRND	-0.3525846149869451	0.001013309405759572
RNF181	0.41103712566807626	9.503845634091764e-30
GLB1	0.3776207849493043	2.9006063522694336e-13
NFU1	0.42631555718705805	5.0929516775269325e-20
YEATS2	-0.07006140167559644	0.004721006680816001
ESCO2	0.9964453761986883	7.112324481230762e-09
APLF	0.5650618632746629	6.438775902591293e-13
IRX2	-0.2645754651978289	0.00042614914433839374
ZC3H14	0.5484976131696757	8.240231156843582e-20
SDC2	-0.13576577349510238	0.036839046121336684
C15orf40	-0.2870629770745832	1.0065601089032536e-17
METTL18	0.2474192671270424	9.913105440211323e-10
KIF5B	0.17679382222471535	1.8335090879193258e-14
MAP6	-0.7574992407936051	6.05059697901081e-20
CDKN2A	0.09031489992519579	0.3194648790181669
DEGS2	-0.2961177842282527	0.0360435569948479
CTNND2	0.019285726081088257	0.9152072657128894
LAMB2	-1.0065164651046523	1.0248666703441107e-67
RAMAC	0.5277010175597555	3.30841011919751e-12
ING2	0.041436094496656736	0.6956271417612564
ASL	-0.05245615730956395	0.24065118693421253
DNAJB7	-0.33836023297881646	9.981041158481882e-05
AHSP	-1.5609347589279396	2.000767363240531e-43
LCMT2	-0.4617829315516524	0.000751162787302534
NAT1	0.14104878695161446	1.683122460103515e-05
EIF2AK3	0.3119897368283423	1.138318020936031e-09
KRT74	0.5667788205178654	0.02340939853255444
PDHB	0.03646972212479057	0.22082108243649282
P2RY12	-0.6429615606767196	0.000463382608849812
TBL2	0.5808689684615223	1.1168904212946654e-43
IRF2BP1	0.12246330544158535	5.189345820370705e-07
RPTOR	-0.15223293509804448	6.166281952076076e-13
SCAMP3	0.331605664783737	6.024366910664886e-22
MYL1	-1.7682141501224142	2.281233224921705e-31
MCM7	0.7378724305269623	1.5770790442508656e-22
CAVIN3	-1.4173685208897768	6.597121482329783e-70
CHST14	-0.22809158300741048	1.1098792510773883e-08
FEM1B	-0.1386022581106209	0.0015443690622563868
DDIT4	-0.5054821694628712	0.032968342582113196
P4HA1	0.3466252354628939	3.2225805648318923e-09
HOXC10	0.04954319330948623	0.875279734694922
SHE	-1.0829052834737993	1.6354230405529548e-51
MLLT10	0.11049020933424203	0.07531528602013901
MGAT2	0.31940689969187863	2.6626546652765e-13
SUCLG2	0.17984264113063136	6.006259628589726e-05
LTB4R	-0.824744117619644	2.5712897302907455e-14
DLG4	-0.8725130569150108	7.466442412212936e-05
ARNT2	0.3506677103675032	0.030410000479836635
AMDHD2	0.09418907253354517	0.4368140527858336
WDR48	-0.17091113515959927	9.948598401816274e-24
CALB2	-0.9287194502273495	1.5832751861715249e-18
MRC2	0.003565960480653555	0.9311904827700206
TMPRSS11E	0.7889371987636514	7.202125836830785e-08
NMD3	0.2553621751250263	6.614058410966549e-18
NPTX1	0.42008110490166156	0.025189246664351565
NINJ2	0.4144897552534599	0.002215089979157772
QARS1	0.2832612133119138	7.697179353963996e-34
ZBTB5	0.22187230281853323	0.012349114548354015
SDR16C5	0.23293777327530393	0.009488846124919006
AGAP1	-0.2607050244802249	1.3228621471916788e-15
VPS50	-0.028824040750748195	0.07218029574753541
CANT1	0.44351808605437487	2.1140321429189175e-21
TADA3	0.08753891375896862	0.00044719948710552205
ACOX2	-0.22629153373371527	2.6198104771788875e-06
H1-4	-0.8916473854951449	6.52789637056479e-15
MT1E	0.2920623676202922	0.06718265805545824
ZNF608	-0.19028578643171162	0.0006858812713754298
CYBC1	0.3342513861729945	7.964209595540687e-12
ZNF239	1.1620041941477637	1.3699866559497004e-08
FBXO22	0.16773814754499167	2.794568681033515e-07
EGFL7	0.6388053533913736	7.826543886491523e-07
DRAP1	0.3221761404790984	4.6239442150868985e-23
PCMTD2	-0.07785895431987447	0.08302900074800244
ZBTB4	-0.2104720761480042	7.42924436946466e-07
SLC22A18	0.5519600612268183	1.478910147773314e-16
U2AF2	0.28462580742922794	9.728050468589474e-44
MXRA8	-0.08317257953456206	0.09481135789103003
RPL13	0.1717309202717404	1.807355525914734e-05
GCC2	0.4209446290792561	1.0655315808583041e-47
EEF2	0.5196018584860281	9.322542654703089e-61
FAM174A	-0.129731755889682	0.030418269255831402
DST	-0.7779762903720949	4.5082897097021224e-52
RFNG	-0.41108879684206967	2.993126897808573e-05
CEP290	-0.27030027261293404	1.845699784849618e-14
TADA2B	-0.2765077894657134	1.0284622198660335e-09
PCSK1	-0.00828035037220769	0.9701095758755076
CYP2S1	-0.09758884216432512	0.20797102930833689
RUNX3	-0.0912408341646106	0.019375350227424502
SUGT1	0.036860526697617906	0.11673594577803373
HPSE	-0.24085788195380733	5.201623292768124e-05
CD248	-0.23921843263758996	7.40280348101535e-07
FOLR1	-0.2904307022238689	0.00026557742212373903
CD36	-1.8946982140159547	1.3409682940493251e-71
BTK	-0.23154072057878827	1.1757804612968788e-08
RNASEH2C	-0.0659271459761222	0.016515141730231393
MMP14	0.399025472562446	3.212305693893919e-17
HMGA1	0.7924813696120233	3.344860685909767e-35
COMMD1	-0.07669245455869304	0.00123451278000219
PTDSS2	0.08833543638945354	0.016640801808830954
CARNS1	-0.15239452433058698	0.5982633888287939
MRPL38	0.1899962036992236	1.9184397822003824e-06
DNAI2	-0.8761029775644569	2.277671502001028e-32
PODN	-0.8493638363069224	3.847428184067921e-43
PPP1R3B	0.24475853946991843	0.0008619213306104375
UTP23	0.5701654258731588	3.77337397934312e-29
DMAC2L	-0.0876154480125626	0.04083909388261648
MLKL	0.12622139141567518	0.0022075302284881105
LEMD3	0.1370386836552921	0.0003549668330918876
LSP1	0.05532072501882343	0.20343219170258778
RPS6KB2	0.31580411884747706	2.251351278812752e-15
CYB5B	0.09171305439094465	0.024246133733038362
CDC20	0.5701039689316403	6.111540210341643e-06
KRT17	0.4582606544744654	0.0014928233506644093
PBLD	-0.030553856797810763	0.6792417939119506
EIF4EBP3	-0.4183319053317081	8.426503984468518e-12
LRCH1	-0.25440247772261065	1.7139567616752638e-22
KRAS	-0.2554864601083487	5.4312322160822005e-18
DCAKD	-0.1203432820294047	0.0002828919765092136
MED16	0.2319086137917306	5.559870465064014e-23
DBN1	0.23379188241026355	2.267257134889381e-09
GEMIN2	0.007142812211640679	0.8371611364187636
NBEA	-0.1489394121478058	0.001908590831216495
F2	-0.8682318748102068	2.9970415674177396e-46
MEPCE	0.3713145180453583	6.702528589370262e-32
ZNHIT2	0.16121641519622942	2.471301764218589e-07
RHOD	-0.35731683899893174	0.03747671387229282
AGR3	0.033218253345114496	0.7084145402936518
GPD2	0.12907947576620565	0.0009398051079254984
GLE1	0.2151907305198897	3.84512450732347e-20
INHBC	-0.36616705957368956	3.639384041967709e-06
MRPL48	0.6202583275424485	5.575957814221416e-41
PRSS1	0.05490006100126532	0.8790219696316628
SUSD5	-0.02079679526465817	0.8069932544094267
MATK	-0.21557817375034855	0.040231184809678355
CLOCK	-0.007931711444785418	0.8308402336516441
CBX2	0.7846350916581046	5.816574451496798e-15
TMOD3	-0.3909069118114543	1.5452228071894478e-45
ZBTB21	0.1991729285626722	1.7243093289818676e-08
SULT1B1	-0.5706829879495403	1.5466431236420585e-11
ANKS4B	0.9736323181591859	0.09006254809921312
PPIP5K1	-0.10011269055976073	0.002910948000983267
BMX	-0.8427685858416557	3.443609641411483e-21
GP6	-1.081104185326367	3.318374629796952e-30
CCL19	0.29438418449741977	0.09212628353490505
MRPS12	0.5507965810390401	1.171624164627549e-23
SNED1	0.14559288366389112	0.0030748661849725437
SLC19A1	-0.48455873058581295	1.817205128622055e-15
MRPL11	0.5046764722782129	1.145342366931235e-34
PPM1J	0.8706889319086323	3.415617782933222e-09
CYLD	-0.09021321585050172	0.00017594978489699018
PLG	-0.7985769196425736	8.512918992913829e-35
HLTF	0.5436985625015343	3.737394552707694e-30
MEN1	-0.17546711393321002	2.366194744428566e-11
VCPIP1	0.07686636854583179	0.00015278070876819746
GMPPB	0.19288505561985994	1.177504619498711e-11
B4GAT1	-0.3833557983087572	3.234536423959136e-19
BAD	0.09601559606416568	0.0015646958394349175
PTPN7	-0.13113530086106642	0.0006281435185752452
OLR1	-0.5037126288575156	5.2312733475795756e-14
BCL2L14	0.24725532346113377	0.008653487443594378
PDE12	-0.07721984395023967	2.736635554379731e-05
KLK6	0.4543385992080235	0.10971279522726181
RCE1	0.02593195922902123	0.6222403736197053
RBM4	0.6616212228227235	1.0569539544710274e-41
EIF1AD	0.35919278289737894	4.1472043550264874e-22
SH3RF3	-0.3636872495266592	2.464500531594118e-09
UBE3C	0.04034918710651706	0.09285481425691836
BCL2L11	-0.3545871602434215	1.6006050762004992e-06
PEAK1	-0.8477005351692205	5.657071937198512e-78
ALAS1	0.027166924728926116	0.5170718572305795
USP48	0.07220195460441246	0.0041974816550761004
PDE1A	-0.2637061602164077	0.004515214702993676
CCDC96	-1.1457570650060585	1.957034034104763e-05
KDM2A	0.357455650187863	5.8045197794048394e-36
RPL15	0.3873098537813747	9.159344094431366e-24
CLTB	0.06441252213737807	0.09237257565394331
ZDHHC24	-0.035962307381178844	0.5839188641281561
PIGS	0.2193302167667956	5.399814616444083e-12
RETREG3	0.18266316732504428	4.763399874155513e-06
PFKM	-0.4584061310589165	2.4431309631380763e-34
VPS41	-0.09147734925802076	6.569377417855432e-05
LIPT2	-0.16214231974897175	0.0006438517217742203
PSMD1	0.24578912684233273	1.7908001008164923e-41
ACO1	0.39229971831450594	1.5709819679126163e-19
YWHAZ	0.43695815746989886	1.2275600560846446e-35
LIME1	-0.17785314698411647	0.0022357563561227318
TP53I11	0.16875954689930872	0.001426442022455198
PDP2	-0.2936498440508032	0.0034613821823348883
HCFC1	0.1683517719558523	9.451904871436089e-24
MICOS13	-0.12273411606647198	5.203431555313361e-05
UQCRH	0.04025193350728443	0.424601544314221
LGALS8	0.2523600788338919	1.7459496066967908e-12
NAV2	0.05354678375194785	0.23419029642435493
PRKACA	-0.09822047426678278	0.00018189604952578104
TWNK	-0.28582689402576344	0.09847202029729843
MAP3K11	-0.33562329851980066	1.755030433823314e-26
ZNF408	-0.3626614546308037	0.030774477344733896
METTL2A	0.19252914230291152	0.025392655141910313
CFL1	0.3200412734626302	8.84154329495025e-33
XXYLT1	0.17398322275597505	0.002178436472897312
BOD1	0.3152199934142339	3.798250733606832e-18
CCDC106	0.049914873686934674	0.7337870914991804
LRCH4	0.0006757213049065763	0.9758269529274495
DMXL1	-0.2724706106061715	2.2216173511973108e-36
SLC39A1	-0.3020602868927306	2.2219414235141366e-06
SH3PXD2B	0.378727637005041	1.4170410654417815e-16
SLCO4C1	-0.6132538268753243	1.6279743625212822e-07
APOBEC3F	0.1989610900246126	1.0979337486931231e-05
MRGPRF	-1.0165599098624938	1.7306025164601073e-36
MIS18BP1	0.8791129403269018	2.4110684417328926e-23
TBC1D16	0.41412138816995336	3.1277133961070665e-12
FOXP4	0.08290548157708001	0.014319832262118928
RPL38	0.2982691198399461	6.065599177382325e-10
SNUPN	0.0859483880170928	0.02230841310013695
RACGAP1	0.6358108824600478	2.772023287914262e-14
NARF	0.5667921580606521	2.2863381256278077e-21
TBX5	-0.7325558780856014	1.2015470510420025e-17
EFEMP2	-0.11797437327827429	0.01946733371832228
ADAM17	0.10876021075874884	6.088710997312226e-05
NR1D2	0.2929880031755169	0.00173641924302714
ADAT1	0.08665049574500885	0.03984408648966123
CD34	-1.5210580119178263	1.1377103959435643e-73
ZNF622	0.5651754014005447	2.7237130743090232e-36
ANAPC10	-0.0804949466293199	0.016776829949035624
PTMS	-0.49694346482344476	6.799186196748561e-24
TAOK2	-0.21994634378241196	1.0921115651029329e-05
LRRFIP1	-0.76954839324869	1.2812406549332804e-71
HSPB7	-1.0378434685058178	7.608126244312601e-60
PPP1R14B	0.44746340970430826	6.259398787277108e-21
CRB3	-0.056848365688497604	0.42815826981484806
IRF3	0.015635201472721957	0.5367273390309112
PSMD2	0.1916309235455696	1.0081994843848826e-27
MACROH2A1	-0.018731218939150404	0.45544605026504176
FOSL1	0.771555929621553	0.00011376572257072684
FAM241A	-0.3971074653368455	2.732493223542391e-14
NRIP3	0.12964197592149662	0.8048145596673743
SEZ6L2	0.24940605357611761	4.156764303378176e-05
SLC5A6	0.1799925083651458	0.02312512363679569
HSPA6	-0.11108839003132101	0.029967442635558218
RAB1B	0.03476073787623632	0.21053697113633701
INTS6	0.15272302708841967	9.415603233346912e-14
TNFRSF10D	-0.03176989430023651	0.855439909489912
BANF1	-0.023389545024266874	0.5747178191701926
SP3	0.5323114734142496	5.480116707371456e-37
P2RY2	0.14270094697212404	0.085650201885671
FBXO45	-0.12309521528066036	0.009334347657447003
REP15	-0.23149954998922473	0.3583836717558229
RESF1	-0.3720976228278324	4.597130243556821e-07
RMI2	0.3302388882040297	1.25215902404334e-05
RIN1	-0.0827772072999893	0.05147355335296166
CHMP2A	0.10049990419646232	0.00025253805300663176
GLS2	0.18726249083534366	0.30037268476151624
SART1	0.44726703839802495	8.351776755619234e-57
AKIP1	-0.3122578527367775	3.9961844669978485e-05
RBM4B	-0.3347786263429161	3.496511156212421e-13
ARHGAP1	0.06997279326468954	0.011243614158669405
ERCC4	0.19506132787583613	6.513462351728659e-15
SEC22A	0.4035858816111781	2.033312402451323e-19
ADCK5	0.04895983386715913	0.4119146686344157
LCLAT1	0.381981194863236	1.8122915867798382e-23
ARHGAP32	0.09014044938823235	0.014780092972406376
PSMC5	0.1610963317341842	6.194593037248992e-22
USP36	0.592693512251857	1.2793827592752625e-42
MAP9	-0.0946760050491168	0.018648882676223194
LSM1	0.16964424963404878	6.137557656333052e-10
HHATL	0.01314564145874203	0.965048758727858
ISCU	0.17505552149781264	3.698540794639737e-08
BRSK1	-1.169921002377442	2.6797778453244812e-24
SCUBE2	0.6012990464104216	3.25457077132895e-08
NUP93	0.32368427983829234	1.9756959323945817e-43
CCAR2	0.13431320226129057	3.667105426443707e-08
CYP7B1	0.16711856307307338	0.0004911980124164709
DDX23	0.4961834075142422	5.306671131082888e-57
MRPL57	0.7392250501974774	7.689168859866548e-32
HERPUD2	0.48408848429564516	4.9731356655514946e-17
HPCAL1	-0.6591578911153347	1.6182244897592852e-41
GRB7	0.31078913244902723	2.240992083352224e-11
MRPS22	0.4075897152415667	7.609465806715994e-26
VANGL1	0.09735732002512984	0.03415342036409703
SFT2D3	0.38551450991569014	1.6639480579039936e-12
CFAP70	-0.7827833961070272	1.0867384276506423e-06
CTSF	-0.4191761488055294	1.1719217328608659e-11
FBXO31	-0.4962397960234466	3.9185883314074735e-05
FANCI	0.33721853536604773	5.894751048798369e-07
COQ2	-0.02750666204691532	0.8044698319424469
CSRP2	-0.3548811775897841	4.558476637927252e-10
PPARD	-0.20464702114664732	0.15414486266675104
MTRES1	-0.018657635876096056	0.6670139533210533
CD3EAP	0.2454973322851337	5.534595199540974e-11
PHYKPL	-0.34995564191856887	7.527459551329173e-19
NAGPA	0.14303427629070375	0.000840170220373958
MAPK7	-0.23350235444755557	3.9967899500144667e-16
OXR1	0.09611847957417055	0.005403334352398602
RPS14	0.16883423883945547	9.593093144158482e-16
CASP3	0.5199045003510872	7.240692437626578e-42
CD200R1	-0.548555778777011	8.372585258800326e-06
CKS1B	0.8933901205695189	2.4699286165947545e-29
JUP	0.3929327882971918	5.457955079443244e-19
RABL6	-0.19050358305137557	7.476898295114378e-15
DHX37	0.1568334022551381	2.2647293170759262e-10
ATP2A2	-0.657785773056492	0.004336950254664896
ZMAT3	0.12648139714136078	0.10644091890751455
ACOT1	-0.7306317351462601	5.380523843734284e-06
ATP5MD	0.25945051614582915	1.292741132432193e-09
STOX2	-0.26378944418195915	0.10538551612605183
DNAH7	-0.9354706004728991	3.6143731165068505e-11
ELF4	-0.2358652949231833	6.807703503347557e-05
SLCO2A1	-1.5379379137479625	1.833383270256492e-61
CTSW	-0.4997806480182392	7.091770621087829e-10
CST6	-0.15386033161003393	0.05255641949266166
ZNF417	0.1378556128110389	0.13691073439038942
RAD9A	0.19113533812655747	3.0196012083365508e-06
POLD4	0.17189492495286124	0.00011461772321404473
VPS26C	-0.2564680744224659	1.0527825910461283e-25
DENND6A	-0.14059341692998445	1.7259754008436635e-07
ADCY6	-0.3396164536623776	7.180288738194988e-12
SNX33	-0.3235435811557468	1.2820603724749615e-27
ZWILCH	0.351666113381166	8.089580464353086e-07
RPL4	0.12443356475233648	0.0013812835446899078
ASPHD1	1.004286026593201	0.015691689229049326
PDE8A	-0.33708410963991786	5.602724568657439e-07
GSTM1	-0.60186634189444	0.00016582006500680642
C12orf66	-0.1206117738113347	0.0022065985087197757
SPTBN2	0.5489418199921815	1.515141354834851e-26
MZT2A	-0.49611928446267073	2.423370779525033e-09
HEG1	-0.8327809827681616	8.113062347906998e-64
IQCB1	0.03549258463678413	0.561507337112519
RSF1	0.28969276672427624	2.1442876872449357e-24
GPR162	1.0195381519180373	0.02391847331048573
PTGR1	0.03674988854892075	0.6100929937375287
TNKS	0.15892528138871836	0.011914084449893276
UGT8	0.11330585902399994	0.2601060454723364
GRAMD2A	-0.14036300135343469	0.07720594921789622
PAAF1	0.18583823255474902	4.477706134739006e-08
PPP1R8	0.1800416577609013	1.1267855761002176e-22
SPEG	-0.826837871442934	8.105152809621841e-16
CCDC85B	-0.32141449683666945	1.1519702978590574e-12
OXSR1	-0.25196886131033414	4.318552568001064e-24
CMKLR1	-0.5831584724858023	1.6794591127716756e-11
NDUFA11	0.335969741566619	2.340714509035047e-09
KLK10	-0.1295969803777025	0.36977511592499895
RBM14	0.2577056860232001	1.9640938966760498e-30
PIGG	0.14249629645106449	0.0004068717126733303
ZNF706	0.04687630439743111	0.3853045498490635
COL14A1	-0.5270445996489206	5.152594392407399e-10
REST	0.5366889072251053	3.596726524115327e-24
MSL2	0.08942893742590279	0.008238726275490932
SLC37A2	0.40483271258424736	0.009136948837524049
CARHSP1	-0.22732019690025768	3.7470069374981614e-14
PTPN2	0.3286179418816288	3.4871024520643065e-22
GNPDA1	-0.060046723260055945	0.034059350363567595
MGAT1	-0.010779250427383646	0.7390891749392539
DAW1	-0.3367960050251342	0.020847951651076453
PHOSPHO1	0.23627130409765557	0.3944244411672229
ETFB	0.15553019471013999	2.695599567606815e-06
GGA2	-0.18804527468218932	6.887593364806146e-09
DUS3L	0.11700078693414302	0.00017414594201839412
NAXD	-0.41710912621145996	4.9372130487389285e-28
NEFH	-0.2669178367411354	0.02438150126051211
HAVCR2	-0.07200028647243381	0.23516710493434465
CD7	-0.010473593828533781	0.854525938313946
UCP2	0.4044490901016827	0.014265498365144152
HDLBP	0.5988881661400289	1.3541903878474851e-70
AGFG1	-0.07922517386778515	0.00011444417600005786
SRP68	0.5184410255794711	2.1857764080379824e-53
PCDHGC3	-0.9167432145095116	2.1565023642432535e-37
SSH3	-0.035042523745805326	0.3019534903034892
UBXN2A	-0.3267435571974472	2.3303881330727376e-08
SEC13	0.38438880271377474	3.494373989325277e-62
PRG2	-0.47017286717790074	1.4172919447817867e-08
TNS3	-0.3319572038110083	1.6475554032448506e-26
BTN2A1	-0.6133397900967791	4.397108527362969e-23
ELMO1	-0.45167624747242907	2.1022185051235144e-30
CPT1B	0.6590272830160743	0.07030158655491454
ZHX3	-0.3406877167647814	8.51106695994879e-32
DTD2	-0.9006408332783402	5.9236237856271584e-40
MSL3	0.07322034529388144	0.046083831473257966
ADPGK	-0.15055338223573034	2.412035254019383e-09
GRK2	0.04474351822253442	0.06211045032783147
LGI4	-0.5189620275781774	2.7137687816353576e-06
MSRB3	-0.7704860466729232	4.5971814357127066e-46
ZNF507	-0.2548537621592065	0.00018061841602561997
PLA2G1B	-0.6363272786339547	1.3869357189925015e-06
TPMT	0.5457952336940609	2.698104867088091e-31
MRPL46	0.45796013411189695	6.0535178610862965e-30
ZNRD2	0.5741264671677535	7.412874758191085e-42
AOC3	-1.2771606567267257	2.8794520023667897e-72
TRMT10C	0.5464540759895508	9.248401712436613e-32
CD84	-0.1591614824933034	0.00019872790443652112
AIFM2	0.038543715204453856	0.3595854379845894
SLFN11	-0.2821363251272969	1.112397960081557e-13
PPM1E	0.006297546041176397	0.970058343081753
DAG1	-0.7159246033570841	1.4009130248668246e-60
NFE2	-0.6517635804281283	1.797526910964453e-08
AP1G2	0.09291624232709837	0.0037768268533738495
CFLAR	-0.43782202397152015	2.1165088989052992e-21
ARV1	0.6357866846987682	1.072938360624119e-19
CSPG4	-0.7512130555629931	1.7205823658609324e-51
COQ10A	-0.1658878333549711	0.1119776400797467
TMEM70	0.45883859686748485	1.1215465556701429e-17
AKR1A1	0.1370041929114017	2.7566026519127186e-05
TMEM134	0.06980365267907725	0.26064999520487336
ACAD9	0.02747378162184636	0.4318991861466654
HP1BP3	-0.37597856807249896	2.79962137185013e-15
CASP2	0.37614890329388906	1.5113921368352633e-23
EHBP1L1	-0.11135296825384584	1.6906664040152644e-06
TRIM72	0.1205341096017411	0.6122922614182967
MID1	-0.16021318945709623	0.00012601614892282793
DMAP1	0.21954474227655302	6.457747970295323e-21
B3GNT8	-0.48488434356115756	2.0657448179350806e-17
TAF7	0.21363194946416508	2.335137664645586e-15
RAB8B	-0.56380499848862	7.812001945695962e-39
POLR2B	0.15780987338193833	1.444215964753275e-20
PHETA2	0.4626270942182059	8.20219671721817e-10
CD200	-0.9488844890142594	2.218555700578235e-51
PPIE	0.279950433055537	9.6546042969978e-22
C2orf69	0.000776566979503696	0.9806169846027187
GPHN	-0.01586770658058178	0.6334410167181427
IFT80	-0.3571558481423087	3.634876792401561e-14
DYRK1B	-0.08230398621208913	0.08081154504518125
KCTD2	-0.01719282965100287	0.8358297723811422
MLXIP	0.1310293517097086	6.516016926008818e-06
RGS3	-0.6106790234068739	0.03178151547664633
STAB1	-0.17544532503797583	7.710367149116165e-05
USP39	0.4061656273321809	9.731986876088538e-52
HNF4A	-1.0878293905908223	9.885520885607818e-13
NFKBIB	0.3753910094859221	1.6958440764625876e-25
GNAI2	-0.3882778814384932	8.837436809038585e-33
PABPC1	0.5304840977775629	3.248946854147324e-58
FBXW5	-0.19607878540879078	1.8730038685270135e-09
NIPSNAP2	0.07207699963652418	0.09717727646586835
WNK1	-0.026642869258810507	0.3917531867938925
PPIP5K2	0.03578651223400549	0.03751768452199017
SHISA2	-0.38280256248162753	0.00042918286488729125
EGFLAM	-0.08450670753290027	0.2036285316968779
SNX14	-0.043949055545469524	0.24602370262360027
EXD2	0.31525778881479616	5.889882887843008e-17
CASC1	1.8408024761395303	2.0407506765801684e-11
FBXO34	0.0631579752832726	0.8854332302164051
NPHP1	-0.7418457752663139	2.0178513751640514e-18
TMUB2	0.18719494153283533	4.920498111914648e-05
NOP2	0.7733591692015791	3.155698052471675e-35
SLC35C1	0.763441007438201	6.310493032617586e-17
HNRNPD	0.4167564879226305	6.331514642340232e-37
C19orf12	-0.05803687858654461	0.13070073345273703
PANK2	-0.291608971789586	4.5110960425829117e-26
SMAP1	0.316747463343897	5.591769863750574e-21
RELL1	-0.14779972311993514	4.033302947362262e-05
DAB2	-0.2263790658111241	2.3199225501522478e-08
TMC6	0.13143261817851876	0.0030785548906457215
NSD3	-0.10652031249250309	0.4558662586580659
CD19	1.2658453764875655	1.2107857394964117e-10
PRKDC	0.512063668622872	7.274770621435992e-54
ARL6IP4	-0.07334583217355524	0.5735402881683596
GRHPR	-0.2310015269220356	2.3106812421111624e-18
MMP19	-0.09150246468950597	0.06966554580123448
UBA6	0.2547917063145484	1.4580698900413783e-19
PFAS	-0.06352288650787381	0.01431281330416094
HROB	0.29441482343931463	0.38877868580993025
ZNF436	0.12735411443573968	0.14502629783358092
TOMM5	0.7500425627924527	2.260843680189436e-34
ATP10B	0.5951373694163613	0.00997995838639273
CC2D1A	-0.009053578477174619	0.6505445869635931
ABCF1	0.41983488834193755	2.009166519984264e-44
ALS2CL	-0.6363111538752253	1.0267833609275057e-44
AAR2	0.10274536077733679	4.0531248738157005e-06
SPHK1	-0.34301379218175054	2.1159186390867917e-08
SSNA1	0.0658126999538381	0.0788575255489399
USP20	0.11430614455941626	0.015962643905842892
PRIMPOL	-0.1854664617939267	0.000565930880224943
GTPBP3	-0.1577681980960051	0.000747264915100488
ZNF821	0.43646827158996987	0.00011623322385398655
KHDRBS1	0.3830398330110895	1.6849610847658862e-56
PDS5B	-0.10941949096221425	7.262502248346784e-06
CLPTM1L	0.46784930937277186	2.2242171879743852e-15
GORASP1	-0.17269054397823602	1.8400689224821057e-08
CD46	0.8490674588022031	1.064475456931214e-25
TMEM94	-0.3044994780280921	2.493326588897503e-09
MSRA	-0.2961711243295096	8.164862254709797e-20
BICRAL	-0.3445283271614009	6.138489786536568e-14
AURKB	1.0479693450366374	3.0931929979410227e-16
TTC27	0.2909729550775104	1.426685943257016e-19
C1QB	-0.4656665645818173	3.8532806038230926e-19
NSD3	0.14471250133273367	2.0926783837985803e-05
KLHDC3	-0.20307394776643178	1.2035448298298935e-06
ANAPC2	0.0010576598709350002	0.9625437192516316
SIDT2	-0.22909459385508327	4.21223072734076e-07
SENP3	0.04289093925292721	0.4792877717214162
DNAJA2	0.24962723230865674	7.230883685838198e-28
AGPAT4	-0.3447955014276582	2.3564014679861496e-10
ASTN2	-0.2521086411521199	0.00028107275916165167
PAK2	-0.05139071312351826	0.01309189780269109
TRPT1	0.2811529627167187	2.7015712006877976e-15
HIC1	-0.3105690740602963	8.855849322753008e-10
CA5B	-0.4084774693777208	5.660370945442735e-19
TFE3	0.13507743699146688	0.00024167760488729236
BOK	-0.2817152826837705	8.994475130019044e-10
ZBTB33	0.10274232214760154	0.00804206574232752
SNAP47	0.31682927542475076	1.4060003842230802e-18
WDR75	0.5339393193176419	1.992148963106224e-37
EEF1AKMT4	0.20812790485721722	0.04199779494655806
CFHR1	-0.4425872270242377	3.1372895766418984e-09
LARP7	0.4807628300906689	4.469571624014963e-46
MED29	0.19907336771385634	2.7073800322001534e-12
DDX10	0.40418641019621715	3.002541014795544e-26
MAP4K4	-0.0324911002485502	0.220390420684104
PRMT9	-0.06490435773586178	0.011808985982740817
CA8	-0.44706741070111566	4.887828897574247e-07
PER1	-0.21269605154318033	5.124595729002695e-05
ACBD4	0.038185814827913424	0.6863969186218633
METTL1	0.5321258586486506	1.0784171385022153e-32
CDC42	-0.3428811275341946	0.00022219862564837144
GAK	0.23111010587683806	1.2180041253400078e-24
GBA	0.6336881359651033	5.842431434963285e-41
LYSMD3	0.005701991836650308	0.8817160065493866
UACA	-0.9886241079305891	9.03025102936804e-64
SGSH	-0.15789233056073537	0.002291986647696762
KLHL11	0.03658412567726482	0.16512537411800748
LEPROTL1	-0.5067465367732136	0.0006470596234467011
PAM	0.985741090480601	0.009699016565554424
TSC22D3	-0.4270903862680161	6.41563210750951e-10
ZHX2	-0.005238538737461095	0.8684804429017663
PPFIBP1	-0.58071380915784	3.096703945216002e-45
TOLLIP	-0.37972384485486393	4.856214245834484e-37
MBLAC2	-0.45641029563616353	3.1312351379516984e-36
ARHGEF2	-0.0016092426312704668	0.9475075008696133
FAM89B	0.06271933978679406	0.163045864967095
KLC2	0.3778363336137468	4.5973888677454263e-23
ANGPT2	-0.7203410819781795	3.1383467736163824e-26
DKK3	-0.5866581103269226	3.622362671833066e-21
EDNRA	-0.8491410506576831	0.003654628582731467
CRAT	0.15434807274905654	6.550678691110785e-06
MRPL1	0.7105054502075692	1.861228542279893e-39
TDRP	-0.1951507403363772	8.010567402144503e-06
COQ8B	-0.03377877358938186	0.39831803351826023
CLU	-0.6841124481174025	8.012088865525256e-29
APBA3	-0.15460059229029405	0.00010799831800841075
SGPP2	0.9560204225107345	5.954925726697066e-26
METAP1D	-0.032636335831375096	0.604706982249543
SHQ1	-0.3250795528217494	0.0006332784549746458
ITGA3	-0.7584392649499958	3.5978537292588936e-34
HOPX	-0.564695179462724	3.1879232597960386e-17
RNF4	0.7374454966665608	2.449447097133979e-16
GLTP	0.112807804494204	0.005587506822746326
CALML3	-0.4157654075566015	8.015167043194847e-08
DERL3	0.16656713939441942	0.07533579322668002
D2HGDH	0.3326206700942786	8.926755258967564e-07
ARL6IP6	-0.21481707303721775	3.685129239835487e-07
ANO5	-0.5005957913198227	1.0182907400219449e-07
PRPF3	0.47308643620711144	2.5394853356562947e-50
POGLUT3	-0.07432882195825066	0.007197319713600319
TMEM102	-0.13398577580281365	8.181095459804078e-05
MRPS31	0.4819643628623601	3.927103417822547e-30
CD209	-0.3173016480075761	9.066758928636383e-08
OSBPL3	0.36627939395430054	2.9850573927996703e-17
BIN1	-0.17699372975783936	7.917745281460465e-09
PML	-0.14571947266296412	0.0011374305537072257
BPTF	0.3727147045374046	2.948135057661029e-41
GIMAP7	-0.943267872179613	5.803883427322671e-50
EXOSC4	0.14106279986912923	1.8496914952607793e-10
NUPR1	-0.26249608782713163	5.694390355292584e-05
AVL9	0.618724640448603	2.1664074113401284e-33
DIS3L2	0.07501898705932644	0.0002069191838482111
ZDHHC7	0.776312349983315	7.056076558310345e-29
ERICH5	0.20574548993727104	0.024874711931578773
AKAP5	-0.4348192469342613	4.573118129189776e-07
SWAP70	0.03527015677307861	0.1666981455529629
TYMS	0.16391775254955304	0.01934021130690943
DNMBP	-0.32303397032118836	1.0960575699893519e-25
NOP14	0.532797247120679	4.941590493975434e-44
PEX7	-0.4137170347150194	1.1880654445205291e-18
BAIAP2	-0.482949804887016	2.4130403450246465e-05
CHAF1B	0.5265187746176349	2.3537056754870854e-18
MOB4	-0.23312587301327126	5.468858783641851e-08
SSH1	-0.08267374761745305	0.0009064977897198028
METRNL	-0.2397410755487594	1.2198840647370358e-05
LCP1	-0.27673760641610834	2.436118786901855e-11
STAT2	0.20798858748349003	3.2205041786334125e-12
NDUFS8	0.2731002391340364	8.181646769844532e-17
COG4	0.42259146103909717	1.7212203256314837e-39
CSTF3	0.4561660965915507	6.555373651033381e-54
ABLIM3	-1.2880559000173477	4.57295802352508e-81
ZNF575	0.27780452112702	0.1362437954445124
GMPPA	0.22037678026091348	8.000180501096841e-15
AHCYL2	-0.023386170527018454	0.7122712166093277
CD163L1	-0.2960111304145948	7.3072091646206855e-09
MRPL43	0.46072856843296955	2.682954320110328e-26
LILRB1	-0.09722976134542359	0.1621885757712934
SCAMP4	-0.07794344288555843	0.013251732458282497
PLSCR3	-0.5644777272460344	6.979850420985928e-37
TLN1	-0.6240700356649822	1.7369117634181676e-72
NUP98	0.17810102598593397	1.3674519556913784e-24
SPO11	1.333128386136252	1.1006882536523051e-08
HNRNPA0	0.1787950595650393	5.8285993801617275e-12
DVL3	0.11216557656144888	3.444008019809788e-06
YY1AP1	0.18640020186219805	0.0017096573608153345
VARS2	0.12960906977507416	0.0008758611204756104
AGGF1	-0.2971795094905405	0.03899207799303803
SGF29	0.06207430665648667	0.022414512262016892
CDCA8	0.5498333353395999	0.007506645691172761
SFTPC	-1.573503152903089	3.357931541257976e-71
UBE2N	0.015095198417559533	0.41337150905013387
DNAJC14	0.3688742110250322	6.886510854037509e-09
BAIAP2	-0.9005634928233567	1.586602507371016e-05
USP9X	0.03725457995036799	0.011146789051895862
DLGAP1	0.3281442959720061	0.22768398213574997
PACS1	0.04688645044961328	0.015615833657724194
DEGS1	-0.21640027728503336	2.1471122752282975e-08
KCTD14	-0.67064358513574	8.823629744878405e-16
SLBP	0.5149947014429339	6.960158126150739e-11
ZNF609	0.2984804713104522	1.8484567014223307e-17
RAPH1	-0.08114240087542782	0.01861370338174294
SUZ12	0.25840005641028874	3.1399700134230687e-17
RANBP10	-0.14267093810237835	1.0347346495388306e-07
SLC38A9	-0.0031376268803068874	0.9527022016482695
GTPBP6	0.02550142013934807	0.5572104096142407
CNGB3	-0.9524723085272349	4.864073902272804e-41
SWI5	-0.25723088210985273	0.001468097402704553
OSBPL2	0.18795958085850098	1.5977805670567807e-08
IGSF8	-0.2653190295976072	3.2872138516364737e-11
CEP295	0.02927342161892002	0.8497009152547748
TTC7A	0.04600039528110719	0.12359340941735233
RHOJ	-1.0721044570683982	1.7748666107291545e-29
ARHGAP45	-0.005200810399913571	0.876994268692605
HSD11B2	-0.10728055649060747	0.20486982541745216
PITPNA	-0.21798705614596708	7.276614355020973e-20
SIX5	0.22250449495292124	0.010525814742498783
CCDC78	-0.7193092394605534	6.740384387972236e-20
ATOX1	0.14813307589485056	1.2726400569065465e-09
GPM6B	-1.0859005604788448	1.4288111050452532e-23
P3H2	-0.3408056929981709	8.042017737021179e-10
LIMCH1	-1.11301712740106	7.582824157613608e-65
SFXN1	0.6238118535447237	4.0605562765116014e-42
ACSS1	-0.1731559170594388	0.0003657899497305377
CLK4	0.17101462611567703	0.01695927427121416
MYEF2	0.22394516529258873	0.000168654405632375
TRAPPC5	-0.26723637972406117	1.4155357102685966e-18
TM6SF1	-0.7321759137990622	1.73672005888667e-25
RMI1	0.08359998583650038	0.2528625450771076
SNRNP200	0.3213489646533748	2.2288743798701287e-44
PLXND1	-0.4486736498548859	1.9530363404168904e-26
PIBF1	-0.06056867495873646	0.03734249293497498
CYC1	0.2766479430449919	1.476834118334413e-12
PIAS2	-0.14497543730517515	0.0022000512550014815
KRBA1	0.2767725376646855	0.17251904472436008
TIGD2	0.014056122231539597	0.9396512334730618
CAPN6	-0.23626969484997606	0.4492841284233225
SAMD4B	0.14491076056064578	6.845857573636615e-08
FKBP10	0.6194473985161966	4.2597420400459515e-21
MCFD2	0.2975890956487125	5.43961943284014e-20
LPCAT4	-0.02297390423658282	0.6342605053398223
SSR4	0.461369353777875	2.956844421473279e-28
TCP1	0.17420983605283058	5.18724443444312e-16
MRPS11	0.388802071108195	5.5723352965945776e-24
GLS	0.1487256761938024	0.02741172897154821
SLC36A4	0.24684037452686514	0.05243535736262636
AMPH	-0.2550989458672392	8.340668352341045e-05
CHMP6	-0.18137881184886606	3.546503340104832e-11
BBS1	0.017619461298590045	0.8501089668882311
RABGGTB	0.015020545598734239	0.518079910295203
ZBTB34	-0.54421431247067	0.006304626471828705
TLE5	-0.19638223820860096	2.1078220345875093e-12
ZBTB8A	0.36286666136459983	0.0005518896763721117
GRK3	-0.29550266346671916	6.988456568692201e-13
C16orf58	0.27394559145283204	1.4508628175758002e-09
EPB41	-0.29931615695147445	0.0038318436498615796
LACC1	-0.18967105272390236	2.590531629289668e-06
RECQL5	0.256849607959604	5.828621967567753e-18
RPP25	0.20685747389242526	1.5466353930810543e-09
STX4	-0.1331152640296487	1.7858873205247442e-06
PIPOX	-0.17943781787130653	0.049166037198470035
COX5A	0.39570396740206015	4.7856314908544815e-18
ENDOV	0.19391926638982115	0.043406045642976836
SH2D3C	-0.7017018136757732	4.548081484831056e-58
PRR15	0.14760867725747617	0.1020316311548061
CES2	-0.20771903164970956	0.0005587888260300016
RBBP6	0.48670620727985736	1.2612139059464447e-58
TNIP1	0.005621467923808521	0.8165244221901946
CEP57	-0.15155867954395555	3.285194763422107e-06
GYS1	0.08386501906040442	0.0037137271267069817
EEA1	-0.09879315750294974	0.0003249976001271965
WDTC1	0.04551152010997984	0.06708413020235417
ROCK2	-0.30887644187374264	1.6422925004144077e-30
NOC2L	0.5746708425395253	2.2608776920429046e-44
DUOX1	-0.8643772015414672	3.391894153695669e-52
SET	0.49848950649971147	5.728421260484188e-42
WASHC5	-0.09059770257127008	1.0982400966159132e-05
ENPP4	-0.05777686948325718	0.12527525856518887
PLEKHJ1	-0.12396822088451398	0.02388583874027924
MAP7D3	-0.37608762273220664	1.2170576212072775e-21
SCMH1	-0.14420487549873845	0.049713532473517424
RBPMS	-0.3961785557383354	1.685743237951921e-13
PDE1C	-1.0889540322918296	1.2368217859582268e-55
BLOC1S4	0.2779688911416137	7.2994517625937125e-25
PNMA8A	-0.14407110462173123	0.5115490567553203
EDEM3	0.2139862772865294	8.998093099198665e-15
MRPS24	0.4516530646321185	7.460956575483784e-24
OS9	0.5337880440980001	1.8987251732751662e-35
PRKRA	-0.0878360688617254	7.80953038517678e-05
LRRC42	0.6371000212996955	8.663812336170996e-35
NCL	0.6345887414038529	1.83160333549969e-51
GINS3	0.5352419099134853	1.5289233837093325e-11
DDR1	0.0890430893850801	0.01236336059513519
DCAF8	0.15897975173520204	1.6418409647488426e-08
ELMOD3	-0.42778755845857547	0.02848629495193619
PROM2	0.5181566538551035	1.1796456958984955e-09
RUVBL1	0.17311629995584038	5.524466219326695e-12
TENT5A	-0.005837735301872676	0.9232503887758587
AMBRA1	-0.12181361640685257	0.00048110030374818463
MPI	0.2227546870426581	6.6586379135394425e-12
BCKDHB	0.03200120363360456	0.463011249185451
MRFAP1	-0.07281760733783078	0.15069482494842387
ZNF513	0.37500789843974447	1.4593553507042582e-05
LENG8	0.08444346116442328	1.3437857192781044e-05
KIAA0319L	0.5884001751303876	1.1757059935390487e-26
TMEM176B	0.4776538099647869	1.691695137261907e-08
RBMXL1	0.05668948309668413	0.1306926611559488
LINS1	0.04099783255334622	0.7973229772865509
CCDC114	-1.064731283046178	2.2509821502054328e-18
NCAM1	-0.3855492400885222	0.002873260406350319
YME1L1	0.4409342542152216	9.347558993521832e-27
L3MBTL4	-0.06656069754993685	0.7661155607558111
SLC12A4	-0.26764039803587736	8.623444204902167e-15
EPC1	0.09234702076310072	0.00275627129486873
PRTFDC1	0.4166306828618933	1.1074491977883105e-14
MAF1	0.060735315187665326	0.022005041651108607
VPS37A	0.18178224858653869	2.046858290326866e-12
HSD17B6	-0.8700574049509232	7.948994062394518e-18
INTS3	0.2288704712735995	3.055339081491804e-27
EPSTI1	0.1555041157799736	0.000848020287181854
RPS15A	0.03293653142842011	0.1641953991415834
GREM2	-0.8264916171084364	1.1517115124351218e-11
VSIG2	-0.9446728814791354	1.9283809026988712e-18
HSPH1	0.5460557791714097	9.383599161556732e-33
GCFC2	0.05535240582251591	0.03659689649285738
TUBB6	-0.47064989135662905	1.3108368291206312e-38
KCNAB2	-0.4957274550818134	7.979641833772546e-29
ANAPC4	0.06374417256288607	0.0022429686600571952
CRLF3	-0.17798983874145594	2.8924911595768665e-09
GCC1	0.3605210367134945	3.475392768298736e-39
SYNGR1	-0.2710411975841419	3.2797648399996846e-05
BPNT1	0.3047967129260177	6.218225270282126e-17
SF3B2	0.3824088420996703	8.008978829600079e-59
SHMT1	0.009026480401276108	0.8540610741804786
BCL2L13	0.005656304010821808	0.8465950433220989
ZNF114	0.8652949236410233	0.05717030028330222
CA13	0.46310786056505004	3.6418082678290414e-10
PNMA1	-0.01407276229111843	0.7898783828028083
MARCO	-0.7619423779402639	9.592129270192316e-22
NOSTRIN	-1.4668957542737004	9.665175729168843e-64
TRAF7	-0.24547973951963353	1.0757442774737987e-24
PINX1	0.29110131519379023	1.0135012125631422e-08
GEN1	0.30057457228055073	0.0016395741683528516
NSUN3	-0.21798890296174728	0.03811384011976463
C11orf16	-0.8142088885701169	9.796560824554354e-10
CCDC71	-0.17902368988343587	0.14394571030887063
TMEM45A	0.7039670972186267	0.07370706951161228
CAMK2G	-0.20118499014700678	1.8702854281090212e-12
BBS12	-0.08365252704393406	0.4242991320091188
RAP2B	-0.11726543215295396	0.009451220495685963
SUPT6H	0.21697650813833858	1.6140791961818689e-28
CYBRD1	-1.1477762592068013	4.005695888555888e-52
PRMT5	0.22172727876156473	9.987230083172495e-16
KDF1	0.7415346848865427	4.7475214994705694e-24
STK17A	0.3541122346184675	2.993859883988987e-12
PHLDA2	0.6966483736703081	2.9679917563520827e-16
CHORDC1	0.4737886159479363	1.0671448942712501e-30
BASP1	0.715374575781985	9.444905182675925e-25
STAG3	-0.2669633672375406	0.027884699635659694
LSM10	-0.8643562518045853	9.323831371337102e-15
CPT1C	-0.14504000458330094	0.11099778216512611
STOML1	-0.018380293064012364	0.7095971575610922
HIGD1A	0.24527086485518362	2.835165302043426e-05
ARMC10	0.23568951086445614	3.5601942000770465e-10
SKA3	0.3493865758442418	0.007873649716165405
MBNL1	-0.05297550727698005	0.09008003407034836
CPN2	-1.0866981403047538	7.831947418994343e-51
WSB2	-0.5085721768874335	1.4894756830345478e-06
ICOS	0.14813354042851312	0.25718824050165995
DCUN1D3	0.02929424399349268	0.5142828807644232
UGDH	0.7394192724747023	5.371779182269111e-19
GCSH	0.2688870196109919	1.290490754459295e-08
SLC25A19	0.14483291104718082	0.002052860670154918
SNAPC5	-0.3194085176584691	3.612464590000765e-05
IGDCC4	0.5188692672111332	0.0006272130682646011
CXCR2	-0.6553682818824255	0.0005915886887209132
NUDC	0.5474700233420898	9.731591358538499e-44
DENND2B	-0.05012907344920071	0.10679973061431984
TNS2	-0.9214338846481387	3.776784869494214e-79
DUOXA2	-0.19014951972715233	0.6886434891556708
AGTRAP	0.03031912939668141	0.5770778251492155
FRMD8	-0.04896113500270861	0.03366395625130923
PRSS8	0.455478024037658	7.986234074105283e-12
NEK6	0.5096332199592173	1.1828839096791154e-37
RCN2	0.2852564356261619	1.4172170889079378e-18
AURKAIP1	0.39080443897714184	1.1972808224515408e-13
RAB43	0.17698055569510737	5.241086363463684e-06
PODXL	-1.412477758670615	2.3403248126319675e-65
PCK1	0.9350879156402083	0.012660168344664869
NEURL4	0.02439966839881083	0.6074470230766733
ZNF687	0.44424322590753396	2.730288774503334e-38
DEF6	0.10840973169274823	0.0006305465413275368
CHDH	-0.03573308622433778	0.513496802388598
ADGRE2	-0.12464038027035093	0.032543734464001994
PPM1M	-0.20040166888553135	3.0264780266381834e-05
TCIM	-0.6419033067123218	1.4966829940611278e-22
ITFG1	0.20441318049256968	1.3809598435797043e-07
LILRB2	-0.221304287165963	0.002098329717729312
BBX	0.10692612302686175	0.0001100777572369658
NDRG1	0.18576165048926108	9.226789664222618e-05
B3GNTL1	0.08972476532214171	0.20922055911927362
TMEM11	0.06829208123601602	0.05711320206205826
MPDZ	-0.7486527259469351	3.1519748459216945e-70
LYPLA1	0.3843045674208612	5.829890647003598e-25
ZNF580	0.1772846322042515	0.07991416708652443
DIPK2A	-0.1720937084579957	7.96088856786359e-05
NAALAD2	-0.7603404677981225	9.059046652493638e-05
CD276	0.2189214585662949	3.908239647142768e-07
ANO6	-0.5366707423916685	1.54495878465002e-36
ZNF784	0.05463153022891155	0.5274251948349581
OGFOD3	0.29826166148428546	1.330913552567e-11
TRIP10	-0.22559860042148228	1.374155954130557e-13
EZH2	1.2223910456771394	1.2941851358658708e-34
ODF2L	-0.3515604305222315	0.01666740250574447
NUCB2	0.8303138850535601	5.082657252697987e-36
PKM	-0.41377986108612863	1.0400057587120255e-19
HCLS1	0.07225259526217959	0.05793798225346443
MRPS23	0.48446944261822183	2.3022674129276112e-30
ZNF579	0.21729377099852487	6.790411334274846e-08
IGF2BP2	-0.06138381168061006	0.33570140472861504
ARSJ	-0.29018152282950205	0.12344195717818929
TIMM22	0.23675084216313408	8.192901350179553e-09
SLC9A9	-0.5535126421811941	1.008172665807735e-34
NEPRO	0.3791801640175869	3.967803453777411e-27
OSBPL1A	-0.4088007790829167	6.886018694136443e-42
FARSA	0.20652205515658806	1.635778064859499e-22
NPEPPS	0.26343009746349455	1.2995688785340305e-20
PLAAT3	-0.17894820136373535	0.012028927386520873
ZFP3	0.0997133626134357	0.19608347917434857
METTL4	-0.380751952458455	0.0018604370494156362
IFT22	-0.33202119569176336	1.328259827254447e-22
P2RY13	-0.3115433957102616	0.17587527851695625
SLC7A8	0.02145121619633831	0.770031196568939
LILRB5	-0.5505564863508643	1.621596997111904e-24
RAB23	-0.6611725487567554	2.4092937631992096e-43
CTNNAL1	-0.6215240572145249	1.54558877910437e-38
ASCC1	0.2652889136190862	6.519014610926796e-26
ARID1A	0.22760715957339145	5.0273792839903395e-26
NAP1L5	-0.22389064569134418	2.4569775572872555e-05
EDC3	0.07840731201226221	0.0008219083064967057
RNF185	0.27363545008763834	4.438532059750847e-06
EHD1	-1.1510533291028655	5.287843239765155e-82
FAM3A	-0.21144163700588825	0.0020888029024601924
EPN2	-0.505975582812014	7.752070298112655e-40
WDFY4	-0.24648081011933023	2.294832777974388e-12
ING3	-0.009875035271183184	0.7020323659779679
MRPS33	0.5820377761950432	1.5681374001795818e-27
MYLK	-0.7996719700569126	2.3406429094878508e-23
RMND5B	0.006633286604015978	0.9434884389232728
SLCO3A1	-0.49264200706294947	5.276905028921776e-11
ACSF3	-0.03218032721662935	0.40045428593680205
DNAJC25	0.4533975389991661	2.1472689438084392e-23
YARS2	0.31175951682588665	4.6658692367433904e-12
EML4	0.41400592108672285	1.2127456286707469e-26
STX19	-0.08696486376344445	0.5121304502989491
SLC25A36	0.01717863721465153	0.7757946844535141
ADIPOQ	-1.2596253797006152	4.084690955197365e-65
STK33	-0.2889112506933891	3.232937189470165e-06
NOS1	-0.9594156490378258	8.367358665813712e-23
RCAN1	-0.22516270459067828	1.7002787443361233e-05
KIF1C	-0.47401719138932863	7.810264091674753e-52
EPS8L2	-0.2079347405477253	5.471211837781137e-07
CALR	0.5534685813124796	3.847068076263509e-50
TRIM41	0.18358201797753285	0.0014289244892737927
SPAST	0.22002629590981387	2.1406715023735746e-19
ASB8	-0.15827934379686479	0.0012046656573474438
RNF168	-0.1056498929927545	0.05532219510396847
KRI1	0.587137949602252	2.0230053883456976e-46
WIPF2	0.17616513483934743	1.400401041122111e-09
SLC2A4	-0.4192671666132281	0.02421864635257393
IL17RA	-0.16742020396427174	7.075226495675939e-05
NCOA1	-0.257555057736808	3.6227710051519154e-20
CNOT1	0.23327153369594017	8.185606937016446e-37
B4GALT3	0.2136358595946891	0.0006087583466856745
AMOTL1	-0.7963174670115871	2.648444117836682e-68
LURAP1L	-0.3314965365527667	4.717783543498415e-11
ME2	0.2459650458400669	4.718845049524254e-11
SIGLEC8	-0.38004337151446477	0.011610976450805008
SPOCK2	-1.2299623248655114	5.852491493790336e-44
ZNF274	-0.37236851809988	0.130867507287235
ATP11B	0.0959562003033526	0.006035730555991215
TNIP2	-0.29346783143875915	8.75299111544928e-20
SH2B1	-0.3707429007456172	8.073873949429405e-35
RCHY1	0.3309846215806824	1.4923207952813737e-19
TALDO1	0.06978329759873393	0.11489619777424415
PXMP2	0.18597500990788135	0.003563613363965628
HGH1	-0.020884241618487606	0.39412032044006223
F2R	-0.0944574589265223	0.24784124062596694
RNF144A	-1.3481450050220998	1.8489753696827715e-18
LPA	-0.9139237656948132	1.499427343738233e-15
TTLL11	1.1994070110787163	3.2562117527304337e-12
STRBP	0.6687440312226494	7.148369107514784e-50
RAD23A	-0.6848482545453921	6.967107069505885e-57
ZBED2	0.03583386569193311	0.8647801390635784
RRP7A	0.36290325168727045	7.393762705374697e-21
MICU3	-0.6867033006251261	1.7806286808731971e-12
SLC37A3	0.05242998997928007	0.4455338177623786
LLGL1	-0.3065226800964148	3.1160792777461814e-31
KBTBD11	-0.617156045496186	1.958863050938613e-39
BORCS5	-0.2584895814769518	1.290291040604057e-22
DCBLD2	0.09698196561885838	0.03548093390041128
IMPDH2	0.32338538728948485	3.294440069473662e-19
ANKZF1	0.2821801646350536	2.036688838310289e-21
TOP3A	-0.0046394025494178965	0.9105455511442075
CDC25C	-0.3131004895705439	0.1337631846954212
GATD1	-0.2718485044606973	7.729765532977311e-30
TACC1	-0.4109579018346171	3.721124458001404e-30
GEMIN4	0.14749821175381678	1.0562440952430129e-08
DIS3L	-0.21571595940426935	2.184118045109702e-12
CTDNEP1	0.06397961576660453	0.16540378390817462
MROH1	0.07785776457889637	0.024558894942155282
PDLIM5	0.0063504480275827155	0.8465359588543298
FZR1	0.1998744760017554	1.0440484318164871e-06
TRIT1	0.22523064909548737	8.75218055638714e-06
ZNF776	0.424185797497244	5.193153008178858e-10
CYP4F12	-0.6539521124833552	0.0004319966904278812
STXBP5	-0.33216910651216536	4.4837773337857786e-30
PACS2	-0.2505267006566243	6.040059409494072e-20
SEC24C	0.27876530359901897	1.849972120428787e-34
SERPINF2	-1.1263606887247446	1.4257970016428254e-56
B3GNT3	-0.12877325084273766	0.12871074599775648
FIBIN	-0.3411374663559539	7.862142463289745e-08
RHOT2	0.4149967963473197	8.644327294806379e-26
MTHFD2L	-0.24104291854720428	0.03802862244939068
SULT1A1	-0.9777001213833385	2.460062703156736e-64
SLC25A22	0.5798401924366564	2.4892253709664913e-28
PUF60	0.2867812063753482	6.1759173249157544e-18
C7	-0.9485090093175513	1.0694220481229975e-48
ING5	0.7353702578285316	2.013613290283135e-18
RTN4	-0.3844655068715357	1.3434082210269276e-31
ATG4C	-0.07833169736031283	0.005732335502041493
AK4	0.7515190486517792	1.0722406374272164e-19
DSCC1	0.2659075138820549	0.00017960256367100698
SORBS2	-1.1552658774787927	2.3727694875365706e-54
PITPNM2	-0.7888107822070363	4.87609600092538e-63
FADS1	0.07197504568970066	0.1763779813313373
C14orf119	0.08582447432693814	0.057623263527499975
RNF10	0.07322884190199457	0.13659973168298764
ADGRL2	-1.4053177078392525	9.521869022343212e-91
OLFML3	-1.5383715941385905	2.4083729347345634e-63
VNN2	-0.4328479754842346	1.3543164665441806e-07
TMTC2	-0.4916546543797654	1.6246138675894446e-09
PORCN	0.17699988239869704	0.011992549493424072
COQ7	-0.40581992678134726	6.701039864615112e-18
FAM20C	-0.49465375575061676	6.196517692087818e-13
PCBP4	0.2962874545167282	5.143351832339649e-07
CDK20	-0.02078445316425369	0.8383606778010969
PLEKHF2	-0.12209261469278301	3.103603758375334e-07
RRS1	0.24288116636417365	2.993804615319295e-07
RPLP2	0.4664580047044763	1.3709906741957254e-53
TUFM	0.35703048936662907	4.785623881632625e-23
NDUFV1	0.21426836655925022	5.971480481255059e-12
SIAH2	0.6403184589703764	1.0961460430354375e-13
SCN4B	-1.339958230686088	7.359029753595985e-24
C3orf38	-0.011162021542595187	0.5918091022808227
DCTPP1	0.5735511919703844	2.919993551090841e-29
ZNF543	0.1616520153397129	0.37530805890542934
POLE	-0.01851190428859022	0.744455708985155
PHF23	0.19801472122610278	7.787857175961186e-14
RAB39A	0.030732119628110094	0.6359764801563244
ERICH3	-0.9663512853201377	5.705120784856296e-24
SNX16	-0.2234264842283939	1.9075167036311525e-11
HMGCS1	-0.03230959397715466	0.5865704061103267
GLYR1	0.07091271096925789	0.004257286943491621
ITM2C	0.3623610555490443	4.321151781867555e-05
ZNF207	0.3645170034972013	2.809247949930804e-42
MMP1	0.5226266402868452	1.0225781288234676e-07
KIF1A	0.2561542434633359	0.014509344217936747
TSPYL5	0.48900563673881986	8.031850970484377e-09
MTSS1	-0.2118239154080352	1.7619017820521088e-06
ROGDI	-0.21671125594965013	1.0346530374546886e-16
ZMYM3	0.30785180447217664	3.498536098390673e-23
DTX2	0.686379782679754	1.3593470561188694e-28
CIRBP	0.13858492254923077	0.0006238933874053479
EBF1	-0.3958471509108974	0.008596031141487593
FHL2	1.3295908568744346	2.3529251045321364e-55
ZMYM4	0.2011325180380834	5.972136203185116e-13
FARP1	-0.3913023336170897	2.1511717888304213e-28
SCRIB	0.194310905324308	0.09605990265985656
MFAP3	-0.29976173908965265	0.004862579940349353
SSBP2	-0.43859034771401406	4.007594295890414e-09
BCAT2	-0.1770923198241959	6.700494878410053e-05
ACP3	0.24753739195569519	5.8931290888913125e-05
EXOSC3	0.1694249283560357	4.2695879210268736e-14
MTG1	0.2569628556165884	9.839422260454216e-09
RBBP8	0.36052701726524095	1.4756576534964044e-13
GADD45GIP1	0.19140460469576698	7.699119969260453e-07
TMEM168	0.26342445534434134	8.17399397160988e-10
ACOT4	0.14633219995426616	0.014246639995135984
RAI1	0.3045119014295281	9.416794449308649e-19
NDUFAF3	0.1243739084051309	0.0005971708591035283
CAMKK1	-0.2390411752580875	1.0848782737311482e-05
ZKSCAN1	0.1445949304477452	2.1738320743400306e-05
ZBTB2	-0.1119954111100854	0.000144540969180373
C18orf32	0.25483858018026767	5.103884350355973e-06
MARVELD2	-0.29934412022758966	1.993907492340399e-09
CD6	-0.08155785848196062	0.3255046602385032
RPUSD2	0.11550731900280109	1.7357278804135916e-05
ZNF410	0.3692958917017981	2.9236947744572707e-06
SPAG5	1.2179316370836335	7.118787071641693e-22
POC1B	-0.5354092890401917	6.124739355529386e-23
PDIA5	0.30364833478503267	4.9979816551307655e-18
CRTC1	-0.14390335771284285	5.331970095049174e-07
EXOC3	-0.08491045855599666	8.538159060071284e-08
BTBD9	-0.07335098873146301	0.04291354739688492
SMC1A	0.121707426149992	6.9990140422438854e-09
ISG20L2	0.5240652568181068	1.4667628754027097e-35
SNX22	-1.2915225562210415	1.0425117435663702e-25
B3GALNT1	-0.7128318370957496	1.2356476510177096e-07
PNKP	0.19235461749228117	3.3204077207626262e-12
MKLN1	0.09690891541820393	5.154220897699271e-07
CENPL	0.47016763779198	3.125311833237653e-06
TSHZ1	-0.19021175823560754	0.0503077410550788
ITLN1	-2.0858243457614414	5.572061145197065e-40
SOX2	-0.429520677534285	6.934646722860068e-06
MIEF2	-0.7774809388464815	1.1547111808638792e-07
FAM210A	0.34468121083233005	3.956067871215883e-10
TTC39C	0.3752485211233217	1.3958782360433976e-12
KDM3A	0.5929703748970767	3.58125460620135e-42
ZBTB7A	0.004085443404132666	0.8697229299936112
ZADH2	-0.23656915174640203	4.91018105500374e-07
UBE2O	-0.032751343657082994	0.3301447215223422
CRTAP	0.8092272060240002	4.739471944421154e-49
MED14	0.17977346870064784	4.832297984572442e-20
IP6K1	-0.04395082674570021	0.08853588963353975
CCDC43	0.3187772617924755	4.0847803100620023e-22
PALM2AKAP2	-0.7260891662598962	1.699838476882548e-44
HACL1	-0.17957123881764958	4.756680196978285e-05
SLC4A1AP	0.39797193511967066	4.861019245207764e-38
PLEC	-0.06987322119588975	0.09891026034130208
DDX54	0.29076104529448826	2.152093083923655e-10
ZNRF2	0.34468634058936876	5.896712581031567e-23
FOXJ1	1.1638658671714093	0.0016510665791784128
TRIM25	0.1499066451989647	1.3501638875155538e-14
NLRC3	-0.5032354748439718	1.548100691523946e-08
PLXDC1	-0.4397264131620627	7.171911385861305e-13
A2M	-1.3465457247034003	7.962305443909312e-62
ZNF771	0.11611344187309006	0.15448276594229537
SMARCE1	0.3410930356412025	3.2582922860536356e-35
IFT122	-0.4810657774996606	2.748075945528135e-42
KIF15	0.5546973207626487	3.135588362904451e-14
ZNF48	0.7134994094438427	3.142831133421912e-16
CD151	-0.3339110051483655	7.652988631440466e-09
ENO3	-0.9873529850668546	5.34147443952882e-15
PRPF31	0.33959908299008645	5.346483168240181e-35
POLR2L	0.1792193822066558	8.568180981145236e-06
PSD3	0.03101650705103218	0.3438882039710004
CCDC93	-0.09980098575733903	6.361863794570396e-06
HSPA5	0.687321170499267	6.311135190808272e-59
IFT43	-0.2633397474955183	7.701399774466917e-09
BIRC5	0.17454235349008834	0.16773290462743362
AATK	-0.8098963360755619	1.1947028982585233e-13
WRAP53	-0.10818871111155297	0.0001382325825441991
MTURN	-0.8927763543569986	8.369535317836872e-55
CHMP4A	0.005202149513323803	0.9184291067948414
SHROOM1	-0.06538340044364285	0.07909533052037131
PENK	0.22399887384069406	0.5201412917787112
KLK11	0.04148681227371087	0.7809028284190729
ZCCHC10	-0.38327795680083726	5.248361597756004e-06
ACAP2	-0.21619737912172377	6.337531727606397e-19
STXBP6	-2.009672150156981	2.211846933692809e-80
TRAPPC12	-0.18217904430845974	6.634005409692827e-22
TCTEX1D2	-0.09503844571805659	0.3668949277210169
TCHP	-0.18012254755654164	1.12491058695832e-05
ZYX	-0.5847021163438221	1.2663693621575117e-49
YLPM1	0.31952664021597754	1.1737545264342433e-32
GYPA	-1.3171658341137302	3.137599947383647e-37
CHMP7	0.050864586751055346	0.04867808883721918
SEPTIN1	-0.07302209349105557	0.1697719310761312
MYO1D	-0.2579048367732046	1.7507877604603367e-08
LAMA3	-1.1030326981892176	3.519942395478082e-42
ULK1	-0.2509617176054244	6.834200298774959e-05
FLII	-0.2138346421922354	1.2968013976592915e-21
ETS1	-0.2600580075689601	8.714813562909674e-09
NAPG	0.10183477534604422	0.0002696978555080086
VRK3	-0.17522015103826427	1.6025021733686187e-05
CYP2B6	-0.18609633447004092	0.44680829751221046
C16orf89	0.2927133932449617	0.007294255647060988
GRHL1	-0.08646851575216871	0.1209368138234449
SAV1	-0.16304488164019335	6.010410216015993e-09
YES1	-0.4665465814986374	2.2603684738319884e-21
MAP11	0.08389198789932734	0.0019891861398742493
IL32	-0.10710964810099985	0.17963942314971007
NFATC2IP	0.10738967674209074	0.0003851494612165114
PPP2R1A	-0.09453064520274487	8.298058446898051e-11
MVB12A	0.2520820033257222	3.4187570788909415e-17
AKAP17A	0.2800815083102467	3.3166759273441604e-22
AACS	0.8061734464255391	5.4703839096674214e-36
STK11	-0.3161097147440457	9.661540454928589e-15
IQUB	-0.6340600341759668	0.0006472905905244514
CD28	0.5159656151712924	5.7919565558749805e-08
MBOAT1	-0.06840574415780361	0.3416646711951595
RNF14	0.03326057937965724	0.2007046934383586
COPG1	0.4536669069597718	1.0072826737651677e-59
NCAPD2	0.4633354806984891	3.852305585391923e-12
LRCH2	-0.4295533503663306	1.014390657554693e-15
PGR	-0.36162827842840056	0.0037763923705386926
ZSCAN2	-0.6960759387228082	2.073416441041306e-05
HADHB	-0.052957323396397665	0.0744566778984222
COL12A1	0.3014965203409625	0.00018346085988994913
MYLPF	-2.0296107428646044	1.0288936030422666e-30
LASP1	-0.1393259315329375	3.217915016747382e-06
TTC9C	0.17068594114944452	1.6679318605329551e-06
NRCAM	-0.6618940533694467	6.579443685466776e-24
MTMR4	-0.07401990380483611	0.34330913156945564
CDPF1	0.186479847144875	0.005171942069384894
ZNF185	-0.21299759180140024	0.013350780772455191
METAP2	0.2630728575064569	3.467796363348195e-21
MAP1S	-0.04704199015500835	0.04606539784540452
ZNF335	-0.16214501671950943	0.15546526349482467
MAGED1	0.9902229296508396	1.8263175703666156e-47
CASKIN2	-0.8102612406489956	5.184584330222728e-84
AP3S1	0.16860857349343183	1.0909650806555166e-13
HNRNPM	0.31276920008953185	1.4930754245290343e-58
WDR33	0.26474732173970267	1.0737371158651222e-33
PARL	0.2733502152216572	0.0276541366109657
INPP1	-0.36897009417946935	6.73374947792089e-17
MAT2B	0.006442334125166163	0.7554496484784385
MUC20	-0.04591195194344968	0.7135335706222438
CERS5	0.06209096648036644	0.3832494232261459
WNT11	-0.6483787587491079	8.676157172207102e-14
FBN1	0.1114135327055084	0.16129991558834444
CNDP2	0.03826709403704724	0.1926955073041379
TMC8	-0.13113563657694743	0.20172227045391222
PTPRCAP	-0.0900079518131793	0.2565621186450229
NFKBIZ	-1.0371004592189201	0.012464167602723397
RUFY1	0.20159085850013048	2.9331673909155155e-11
GRAMD1B	0.10784687626154685	0.6602574054560717
ZNF639	0.1366080736014602	0.028525914424813767
CHCHD5	0.3609895180138719	6.5173938950485e-12
CNTN1	-0.6321380048789187	9.677470272316355e-28
RNF40	0.13654814271010624	6.143105203889037e-16
CARM1	0.006788995334384998	0.7918121192457179
CD37	-0.27736688117244745	5.51288647376348e-09
STK25	-0.32307849510575254	3.697477911861572e-19
SPECC1L	-0.3388992869505086	3.9842464874458586e-26
LRRN4CL	-0.6792400922448494	1.0460297144497028e-12
NR2F1	-0.11142914646083725	0.11268509544683895
SEC16A	0.32303271646833714	1.1137219011965832e-38
MRE11	0.2845362934291685	7.202636293455172e-24
HSP90AB1	0.5536110499685787	3.2339962137454056e-48
ANKDD1A	0.39955505808264113	0.3131372707850913
SRSF7	0.41128351896199133	6.298997655457844e-49
PSMG2	0.3451554423927806	1.7144203859566152e-18
LNX2	-0.20212295189609442	0.00032121287004943097
PTPMT1	0.022218719523632767	0.6340280159425783
PUS10	0.09260753404258998	0.0036171772852782906
PTPN6	-0.14784591118743298	3.405151157000563e-05
PRX	-2.221728030897175	5.198982777450352e-84
FHL5	-1.6639118277081033	1.8196437329281e-68
COX14	-0.0007205797427669858	0.9963815691242645
TMEM39A	0.2576729896474081	0.0001885977643523128
STRA6	0.8524295514820049	0.00012718813589235661
RNF166	-0.19726250201969117	6.423772862789979e-07
MACIR	0.2946778247026225	0.003101867201667048
PMAIP1	0.48023140559679545	0.48054150751925023
LARP4B	0.30941314327600006	4.06418492634491e-24
RFFL	-0.13310054161706877	0.0018689888020048226
ZBTB11	0.023203593881976417	0.4110029107743647
DHRS4	-0.09865558304329593	0.13605050869334823
GANC	-0.3519930273302236	2.629957510112347e-09
MYNN	0.4851161822747461	1.2308485109286213e-05
SAMD9L	-0.14718440523914178	0.0008912289377457
SLC25A20	-0.17628394247899498	9.272810781481516e-06
ATG16L2	0.24542431611328885	0.08322227113094814
ELMOD2	0.3347132451020398	5.705615060658588e-19
PSEN1	0.40916125503281264	2.541979670015943e-17
INTS14	0.38460718619574275	3.441148534137207e-34
EIF4A2	0.1568084501894331	0.09586390904028506
BHLHA15	0.36243833084430227	1.0570312392279695e-07
CWF19L1	0.14068955917708098	1.3299624845748507e-07
NADSYN1	0.17897446696226893	2.351113917256543e-08
SHISA3	0.35889846731107067	0.13227962580690425
SETDB2	-0.19872280607096487	0.02339342801240619
EXOC1	0.9042733204205019	6.871135468711962e-26
PAGR1	0.46126527192486383	2.882454707143923e-14
THOC6	0.30645425851692026	1.9705001573210287e-32
VPS39	-0.16415389851290826	4.616732271623817e-16
TACC3	0.5111223281535889	1.112356889981045e-22
KDM3B	0.25271124575006887	7.04386440589783e-24
FKRP	-0.17875423882277403	0.08664044685511303
HCCS	0.6327138841025008	3.336114816815932e-40
SMCHD1	0.266272698146402	1.8914077441878998e-16
LMBR1	0.3595782378855322	0.040268282649469245
ZFPM1	-0.42728702610152736	0.0076389952498399066
HPS1	-0.22116347131056835	3.0961477731500628e-06
PIGQ	-0.28410299404745565	2.7776780943656197e-10
SLC25A42	-0.05600907686868692	0.28098295515446053
CLGN	0.20462070020963424	0.045349990932955005
PLEKHO2	-0.36255905686595213	6.854581481204615e-37
TNFRSF12A	0.8596977423096986	3.492167000760274e-18
LRIG3	0.19780335385990194	0.024367647067561
CUL1	0.16381227797824593	2.788099606849931e-15
NCBP2	0.5045996167455014	5.212967985270645e-47
YOD1	-1.1758137601871708	4.592204893162147e-50
CLK1	-0.2413676076244715	1.1259781276362391e-06
SPATS2	0.7288300611794616	2.007594607997423e-47
NT5DC1	0.07459471848139294	0.005368548459867609
ORMDL1	-0.46407934868084877	8.4445191990425e-14
DRC3	-0.7389062159700132	0.025719608558234606
C5orf22	0.26421113762759074	1.2977282542598049e-11
SCAPER	0.04718998881645367	0.09483452653896204
FTSJ1	-0.010580247155957002	0.6969132096403929
ZNF121	0.8124757459015384	0.00013211396556985535
IMP3	0.18858901908993797	6.731557441688483e-07
CLIP4	-0.15762046385185335	0.013743812766610394
RORC	0.6305305924055893	0.001183848768262049
MAF	-0.06529317801087	0.4529538195681062
LMNB2	-0.4013222811789947	1.0066864212690301e-29
MDH2	0.531971115752501	9.094386490381667e-27
CD300LF	-0.15212604858567064	0.00690377688536085
PCM1	0.2442899386730617	3.2586082842536785e-10
EHD3	-1.5615891758104397	1.726721370667745e-75
MIEF1	-0.11695542075597244	5.2995248840476914e-05
FLNC	-0.8269390948097172	7.702025223062295e-30
ZC3H14	0.42916185021006387	1.371297615886184e-05
UTP4	0.48320803475898105	1.8691723055775836e-37
CCT6B	-0.17035770775708078	0.04107531011009087
SENP5	0.20535116040384563	5.752946802058852e-05
NRIP1	0.5548311787852007	1.0893499803345636e-05
ATP13A2	0.19854519779890478	1.2759296158719608e-05
VIPR1	-1.3159076390678632	1.7479337677881533e-46
PPM1A	-0.008513492316779232	0.7125568001214466
NDUFV2	0.14289817349369108	5.0576772121681726e-08
ITGA11	0.565554615587138	3.2979248394364817e-16
THNSL2	-0.33079576354245266	1.80889460138515e-05
BGN	-1.2909863446405536	4.5631431531755814e-69
PRSS57	-0.41014438640639056	0.0010541764005953702
GPR39	-0.05474754526588625	0.3445877274599563
HBG1	-1.1524423357177367	4.350629743186069e-05
SETD3	0.13196225289798993	1.0902233110009238e-07
APOBEC3B	0.14521556493411933	0.08317358925831068
SMDT1	0.2798150163128884	7.72018571215041e-06
KLHDC8B	-0.4015844283527674	1.8736563782979015e-12
TSEN54	0.051628462003719816	0.17547671854718258
C16orf54	-0.3548410434429823	5.065365440977003e-06
CSF1	-0.29106705092338087	8.425915961315282e-06
BACE2	0.25965697155287754	0.10390109802533928
ROBO2	-0.46436864579988407	8.464089010290294e-12
HNRNPH1	0.22849100769913597	3.3795364047888776e-20
BLZF1	0.10777875666073639	8.570352397404391e-06
NPTXR	0.17987859681937224	0.4608055399030567
RANBP1	0.2709870417536707	3.702307380529528e-18
TM2D3	-0.46582969276205327	0.0001556290448907571
GLUD2	-0.025477191983353395	0.7850882528044786
ADAMTSL5	-0.40504559373137505	3.768473497629154e-13
CRADD	-0.4205590013570182	4.583105557358116e-34
VPS33B	-0.36805108090320093	1.1303188262089518e-18
AP2A2	-0.34584146412047234	7.37237327852611e-18
PSMF1	-0.4460051456028017	1.832977650288426e-41
UXT	0.2656396396169376	6.273136748791806e-09
P4HB	0.9397227298871205	4.2009842887372e-63
XPOT	0.3017244348337201	1.2009913998814888e-13
NFATC1	-0.35604351186587063	3.451927594929725e-28
LPAR5	-1.0547929157508753	2.5385489130121766e-08
FILIP1L	-0.11731745948036704	0.015674897640494304
INTS5	0.08312648295207783	5.707434030484752e-05
IL3RA	-0.6645079878080623	3.2794483008221306e-21
ACSM5	-0.4284960173971217	0.03218440013016795
TGIF1	-0.11082605597283535	0.1272760960120968
YAF2	0.11210318485274082	0.03324294423205787
TNFAIP8L3	-0.8323454300870219	2.607131818035538e-41
SRPRA	0.5859987661065278	1.3187237088386418e-48
WASHC4	-0.08882624157354226	2.9537847571609684e-05
WDR53	-0.1062792384538015	0.0014156844866969544
ARHGEF37	-0.9255764241970371	6.991703310247413e-54
PAWR	-0.2286891952479631	3.954553093198872e-12
EIF4ENIF1	0.053086268586268415	0.016916982090452816
JAG2	0.3718042488876031	0.009119728997352158
C1S	-0.4048528914696	2.246594655888075e-18
NOG	0.8127332658875233	1.0147710764987067e-09
CLN8	0.14297541296060473	0.25485742057006755
FBXO21	-0.25224228314281977	1.9369918573074388e-13
TNFRSF18	1.2815539546440042	3.499226129655964e-11
LCK	-0.22932986215802345	6.584455415795582e-07
DPP6	-0.4971448587709684	0.01369643652065913
CDCA2	1.2963249093579237	2.910506987819044e-11
ELOA3D	0.6453654670110738	3.293709605005737e-05
KNTC1	0.36548435624693193	5.164720543765998e-10
RIOX2	0.07142564620018121	0.027513193586461298
HMG20B	0.19895704714682536	6.587092855651707e-14
RNF123	-0.8333897401952017	1.5835528302979894e-56
PTTG1IP	0.35985636896929535	5.719259292419269e-12
ASB7	-0.3693023118729897	0.003449581490366089
RNF135	-0.02737816694983404	0.41575928567024456
FAM110C	0.4782952748414526	0.008675372610539531
DEFA3	-0.5806360414927805	0.0031651953324830662
CEP63	-0.17091496044529797	0.003448510578568503
VMO1	-0.15118750924827107	0.4580027211548873
SLC25A10	0.9632313461425727	3.623179895814656e-31
DGKA	0.08819436244474632	0.008869828215759512
MACC1	0.5941795102486551	2.2471591127672612e-20
TASOR2	0.1748393752501184	2.248136569486031e-09
ING1	0.20479125595381287	1.2690705521445177e-08
KIF21B	-0.22992560459570616	4.046195193098582e-05
ZNF696	0.07233735326446067	0.46789355832680746
CRIP2	-0.746970468440946	1.2756825625640895e-30
DENND5A	-0.2809775089769144	7.8196662076571165e-19
RAB28	-0.21019702302345	5.0599562445489234e-17
GLRX5	0.20496166603364968	8.605439011250232e-07
LMLN	0.5135161388386442	6.274521818848613e-05
ARMCX2	-0.16842780436991134	0.0004431292642706063
WDR4	0.4940204215962376	1.7502947117093694e-28
GPRIN3	0.08601089219484276	0.058477809023399406
CLDN6	1.199193343522995	0.012979904780510074
C2CD4C	0.26765826731460124	0.21959431561772175
MOB2	-0.3582649820070102	3.0661583030737583e-38
FOXK1	0.2434232091474497	2.2888024111877737e-13
SELENOF	0.30882702015216446	8.38158082276072e-27
HEXIM1	0.4327176781368773	1.8805972397061593e-28
EFNA5	0.05000783363123	0.631387089805027
AP1S2	-0.403704713681485	3.9799044552590785e-28
RBM10	0.3026611003071003	7.52011940147598e-30
NOC4L	0.31178679149581734	4.621389600342728e-24
PYCR1	1.113014471671146	6.005249649123351e-37
TRAK2	-0.3870087287304859	1.2122251072588161e-15
BAIAP2L2	0.23663844661402034	0.48096516757884156
TBL1Y	-0.37452455197828377	0.0003432027741212162
KANK3	-1.6761076382118056	3.5971942204662115e-93
HOXB4	-0.1430104484487482	0.12257824099336989
TSPO	0.015824468156255638	0.771309139675814
RPH3AL	0.2899721151427249	0.026569308164331396
CHST6	0.8178573578125072	2.6951892260057573e-05
PAXBP1	0.21352035177153356	8.833413063765269e-24
TRAK1	-0.37491382694668707	1.3502952053990158e-11
HAX1	0.20249576964594973	1.167811301470177e-10
PPP2R5C	0.05648312253549497	0.029286835955601068
FAM174B	0.1758496144809456	0.02805932812545632
IL1RN	0.21715328044788168	0.007016473967111666
PHF6	0.7509782864327272	9.055331085864608e-49
PRKCH	-0.6388971567483539	2.0571665675995066e-54
CREB3L2	0.2241937579307316	0.04843411655691225
SAMD14	-0.5565142213794292	0.0014861089004186941
POU3F2	-0.24292846146635033	0.4186952261592479
SIVA1	0.4190684674789896	1.8423516557163992e-09
FMNL1	-0.1298873585071089	0.0006786381251684655
KRT7	0.21423118891219203	0.0005604232388198955
SNN	-0.43666691977886857	6.423570588279415e-05
GKN2	-1.0694334566454702	1.1859803763782982e-11
IGLL1	-0.5157065958836329	1.784524110353332e-17
SP1	0.13544174893397265	4.391679568498125e-06
CCDC137	0.07835801087139098	0.44134740321243154
SERPINA7	-1.060949880600295	1.4416079741948766e-58
GP1BA	-1.2186363358943066	2.039501720655999e-46
PCP4	0.4989993318808361	0.0022420398990283382
IRF7	0.4237521029698196	5.81908939725499e-13
COPB2	0.4266338785448694	1.6030037957031614e-55
SLC25A21	0.3620674537435158	0.008896091083027427
SIRT7	-0.28421538234655935	1.20965966278655e-10
ADAP2	-0.14404882922603593	0.0014773283297878556
KDELR1	-0.6754836540087781	0.00047325618875309873
SMTN	-0.5856683168114147	3.4673172082957e-26
F7	-0.7608532603083564	6.022610060622692e-45
GRPEL2	0.7043910461567258	3.3342303832008786e-10
YBEY	0.4126621807051001	4.911320719232959e-07
BCL2	-0.3840109639690571	4.1983311518203316e-15
RBM10	0.657705576091075	6.105722634467452e-22
H1-10	-0.659855111558852	2.497393149112114e-29
EPB41L5	-0.8700858993516298	5.490474428298944e-48
PLPP2	0.8374468527289777	3.2214869999120707e-14
DRG1	0.4565501665290622	2.0122326403501566e-48
INKA1	-0.5522673015471211	1.701421636664711e-07
CPNE8	-0.25934289702229946	2.382364522540871e-13
ATP6V0C	-0.29064965646665863	0.004715204763372843
CADM1	-0.25891747059040626	3.2421363527177017e-07
TRMT12	-0.6033055474258608	5.5346324103705945e-05
PPME1	0.3260982999746515	3.893580329970367e-21
PHACTR1	-1.1856772543505492	1.6694818312081003e-60
DEFA5	-0.43512339119611854	0.0012560292404345064
PSMG1	0.2469416469075762	6.516228277402974e-15
MCEMP1	-1.283491028125237	6.745175572111101e-26
PHF12	0.17512165461248605	1.1433577176127233e-09
TBK1	0.0795674451125916	0.00019084039025686218
PHKG2	0.20539734348668043	8.910431031300448e-12
UPP1	0.4322487879685897	6.9936855215793905e-09
EEF1A1	0.33777544529669123	1.5903804318141796e-34
CNOT10	0.30298611452369417	4.655839521521206e-44
H1-5	0.08031284806046377	0.34191270011248515
GGT5	0.184875591285738	0.00024507872071874394
FBXL6	0.25686378972032314	4.492646325416059e-08
RIPK4	0.17228185867831106	0.008381056531288992
RSRC2	0.3284671723410715	1.663219564551987e-31
BTNL9	-0.8187773366375526	3.3336151948548195e-30
ABHD17B	-0.26681541854485136	1.4208064831553237e-13
CASP9	0.1378029803719846	2.227691529195337e-06
CCDC34	-0.1343202686596376	0.26620139754507494
PTPN21	-0.9817901426199175	2.0902407187066023e-74
TRAPPC6B	-0.04087511722391775	0.06433086212967502
SLC9A7	0.6662544160474814	2.2691969009562622e-17
TMPRSS2	0.2563100622932453	3.760805382230798e-05
DDX41	0.28137236674432564	5.842356379484269e-24
C8orf33	0.38794583085230505	1.438242467242137e-17
GIMAP6	-0.26348354756822595	1.1216352466536434e-07
WDR5B	-0.6591786154661453	1.6000907807198092e-06
PTRHD1	-0.03751115752237427	0.3054793656028109
LEPR	-0.9059855633252738	4.83094153406127e-23
IST1	-0.14812804424738935	0.18358884003779358
FAM83F	0.28175146575009324	0.09017168956444302
DDX59	0.04329483823008592	0.09532717872620008
CXorf38	0.15881079109447063	1.278898094187799e-09
CTHRC1	1.5031713848042623	1.0812219377290592e-43
RTL10	0.6046764885347824	5.353726212952546e-15
HHIPL1	0.06431177999638435	0.6032742694890149
PAPPA	-0.759331114133586	9.195397819946084e-35
DNAH11	-0.08964776147231679	0.3213454019146011
NSMCE3	0.05652782998567272	0.03500743455266333
P2RX7	-0.35316429558085344	4.2071093559835055e-07
COA5	0.614920235401245	1.1056999276532541e-20
NDUFA12	0.06389248075526374	0.017131242425591393
BRWD1	0.421432217928536	4.622189012340354e-17
CSGALNACT1	-0.49877466838273476	0.04140579572567216
GLRX3	0.470150270538749	2.4648361903339857e-35
PGP	0.254781173770999	7.201899487810374e-14
TMED9	0.5846658509422092	3.214203600070908e-37
RPS27L	0.3264411137444907	1.840634492785776e-14
YAP1	-0.27120728134639394	5.649722084521131e-23
VSTM4	-1.1284972409501919	3.3382171481991146e-17
TSSC4	0.1655969111079055	3.319995159592891e-07
IP6K2	0.09954630129201823	0.2702704974519652
PEX26	0.5389094312046088	7.513280696401457e-11
ZNRD1	0.3217206092788738	5.75244648677981e-10
TBX1	-0.12494935335291743	0.40222305429341604
HGS	-0.01577630459369571	0.3796627636090555
C11orf54	-0.26405675070741275	2.700021969109172e-09
RBM43	-0.17906041893091829	0.011111934994444711
KREMEN1	-0.6111068861643741	8.392092465289904e-06
POMK	0.6877710349256448	3.206176686155875e-27
ADSS1	0.5219484198459271	1.4723417718580337e-09
STING1	-0.20731862164780746	0.00018219896848126692
UBALD2	0.04389865653559153	0.3917296401930373
TOB2	-0.44285456251080285	1.9033645561759637e-05
GNB1L	0.04326736169457011	0.18828449546876425
RAB11FIP1	-0.059389724442953484	0.07620112966041447
SERPINB8	-0.3326892364054496	8.537734171872841e-10
BOLA3	0.4030483763916776	1.1509496243588613e-17
KIAA0825	0.12519067565353914	0.35463671867822133
FBLN7	-0.7302682748540631	6.692442663673003e-30
PTPRM	-1.1284910389720193	1.3292282272444126e-78
TMEM259	0.14843559317770538	0.008495588684500462
ZNF704	-0.3703069480752105	3.219788408005915e-05
NPLOC4	0.3072305216444662	1.0263697793411456e-39
FES	-0.34735284479723605	2.07858544797016e-31
SPATA32	0.8252004986016732	0.0005055509906258282
FBLN1	-0.43110730244567297	1.0352074997932687e-15
ZNF397	0.13236915136531924	0.01490740618005803
PRKCD	0.07372014200257979	0.01637485484148676
IRX3	-0.1019224050765261	0.39894544150320715
IKZF1	0.11465902717956465	0.0064289572694663745
TMEM186	0.17324456477637123	0.0030906691287474262
PGBD2	0.31306137700326214	0.006645543564084553
PKP3	0.595088359878704	1.6777288255283158e-24
KLHL22	-0.11725219556078545	8.013477018178806e-07
KCNJ15	-0.29724075318654525	0.00029721010148461754
C16orf72	0.23537313595071213	0.24155407773249316
CALCA	0.30571053139399096	0.2787715482605841
METTL7A	-0.8938554471906843	8.679985033055669e-39
TNFAIP8L1	-0.6167401238053465	5.842927134571563e-09
GAS6	-0.41414282858020635	8.416692247846628e-32
PRR14L	0.3852050772868535	5.582000816734453e-07
MRPL54	0.44421307985486536	7.618061814253148e-20
NOMO2	-0.6163235654057002	5.205101878395646e-10
PRMT3	0.3966790383315366	5.7077475528768414e-21
IDH2	0.656594230353297	9.009781538668124e-38
EEF1G	0.45692833594739524	3.2087478765615986e-53
COL4A5	-1.1601465422122825	2.2490788952068e-52
DHX34	0.0647201604291716	0.09491180777358192
RFLNB	-0.49373479647984997	6.637936418262081e-23
TLCD2	-0.6224270345555541	1.2482455372625339e-14
CROT	0.008685805731701626	0.8120122963463371
CARMIL1	-0.4180234133663837	1.0069016317762758e-27
PROSER1	0.3537783800462869	3.532722896385225e-11
CD86	-0.4993791404724124	6.761432998620132e-15
SNX20	-0.2522154193529197	0.0030312732847978304
PDE4B	-0.3438194336062289	0.07314678173796904
EPHB3	0.23001649868550225	0.00017441649403513262
LZTS3	0.24773442215282065	6.631331641814676e-06
CFD	-0.875136598553337	4.806305269399928e-49
DZIP1L	-0.46556566651696557	1.2270812171703486e-05
DSE	-0.09829576488748692	0.19191237317437296
SLIT3	-0.7918258430805234	6.511421498040911e-42
P4HA3	0.28448502039792756	0.018815849463407884
DMTF1	0.13637799328530925	0.26773310088140906
RWDD4	0.15134549425780994	2.22560502548553e-06
NOP10	0.6374083208615224	4.0768394366218407e-48
SEMA4B	0.5377969512053447	1.223091730126168e-18
ATP6V0A2	0.12050309963207659	5.435561609173387e-05
ALDH1A3	0.4009222484709107	1.4191455895479131e-08
PTP4A3	-0.17264048168231622	0.0002376788943151771
ZNF703	0.18176241724807293	0.01705887320289932
DDX28	0.47196324889302316	1.762419158934947e-23
TCEAL2	-1.3207847781495856	4.957289909923536e-21
COL7A1	-0.07073221929883816	0.4712030658572099
CSTF2T	0.1289023236164642	4.051847545471465e-05
ADAT3	-0.09590254012813698	0.005810444769033827
KPNA2	0.7331388044653286	2.0848651716374004e-26
CCR10	0.9634920335321546	0.0005857882775018691
OLFML1	-2.0432008334090206	1.537471926673342e-74
RNLS	-0.20985524701049538	1.4221686540813332e-05
OSBP2	-0.4945790103632124	6.507110414754802e-24
EIF3C	0.4419775601500707	1.021828156244933e-19
OAF	-0.4487570910349291	3.936138701637534e-16
MFSD5	-0.03852475266561107	0.5158017816856477
CHD3	0.141007975215344	6.215713056915912e-07
HEXD	-0.14748786505893277	0.00024761318531861656
MFSD10	0.09387325403011082	0.06119462746317121
TSKU	-0.42431986365683283	1.1389938155315162e-08
LRRC8B	-0.10966628205335177	0.36494141576086964
LIMK2	-0.13720341791830928	3.754575012870548e-06
PURA	-0.5473013037763955	2.5199199456816947e-37
CCDC28A	-0.1912440209069218	2.593926347109097e-10
TANGO2	-0.8779771017496292	3.006461337263952e-62
COLEC10	-0.8232955791603629	2.1849698566395003e-18
ZKSCAN8	-0.03263873718767925	0.5509887246658306
ANO9	-0.112833657259423	0.18949580147338602
H2AC21	-0.1180292552324334	0.020381880025761495
KLHL15	-0.38842526506274455	9.752373409263277e-05
PTK2B	-0.1723096715605483	0.16828655467021947
NR2C2AP	-0.021966875244763137	0.4354540005551321
FAM166C	-0.8878246326544683	1.8109720982102346e-13
FLRT2	-0.6536983037040041	4.2504640106555475e-15
UQCR10	0.5125980041726829	3.6221274411068705e-19
ADGRG3	-0.3650565674280876	5.343160649621586e-06
SMAD3	-0.22756365317895746	1.0671069881159686e-07
KMT5A	-0.23141983334044308	0.006184062752918228
SS18L1	0.37826019838864994	7.331664813086556e-07
TTC32	0.04179735837556914	0.7437161924904965
C22orf39	-0.04482911244083869	0.7048348004550502
NFXL1	0.5148780581675894	1.0411774989106517e-31
NR4A3	0.1197667548180308	0.20274872430651694
PLA2G6	-0.3941347293205617	2.526999737255844e-08
ZFP1	0.3532549906327947	0.05323599335517373
RGS19	-0.23201617434316024	4.1679116641778833e-10
SERPINA5	-1.1379408527809316	3.664074815904053e-43
CYP2U1	-0.31109339696685606	4.171231039877463e-15
VMA21	-0.06266195863185398	0.23203098096963937
INPP5J	0.2962532955824979	0.0006804771034280374
UBA7	-0.14865604336587743	1.073706711871585e-05
NR2C1	0.04667599434961603	0.38775145709730785
FAAP100	0.20980364874433308	0.0012466836168380138
SPNS2	-1.2633633978747845	5.026925132198912e-17
LAMP1	-0.13500680868556658	0.0035786728383769683
HSD17B13	-1.193414006852617	4.9611200653593884e-23
TUBA8	-0.4622722715631167	5.427345159984583e-18
RASSF1	-0.30951986438108614	0.06313679178410975
JRKL	-0.4435471247100205	1.4967883972430282e-07
TMEM44	-0.23227135492132883	0.09787135342891588
DNAH8	-1.4515209730299052	0.014087794406209143
USP45	0.07756192481457502	0.3951054760084651
EGFL8	-0.4721466562712402	0.018441026828978288
ARSI	-0.8912659161728889	1.4945101211667383e-11
MRPL40	0.48449622662582703	3.730314094176739e-30
SKA2	0.43416453813825223	0.0031417623258203574
SLC24A3	-0.23144362487050674	0.0906037797712736
MIPOL1	-0.10071106281058574	0.06489503111743707
RAB11B	0.02773215328279803	0.33255950131073214
PLPBP	-0.12034090589543327	0.00013393373386095273
PRKD1	-0.29062869699057275	7.259263239950005e-10
NXPH4	0.8888292281440084	0.010982409832540852
MTA1	0.2412450149181959	1.261965235613048e-13
SLC52A2	0.8826425880000248	4.165452994408694e-22
SIGIRR	0.1327788722510963	0.009027575204442202
MX2	0.6902644617122625	1.790991213054327e-20
ACAA1	-0.1427901885385962	0.0002479797749711378
ADI1	0.6607851212268643	1.3851689752864203e-49
SHMT2	0.8390363467175637	2.9958029049994618e-31
NFAM1	0.03189839304681988	0.730748954996548
MAPK11	-0.721381919591549	2.320919638214618e-29
TMEM179B	0.07211303950795292	0.3093049464634097
PLCXD3	-1.4278897938000892	3.5778933670270407e-62
BSG	0.37149719729000485	7.848793059223522e-21
EVI2B	-0.01562399106886939	0.7474455414521342
EXOC7	-1.1162392713697336	1.9551043428365487e-05
ALG12	-0.3129435679119157	8.942177969752474e-12
FIGN	-0.6651688273839644	0.0009959105176020285
MRPL12	-0.322074535917604	4.934341231299059e-07
C11orf88	-0.8854336521708122	2.6110417651022994e-05
CIB1	0.24015967238265545	2.3811076242104395e-09
RPS6KA4	0.01393143693643566	0.6195134344502606
OIT3	-0.7073245755559268	4.079343659846147e-05
BTLA	0.42127683969369445	0.00214659641890176
TTF1	0.04735695110494552	0.381601183413358
ABCC5	-0.09639778608364702	0.17710504806254257
TRMT11	-0.037472571947696695	0.22836391096863717
NEXN	-0.7853245243478968	1.0758895397403072e-39
COQ6	-0.28990774363627914	1.729215020696264e-11
CHST15	-0.10265401682164194	0.069659200513422
RPS19BP1	0.19552530746113836	2.369170824908559e-05
FMN1	-0.22423071841699174	7.757914908049453e-05
NDEL1	-0.09479388338127073	0.0012726297800089803
INTU	-2.7940207785883637	2.280779775403224e-32
PARVA	-1.0712876351942864	4.598246807353777e-62
EMC10	0.15009659178873747	5.176558697297213e-07
RSBN1L	0.18725420356142786	2.4858882118347318e-14
LGMN	0.47079830404867534	5.225442428027955e-31
HDAC6	-0.10725641662067291	1.0284981800178637e-05
TMEM212	1.5581312205535587	2.857783929509134e-16
DHRSX	0.14746610150579748	0.005620627530356633
KLHDC10	0.4812388972559983	4.0681362460670727e-16
F3	-0.06708468122786738	0.4343265385926466
WDR25	-0.09982355286473377	0.24543714648180565
RFTN1	-0.22199439131058218	1.282190794336558e-07
SPTBN1	-0.7908498944729496	4.2283753470085166e-35
PFDN5	0.35230852866877865	2.316815185564044e-34
HLA-F	-0.47487148245896404	4.441054230339829e-17
C9orf85	-0.14374493377174274	0.13932770780311846
SYNE3	-0.5801042990510759	4.621206194182282e-51
PCLO	0.6888195482520197	6.726528621541719e-08
UNC5B	-0.39588263779499305	3.5188586697698754e-17
KPNA4	-0.03399118484193529	0.12770569573051863
C2CD3	-0.12951319282023466	0.007297614523176211
HOMER1	-0.8506592555920425	3.710149213224737e-43
FAM183A	-0.7149452980779296	0.0022685093856865987
AMACR	0.09976711284993649	0.0648155127973721
EXOC1	-0.12390905830394151	1.6837595304756225e-11
GNG2	-0.5927313480837866	2.5673153521169087e-31
INO80C	-0.20971468950461908	3.545342463764497e-09
ZMIZ1	-0.17287808875706365	5.1646216040707637e-08
ZDHHC8	0.2324664472479523	0.5957231582822784
PTBP3	0.12411165957197062	7.000578946020891e-09
SREK1	0.35665415145563106	6.929183469676361e-44
PPIL2	0.21955217314743822	7.484750046091621e-21
POLR3C	0.19934394304377956	1.5048737220603355e-13
CYP2R1	-0.3491660292884646	0.017412033241812376
SLC10A7	0.33832393704887465	1.6787738945386281e-10
DCUN1D4	0.0003400078210184093	0.9920672720736942
PDZD8	-0.07833658598959004	0.0117339148399734
TRIM46	0.4991254778132076	0.0028238073195222513
FSCN2	-0.9063792649516114	0.0147366349472422
ERCC6L	0.4344208153058575	2.1293117476766604e-08
COL4A6	-0.18963745903891713	0.12019651541719815
PITPNB	0.12018082824579138	5.49912939318302e-06
C17orf58	-0.9072466109686614	9.001967478701383e-05
TEAD1	-0.37633483028114256	3.3836918426729608e-09
CCDC84	-0.10096054023794701	0.2972063981685202
TESC	0.41409066112192167	6.541051662968108e-06
BMP2K	-0.01283668928956834	0.5956954713452867
PNRC2	0.7267330727751458	4.104855278817923e-07
TMEM104	-0.31560556737811807	1.8394641924438714e-06
MT1F	0.8295993895762636	4.201064951267508e-15
SOWAHB	0.16229641606352596	0.004010818036162414
PTPRB	-1.0140501888658595	4.273876714382393e-52
PTPRU	-0.16084021414262734	0.0069910419942951305
ADGRA3	-0.33633354962896844	0.1948055024459174
CARMIL2	-0.0452402524445456	0.4366440131905796
PKM	0.45924763095309523	3.846288054296373e-39
SERPINA11	-0.36511328715854463	0.2705140565601489
RASA3	-0.44208044107296496	1.0966784471622142e-43
C2orf76	-0.10695392644234857	0.0007045878429883864
ARID2	-0.004356148375014253	0.8257063715569045
EDARADD	0.47063590769467223	0.0022184471420449246
FAM91A1	0.45819099941622843	5.755897211123882e-44
PPP1CC	-0.022975965279819988	0.4227407251852577
ZNRF1	-0.3595988696790734	1.2360342026459843e-06
TMEM17	-0.36159985577152065	0.00010619351806333503
KATNA1	0.001930485381467513	0.9405202128824778
ATP5IF1	0.313369504249379	1.8717286067244793e-09
ENTPD5	0.12042576435660063	0.008312396265827436
STARD10	0.0622329337513102	0.2703811312353054
TMLHE	-0.09336701799027838	0.1341990786714125
ANKRD46	-0.5094834866194109	2.9250808501510843e-15
DLST	0.07386319581614713	0.032491294142417027
BCL9L	0.39113375010291895	2.095080518304358e-31
SF3B1	0.3316683875890116	9.737919092109123e-59
PIP5K1C	-0.3445984229499903	8.503743379461183e-33
TRAPPC11	-0.16081596699942122	5.201601441890999e-18
RTN4RL2	-0.09379673552415257	0.2641748317973723
WDR20	-0.11033258614868795	2.0102794370018232e-05
ZNF20	0.16196148341277583	0.32418897191461105
NME9	-0.6473242992652306	1.3007599321366214e-15
HEATR4	-2.2490714658440956	1.3622841475576252e-09
KNL1	0.9473211487755661	1.5301737453195654e-09
C7orf57	-0.7240559500273236	1.6515425098380807e-09
ZMYND8	0.47903856536052103	2.9836180954171947e-15
SLX4IP	0.45374007994297816	8.976263413774883e-07
ARHGEF25	-0.584989549522472	1.2603492098719994e-16
TCP11L1	-0.21152987687673283	1.5641202248464185e-15
PLCD1	-0.9730321120205716	5.545671965609493e-57
PPFIA3	0.6495896973971598	2.549747011519814e-09
CHP1	-0.04567802998973479	0.11080209321696947
NAA20	0.19151005753207118	4.1583143068728315e-07
FMNL3	-0.6793368664177557	9.433873564262688e-19
CCK	-0.7134568127126104	8.87458151868158e-12
FOXK2	0.12737261459328408	7.143368013845662e-06
PSME3IP1	0.398500712842613	2.1102890162057394e-33
TTC7B	-0.6835701811483356	2.6832929461072677e-65
PKIA	-0.6003780757368279	3.130027389473692e-15
CLDN2	0.9733704297045143	0.044816639269171156
ACOT9	-0.11245530396343177	0.00021207783862273776
CDR2L	-0.06274943195106135	0.1319831817714959
RAD54B	0.5953904859785745	0.011643050366264346
P2RX4	0.21288499409361822	3.2444286189408295e-05
RASSF3	-0.2597022799936263	4.8099244012787555e-09
CAMKK2	-0.24150555161248088	5.999760593887581e-24
LRRC71	-0.34484028881705486	0.3894523906087328
AP1S1	0.4900169463517202	4.014145100962083e-27
CBX3	0.5190442231555018	1.1080673967084528e-48
RAD51C	-0.25176031177798364	0.001405133224073059
TNPO1	0.26465159915553166	2.6753779912130253e-33
LARP1	0.4822260088383091	1.278766050033875e-44
TBC1D22A	-0.026859154917551864	0.2794742377837234
DDX3Y	-0.04710866450045731	0.7734090753579846
GALNT16	-0.03707226941340465	0.6624820555839759
ST6GALNAC4	-0.19209084647254274	0.09495214974405539
CDC14A	-0.4546775848598054	1.4635310852419784e-13
LIMK1	0.2522275620180061	9.757286828026465e-13
DHX15	0.2246914237317537	1.0506668107526413e-27
HIP1	-0.32610084738668166	2.066199791535315e-16
SUPT7L	-0.08580869859062595	0.038960669773354974
FIP1L1	0.34946229147270835	4.458496545308381e-31
RNF24	0.28497306637545355	0.0003123343755580736
SCAI	-0.6090826600574428	3.427752342356504e-47
ANG	-0.5492986546796115	2.5618406149764476e-18
SYNM	-1.3914432254080373	2.3632454568554602e-79
EIF5A	-0.2623245544711896	6.610537140348919e-20
MASP1	-0.9960707681489789	2.9950699419398427e-34
KLHL25	-0.06531650160873508	0.45358184727116585
SLC25A26	0.12527149808284752	0.10157444656359389
SLK	-0.16394103550244848	8.07480107578828e-10
FGG	-1.1413985774474544	2.7907732431352887e-35
PLS1	0.36744480912970534	3.288547457311118e-11
ACTR8	0.027700141741492868	0.10497027368696496
RAB6A	-0.008188826024473225	0.777377758841465
HMG20A	0.17752861830543398	1.8057783069316037e-08
RBBP9	-0.10120585425658957	0.006935200590995917
SLC39A9	0.5406090783445289	5.522002865964059e-15
SLC44A2	-0.9960424008498507	3.0271052318102714e-41
NAB1	-0.17148899347829902	5.74621991813021e-07
FGD3	-0.40836276442422625	4.605976896830944e-31
CPNE1	0.11794181780153601	0.03900979031730478
CLPTM1	0.38324969739271103	1.0588765152632347e-18
ZNF644	0.1471320291928521	6.708528571034231e-06
TNNI1	-0.4096553727550266	0.07744367600314395
UNC119	0.00021449079790174588	0.9945759786938881
C5orf24	-0.18918262347214332	2.882836193059673e-07
CDKN2D	-0.281846491643839	0.00027348340548489657
CXCL14	0.747847999886488	4.259109779414614e-06
CHAT	0.30625453332983044	0.07321199137616305
CREM	-0.06414618940633532	0.2666757530863791
ENOX2	-0.15463014046030765	0.16640384373288666
ZFYVE16	-0.015592300590292246	0.375706456844829
EPB41L1	0.058461167054532914	0.3380034393492611
PRPF4B	0.3354986690957731	5.849612931209253e-37
MEF2A	-0.7256883654505732	4.911618792265479e-07
CCDC68	-1.2037408388708317	3.1005200755406604e-44
SERPINB7	1.2759883278183053	2.99582863700717e-23
MFSD11	0.31907549813408587	9.396281519260094e-06
ARHGEF1	0.055447179717359726	0.556626123013288
CENPQ	0.25724966227424667	0.16522614511148256
ZNF664	-0.07796728160697543	0.34866969559884614
SIRT6	-0.026569938403689132	0.2640642357501624
MED19	0.2662768285550455	1.0961593722474366e-12
TDP1	0.44248613417571037	3.7210898541642856e-25
LIPA	-0.7899678480500802	2.282937473661663e-18
ZFP36L1	0.46179471507865877	1.2884420553630979e-26
UNG	0.4881687421470744	3.282449605568923e-20
PCID2	0.1851617811453835	8.111534509784876e-19
NXN	-0.17198491920369977	6.235618278319833e-07
ELAC2	0.07427758504685733	0.00686694436336911
STARD3	-0.07642971662913609	0.03779482855042054
PTPA	-0.26426879580608154	1.004120951420523e-24
EPHA3	0.23907832041238108	0.305666565765856
NIPA1	0.011199350928420448	0.9478079865686405
AGPAT1	-0.0310902505675962	0.5026004067256378
ZDHHC4	0.2380965094493559	0.0002367832336810497
SINHCAF	0.49441678316722093	1.8879892727528693e-16
PCGF5	0.27702432580168646	2.7929591046223654e-11
NRIP2	-0.7619895415096997	5.33285312464814e-34
CMTR2	0.2169027189419372	1.0106472322562899e-09
SRA1	0.06232892520307271	0.056055968685600324
WASHC2C	-0.1269073942839601	1.2386525843994436e-08
SLA	-0.5526812806346555	1.3401677620493624e-23
LIMS1	-0.9627623168543651	3.1072908541242607e-49
NIPA2	-0.5227403882082926	4.461268619558614e-08
RNASEH2B	0.28011940918869666	1.0340200052610147e-13
SARNP	0.2670707786903038	0.005683823441874719
PPP2R5E	0.19328550711285475	2.470658092499896e-12
SLC26A6	0.6666264131581918	7.517259705048563e-15
EBAG9	0.17790712696492839	5.197941455382949e-05
SEC62	0.7102266958533149	1.327745403392499e-35
PNPLA2	-0.21723931972671143	2.3372222509477596e-11
ARL6	-0.6963207618710052	2.1733694040585746e-63
AKAP1	0.43371201030222784	2.2464660298462633e-27
ISYNA1	-0.08474417018392784	0.03646122652747389
DXO	-0.31365445180858065	8.52559153519882e-08
RAB27A	0.2234093864739914	1.1911711546800668e-06
SPAG17	-0.2864161669683874	0.21278104394936423
MMP25	-0.34955066490252507	7.189978857793555e-05
RTN4	0.06672338785880373	0.6362484623340066
ZCCHC7	0.1727057203919291	0.016103303535525117
KPTN	-0.2120025262478564	3.071377352335876e-09
TRAF6	-0.05592444048548748	0.005025319361361693
MXD4	-0.37496891315229186	7.332988680393065e-05
MPP7	0.027066226936782015	0.5601790734558764
SUGP2	0.19645557011186726	1.6066134925052802e-10
SUV39H1	1.0137816812322316	5.729908929042074e-15
SPTY2D1	0.942272592355726	1.165147746246341e-50
ZFYVE27	0.35493152904586955	6.42301712397194e-11
NCKAP5L	-0.09783107037449043	0.00023982446575573736
DNAJB2	-0.3047855448025764	8.925852895558524e-22
STARD7	-0.36173905275860435	3.3241573720835744e-37
SPRYD4	0.024792393993266333	0.5664760791471604
DTX3	-0.31885946257711517	1.3469074600045535e-17
PKIG	-0.7928411310838314	7.26481162741519e-54
HBG2	-1.358263195172814	1.0332587518007537e-11
TBXAS1	-0.19461859826205113	2.168938477828932e-05
TARS3	-0.1462879991549768	2.4179159681991886e-05
HNRNPC	0.1836629583890102	6.594228870747879e-09
TESK1	-0.19421408130460033	0.00021906279381577842
ZBTB16	-1.0455322067263526	4.131110555930561e-32
TMEM39B	0.5830175953495687	1.29468679991916e-25
SKAP1	-0.25756905123789076	3.338435707206912e-05
PUM2	0.17241515358151446	2.6883491960065195e-13
PLCB1	-0.8165275000659659	1.0740393927196798e-44
SNTB2	-0.7459779847114548	1.3494572673391882e-64
FN1	0.023461162143543296	0.8148081702238118
ZNF532	0.06447823604637684	0.09232190436386963
ZNF385B	-0.7212961948578119	1.5222140523055174e-21
MTDH	0.38770615673792863	1.8984495497416742e-27
CDC42EP4	-0.5110062553628214	3.315991913023121e-36
NPAS2	0.49692861153980544	0.0988153091017303
GZF1	0.47082997607467264	1.7797715581716418e-13
ROMO1	0.4464687421939394	3.6904870610668077e-09
SGCD	-0.44449975840524825	1.754247207550691e-16
SNCA	-1.7168656531805087	1.0195235924640437e-56
SDC3	-0.6293596362084604	0.0028858277237169675
UBE2G2	0.13707060040611227	1.5430271365505675e-06
PACSIN2	0.09762256458386091	0.5172494921917535
HLCS	0.09871980814595345	0.0012381246265335787
MRPL35	0.39096510713480487	2.4059961803474403e-15
UBA1	0.01644810956281769	0.39218195135316203
HPS4	-0.314602748312618	5.579361714832403e-14
CYB5R3	-0.5114488016770156	7.970224480106433e-47
SUGCT	0.026073166555512402	0.7673327533794373
HNRNPF	0.3532060026208615	4.423717384262537e-38
EPB41L2	-0.9919810214636876	5.3449694936588695e-68
RGS12	-0.27117457212609974	3.1318109764764567e-10
FNDC3B	0.6673275772433819	1.5673016643399845e-42
FAM53B	-0.24626934967033937	3.051328439480487e-05
TTC33	-0.09661944038180323	0.0015923490919285425
FGF1	-0.16795048645685864	0.011583851453321086
STX3	-0.45956945809883093	5.7571340884193775e-27
ZNF212	0.7553915963529594	0.0006956752425054611
GNL3L	0.10359620891668656	0.005329271456384438
SMUG1	-0.40561598325703374	4.04593537130064e-17
THEM6	-0.03148974434673517	0.464178374762617
CTBP2	0.045558086279616695	0.07704682328249794
TASP1	-0.2208569442246568	2.7937581977945246e-10
RERE	0.16713287491332837	5.180495062462591e-09
ZC4H2	-0.3686837300149866	0.08633306215851551
RHOBTB1	-0.8162138961818325	4.2713960550000435e-10
CDK10	-0.22003892944201184	0.019450452556289462
UGP2	0.3546520864057782	1.670807277034859e-36
MID1IP1	-0.4138675331140863	1.1999949732657035e-16
ATXN2L	0.5125408138969569	3.1691641730999706e-66
SULT1A2	-0.9484676443770894	1.8224152235695402e-35
NECAP2	-0.14231068580756664	7.429709671789888e-09
NPHP3	-0.45919356009085655	1.7822358070752815e-08
ASAP3	-0.3023239156364626	4.511876223360502e-18
BCL11A	-0.2298839899339119	0.13039019052754455
AP3S2	-0.31036363268316114	8.161298707124069e-06
STARD13	-0.8180180434739435	1.6219585210399386e-89
ZC3H15	0.5284172828245209	1.7896233275942896e-53
IL6ST	-0.560715667058725	6.9600401107814335e-37
NFAT5	-0.1898365810078537	1.0185497204649376e-10
C1QTNF6	1.839670446263498	5.2928126710392785e-18
ZNF444	0.5068965739656648	2.076703955317753e-14
BRIX1	0.5451839118842896	6.237397206721071e-26
RASGRP2	-0.6830654052141731	1.7519836743721842e-48
PHF8	0.05469012156299613	0.5341774700272107
LRRC8D	-0.19304592161895573	5.028033031076784e-05
CUL4B	0.48661685084554984	2.315978164269111e-43
ZNF385A	0.2701612277224644	2.465703311575728e-09
EZR	0.025787599506027756	0.5353652777892997
DRC7	-0.5675839315393484	0.0012460253498587919
GGT7	0.1767034483547323	0.0015696056346515975
ARHGAP6	-1.2720129736198555	1.0230374759486977e-85
TRIM16	-0.6084174100115836	0.0004659380563529547
ATG101	-0.024284461870494642	0.3788376978669712
TUBB	0.07889904985446008	0.0014771875599881134
GRB2	0.04323414756246004	0.13588120338049148
ATAD1	0.45713681440126464	8.901024592388115e-26
RPLP0	0.48151433627776313	5.2267577961594e-69
ZFP91	0.26784799709091534	3.745114649562671e-11
TPT1	0.3313746929675097	3.115773619422611e-28
GPRASP2	0.24855967000189555	3.9654495802263295e-07
RPL32	0.4969220119398313	8.99699944388899e-32
NKAPD1	0.3747976617870713	8.816978934359223e-10
MRTFB	0.35141295663566285	1.7726151124071655e-18
RBMX2	0.3511405509586596	2.802102105996631e-30
ANAPC1	0.12876943397760224	1.3818765896719644e-14
ESPNL	0.012455771603714527	0.8859801360697407
VIPAS39	0.04739208048827977	0.0490213468181438
RRP1B	0.5128682639867668	3.565178020122681e-33
CPM	-0.22516747684761773	0.00010534060893137462
AIDA	-0.13001872827310168	7.259158937440827e-07
ATP13A4	-0.5117549724605536	1.0024005723684133e-14
GRAP2	-0.3157463294586582	6.493334326985474e-10
CAV1	-2.1630744234104378	2.5288220452842188e-82
DPP8	-0.24886937819999586	2.5376352123941424e-25
RBM23	-0.2660362324391291	3.347300040165713e-07
KRTDAP	-0.8291989405152462	3.4290994359877183e-10
TRIO	0.011315101898532787	0.7050724853474665
ZNF70	-0.05177733672228821	0.6772691206092005
SMIM15	0.6157940384480838	3.2607927226692035e-10
PLAUR	0.2699279155847421	8.517942022893717e-06
KCTD21	-0.16718266844379326	3.097339395386752e-07
KLRG2	-0.9953093605796953	4.1105986229453454e-23
POU2F2	0.6504440053636236	1.0227496594500652e-12
BABAM2	0.04839251181186357	0.0006673305032144785
CCR6	0.8127455168811352	2.145043281664708e-13
HLA-DQA1	-0.26505528677318535	0.04660533863773682
CRYZ	-0.026882472965145468	0.6031878400128847
SOCS2	-0.36969268916777326	1.8289736824299981e-07
SRR	-0.5167270821188885	3.126408031948776e-14
NTN4	-1.3443679808832076	1.215837939681539e-63
TRERF1	-0.3275847921535302	7.922432510562094e-08
CFAP52	-0.8119285395190903	1.639910425927373e-27
RHOG	-0.09616166580502725	0.0002897437568862637
NT5C2	0.4406894275508152	3.1865335293607736e-35
TTC8	-0.2689290771512526	4.694325914693932e-15
NELFB	0.2997211987934504	2.234836689162693e-29
NUDT1	0.4949532782789668	4.3298076939531714e-29
RSU1	-0.9135460563164446	6.690816032084628e-80
DFFB	0.23976878960520343	8.314260104166775e-13
FOXO3	-0.19864531986147027	1.0786481299196601e-12
POP1	0.3125515103943003	4.635552691848249e-31
THUMPD3	0.43346379043810285	2.386640029790929e-39
TNC	0.2939905991436289	3.1140431387008794e-05
H1-2	-0.7730096015824883	1.3554624940045834e-17
GSDME	0.11914218876846196	0.031512211633792225
POFUT2	0.2604495493690391	3.615538669401706e-14
ANK1	-1.6051736831969396	5.9592210403222325e-56
DPH5	0.21859784858801995	1.4444639685653205e-09
BRAT1	0.13549774683171964	4.507769035956635e-06
TRIM2	0.4823813269646038	6.190068356446728e-14
RASSF4	0.2582864314789275	1.6252480381108874e-07
ANAPC11	-0.1791307818349523	8.116737212834184e-05
FBXL19	-0.23234630641250711	0.00826707489243516
NDUFA4	0.04963038456633909	0.29996914666191987
CIR1	0.365052379267486	1.9211225693547662e-25
THBS4	-0.17819908659978326	0.008489534373703278
CAMK2D	-0.05465291039659351	0.21726408494973146
GTDC1	-0.22393374623128165	1.4402636581283883e-20
ARL4C	0.4509909836410454	8.782379187115998e-08
RPL7	0.25014372942445784	7.223217807047254e-14
IDS	-0.836150969887508	3.99015548440359e-32
TPST2	-0.28988344455165743	1.0404664273270875e-09
TSPAN18	-1.113350461885112	1.0222925724034812e-21
PIK3AP1	0.04863773938013919	0.2298856769825004
SNRNP48	0.19071329228865858	0.00032591612320542274
DROSHA	0.2088480055636836	1.3141653057960496e-08
DPYSL4	-0.4371439598037251	1.2410729053315607e-17
MIOS	0.08557070682549893	0.00017592388314280092
ECPAS	0.21386940372301683	2.161380068364879e-16
EME1	0.5764128042695171	0.002064742831984583
FLRT3	-0.4579314531303006	4.0995409507173105e-20
CXCL12	-0.9882161476512648	1.1395842983942194e-21
TAF9B	-0.1789440031255277	1.5193281591113022e-05
PKLR	-1.4695333958235284	5.131250968651356e-54
KSR2	1.3521860003295076	2.1625938767707438e-38
USP47	0.155485381312498	0.10969585097866347
NISCH	-0.2947965263923473	1.1703223274607606e-25
KCNJ5	-0.2166949350912162	0.07078225626780535
HSPD1	0.6903653200216858	7.80628832016232e-33
ZNF207	-0.15402517577109892	0.00012774473247459265
PHF8	0.2561335132393613	3.1197156225796807e-18
KRCC1	0.3172344891139996	0.014204688903651935
NAPEPLD	-0.2615660358169529	1.9254369379304294e-07
PILRA	-0.5162916547312667	1.5329830786498097e-16
RAB5IF	0.7431958757986321	2.661683838748062e-37
RBPMS	-0.15902196686332093	0.00048771099135576606
LIMA1	0.020074710989567052	0.5532021959716338
FPR2	-0.519003121190788	9.983413283886971e-05
CORO1B	0.07131531479155197	0.002721687831897072
C7orf26	-0.1706359562062276	2.510192132257439e-06
KLC4	-0.11392196741469374	0.0003262473891505096
SH3BP4	-0.08055508447942693	0.01661716079838645
CLDND1	-0.10499841247192798	0.009521117247876406
TMPO	0.20635980133254983	0.0041358935247830485
MAP3K20	-0.8685874132175251	2.8699097585208543e-55
ACOT11	0.344581438531185	3.466341618977081e-11
TAF3	0.18078751033626836	1.7076260121388267e-06
RAP2C	0.12018607678999779	0.013001892590011319
PARK7	0.014214449312971687	0.5701201301348966
SSX2IP	-0.12265778866904134	0.1765014994303505
EIF4G2	0.22453070681416673	1.1561300924464645e-26
ARHGEF10	-0.7208508234256628	1.9391443298147225e-56
ZC3H6	-0.0685763557377799	0.08744455071338895
CAPRIN1	0.7430557494732082	4.1184292830781255e-75
TCF7	-0.5247579491809878	4.996494690941237e-05
FERMT2	-1.0591064537433303	1.342536992829833e-78
ERMP1	-0.04731348871971036	0.252257249306319
RTL6	-0.0448451177904052	0.7921814101216355
MAPT	0.30989974300475714	0.3590828356624057
PYCARD	-0.3643642754371734	2.7383540707912906e-07
SAXO2	-0.9297486948634777	3.389520560873871e-19
S100A14	0.7160570094995162	3.6260257221882035e-14
SLC20A2	0.06651755723789368	0.1843999981075473
GANAB	0.3728420249884676	7.638673461222394e-14
EXD3	-0.3683120052616853	0.06975381817749007
ZNF395	-0.36327757166746555	2.7923172592639887e-09
SENP8	-0.41718728009462014	1.6432259894808184e-14
TRIM24	0.4137944249775112	8.273918528804804e-28
PPL	-0.7681302187434366	9.816760546422758e-30
ZNF14	0.7537994178738914	2.9092448574359246e-05
CDK13	1.0322831575976754	9.611853384852009e-52
LYPD1	1.4713896461302767	0.013856693080230539
IL6R	-0.05014074223202662	0.6349530103498865
SYDE2	-0.7299075548988101	9.6121844829851e-33
UBE3B	-0.14847294606828695	3.1163877105980894e-07
TMEM248	-0.03305664824506651	0.7292150630291344
ARMCX3	0.6083179739323593	1.0751434552854357e-27
MAOA	-0.36248037866725447	7.600303482674007e-07
GLS	0.30367147508556486	7.666406161872146e-05
EIF4EBP1	-0.1005875671874017	0.0029862635383756356
GIPC1	-0.007326600056581242	0.7802715148236136
INTS12	0.4622536454200509	1.3137895136840641e-52
BRI3BP	0.30325201527670703	1.7911881710792764e-08
SMG7	0.40113054907918344	3.194349016176441e-38
SNRNP35	0.3209347123504534	6.028054606167282e-09
CFAP65	-0.6103432321596354	1.003355403776768e-05
ZNF326	0.37512719148499085	1.546961986080792e-24
TRIM3	-0.48399542415689667	2.4008076509785383e-51
SP6	0.8186070892016004	2.5252203616028025e-06
GTF2F2	0.32224907281043397	8.738260516523521e-34
OSTF1	-0.1656121102754855	1.7437637171814625e-09
PVR	-0.0815410937024697	0.13072434452427187
RAD1	0.22284221216752925	7.822521749705531e-10
ASH2L	0.27317049203039423	9.833087678775151e-20
MIA3	0.5225393189460534	1.6448380767313961e-32
TRPC6	-0.4102972089041755	2.72183869494132e-05
ATP2B4	-0.5025048603828891	5.356178148352065e-05
CLDN18	-2.0444443329983253	2.450174496153603e-53
PTPN11	-0.06447356094658513	0.6118078729286835
TEX264	0.31722779508972704	1.2249279900269283e-15
SOWAHD	-0.26773994312231425	5.112988356310342e-08
SPAG8	-0.9937849936930887	0.0004368135539378768
LRRC25	-0.37729756229481504	2.0794270543431097e-15
SFN	1.013103052201396	2.0149270674589327e-42
SATB1	-0.4336881552937158	0.04944468635239501
XAF1	0.6376650254899755	0.00021474885700254143
WNT7B	-0.23375674088259893	0.09906363916449615
ACACB	-0.3698221909056744	4.706026278559744e-05
UGT2B15	0.31489871468361885	0.55383131529401
ARHGEF3	-0.034522813098817266	0.44723897305114524
CDC42	-0.0735822585617482	0.0023971117785077925
MRPL20	0.6260914352958575	2.4182470201573236e-38
NPR2	-0.4087364257621987	1.699236852657403e-05
SDSL	0.17438758867870846	0.0005416979774384357
SIGLEC1	-0.2296977175010381	2.3842550942678175e-07
PTN	-1.1161582718773517	4.547727703612315e-30
MTSS2	0.05002065893995215	0.18766687240180827
STAT5A	-0.3112421493065443	7.812946620539363e-23
H1-6	-0.2706195140849179	0.18933679474072282
CECR2	0.17013847041808047	0.24249861875520565
GSPT2	-0.04322850479706365	0.26088235228387263
TMEM130	0.20251082318571012	0.5359231651172909
HMGN3	0.16193395009398165	0.28841560708112535
TRADD	0.1950036199125202	1.1333419678281141e-10
JARID2	0.3895929833859798	6.6421041767505485e-06
TUBB4B	0.022897513561234206	0.6068621034065447
SRFBP1	0.5304670010018271	3.2755378897705996e-38
KLHL6	0.12648276428404176	0.07832856537245922
GGA1	-0.16816442743360313	1.1370183693636045e-11
TEKT1	-0.9494849902063117	5.46275510179756e-22
PCDH8	-0.2164367582150825	0.20610347802224968
DCAF5	0.16819772093717483	5.57794720979507e-06
ERGIC3	0.9632426321866934	6.247893832470522e-49
COBLL1	-0.6599335037122986	7.499700456799851e-18
RNF13	-0.4981334311859724	2.8644821997807764e-13
C6orf132	0.0029217743443848065	0.9450720585854187
SMC4	0.6006514910401315	1.145492947996226e-24
NR3C2	-0.34998133187240466	7.667864992878141e-06
ABHD12	0.061844317743331316	0.06270116036711004
P4HTM	0.19817419598641162	9.502849046089624e-07
SNTN	-1.1038781390989116	0.00011109239199637102
RANBP3	0.06581777733715256	0.001322120674154381
SYDE1	-0.49656833028544045	5.67175550959794e-31
SEPTIN6	0.19310886872365243	9.007062201820918e-08
ZNF34	0.6669085994698088	0.029295347398883585
SEC61G	-0.25619817745508633	1.9117123661019262e-08
SMAD4	-0.20022114811861083	1.948453161095568e-14
FAM111B	0.2029180244042919	0.005016484675763519
FAM114A2	0.06757240240974596	0.00830328634337409
C15orf48	0.8577052901256216	5.502687236833942e-16
TBCCD1	-0.16900525470844013	0.25008697655388806
THYN1	0.19377936389704348	1.2586427892632254e-06
NADK	0.0407050463250596	0.22075468674893314
DTNBP1	0.3917936895139887	4.2062484631788146e-40
CCDC15	0.15820469191872322	0.2884073566913135
DAP3	0.4920643337433588	9.346052573891405e-30
AKT1S1	0.05534611783729232	0.05975430736871145
NECAP1	0.10807376514492699	3.312658026350595e-05
SYNE2	0.07475074343156873	0.060534655352150406
ADIPOR1	0.2812845821855161	1.4742770851326488e-05
TCTEX1D4	-0.907879958032104	8.445361613633397e-19
PHF10	0.07483385120127048	0.014517359553942824
FPR3	-0.5514180789831917	0.004687694162727521
HNRNPA1	0.37550116806430456	6.7885169547819335e-15
MLPH	0.31624924813662303	0.00014885241696352563
GOLGB1	0.09581000984862409	0.028829141361182566
RIOK3	0.10834633197872072	0.0001576029418790572
CNTN6	-0.7348194013284637	1.2733472877623713e-07
RPS2	0.6017757795426424	3.41491251419721e-63
MYO1B	-0.6687961175313835	1.242037222956269e-46
RASAL3	-0.1700264239115633	1.8959798504101182e-06
PALM	-0.9696119090849055	1.2380727611777358e-54
ENG	-0.40524791900767054	4.369800549440881e-24
CAV3	-0.6665859835563244	0.019952545048372315
LRRC66	-0.5959929984027473	0.22287355389680152
LIN54	0.15227413237248916	8.797654844799893e-09
TP53BP2	-0.3294360722354608	5.785697792580704e-32
RSC1A1	-0.7872110957360614	3.315996944729169e-06
PBX3	-0.38847174970502746	3.517676285319331e-09
XRCC4	0.526452284373214	0.0048405379410690055
COX19	0.0756553082060724	0.010779537869763836
ZNF189	0.1180716809601687	0.04098546705765495
FBXO38	0.08246810382822477	0.017518696722810066
PRDX6	-0.4359256595206247	1.3448989497776955e-26
BPGM	-1.3311359190516328	1.7015708956604791e-56
PLAUR	0.15008323145171465	0.16400098619598974
CS	0.05869868182357491	0.06593426919234703
CTSB	0.6121079531300315	2.9387293077790204e-24
SLPI	-0.5376883721611938	6.128675717280734e-07
SPINT1	0.6902944895411984	9.504946499915781e-32
LMO7	-1.514206254521579	3.763997139550755e-41
HHIPL2	0.3130605197059207	0.2064632026246912
RNF6	0.29562604960652256	1.935907831043706e-05
NCCRP1	0.1266973883310038	0.3161697411798681
PDZK1	0.616886615964733	0.27096577450173737
TMEM167B	0.5800790007778025	1.9590913562902208e-29
NFIC	-0.10028985168668664	0.0010462420061980121
DMBT1	0.036520200146621606	0.7865140346953404
ABCA9	-0.8351874987674113	1.6843242416387114e-06
TRPV2	-0.6178375900393789	6.128148958742201e-38
NUP43	-0.04816380923631098	0.014804857749432136
SLC25A15	0.5519251208774287	2.894743229684955e-12
OAS2	0.11274281232910663	0.0547280488548079
TM7SF3	0.02125286066941165	0.7545870529851152
MED22	0.09645565871222449	5.818194829883624e-05
SNRPD2	0.5240168174770815	2.845552920248663e-62
MPRIP	-0.4067392536622303	4.987261756459638e-19
VRK2	0.24661149042973313	2.5413348046911018e-11
PTGES	1.0632999307948423	1.87564662230303e-18
DCBLD1	-0.013751640175569999	0.7680249149952515
BAZ1B	0.265564768752536	1.4226183193557383e-16
CLDN4	-0.13799613724364193	0.10151369468203643
PHKA1	0.6036761543311833	4.017768403817023e-31
ATP9A	0.5043499175528559	6.842782115847807e-18
PARVB	-0.9376504834279413	4.0336507315465115e-49
TSTD2	0.24936334172886881	0.005238948980123669
PYCR2	1.2528785579188484	4.5524714464441895e-50
CEP97	0.09041265033374951	0.0026191075494146772
C3orf33	-0.4563578542233213	9.907016331766961e-05
IFI6	0.18583148925795945	0.1676097434890164
IL4I1	0.9928754315149322	1.611556890095468e-32
ALDH6A1	0.029697155533704535	0.6013661851168598
ARHGAP44	-1.0225407448809962	8.880823312597658e-60
FAM221A	-0.05195745668880079	0.2867145228494881
FAM184A	-0.44868747684229765	2.6037409362640267e-08
TREM2	-0.9054518548543561	8.549928428351894e-19
EXT2	-0.0384464782334695	0.2639193503484531
RNF19A	0.8184680793723879	3.039410736834639e-07
EZHIP	-0.16249570921467044	0.39540337315840574
CD5	0.06817488852580027	0.2601581713174449
KRT77	-0.3358020593150539	0.3323450710605291
LY6H	0.5818978712498145	0.09845297954803328
IKZF1	0.46222109048041715	3.556345602263454e-05
RNF41	-0.00922793760649699	0.7546868493080089
PPM1G	0.6731446439680345	5.9755787677391825e-59
RPL28	0.5288352527095102	3.56739859963054e-36
PLD1	0.00140338506602692	0.96829985956461
PKP2	0.6622854587011878	1.9757688569551797e-10
USP9Y	-0.19463362501578096	0.056858823029007216
ABLIM2	-1.285511904757545	3.567039305167273e-25
ZNF292	0.27177109950928247	1.9367715857650734e-07
NOXA1	-0.34624587641660665	0.0001431032608863626
SERPINA6	-1.0832594888233507	8.770258443107963e-58
IKZF2	0.23867415739587394	4.733778676211148e-08
POLR2K	0.40199734853340885	2.1433400848419526e-27
NDUFV3	-0.6651417935348466	1.6382563515094427e-06
ADNP	0.35639352634573895	1.0229221374484181e-30
SRSF10	0.2438118070045996	6.314285325351585e-25
SDCBP2	0.3784721289438767	0.0008239551195125813
ATP6V0A1	0.09638123076507686	0.01116922631130848
SERINC1	-0.06052950167791413	0.1014224734278902
CLYBL	-0.11303909141706825	0.0262639974451333
B3GLCT	-0.16317861721473043	4.682168617137836e-06
ALKBH2	0.3458127321266865	0.0005753910717948659
SP100	-0.3243930302721779	2.1597570727646785e-16
ATP7A	0.11192271670701259	0.0035526146621322006
GNAI1	-0.7283800319787769	1.1292388219813914e-30
HM13	0.691481330734144	2.076399289961511e-36
POMT1	0.12869930919783956	0.051756454532537945
HMGB1	-0.07094227018478846	0.030607334769499308
METTL17	0.3482485027305202	1.5839766463669188e-11
RBM5	0.10608949902524868	1.4862147748931282e-08
PUS7L	0.29188363347087315	7.322544403234456e-09
CCDC157	-0.7036555545862907	0.006695613614482601
PRMT7	-0.12505471423026976	0.00048148491954113054
HIPK2	0.4126881276583913	0.010113994947523457
LAMTOR4	-0.08410651565018362	0.00729845436208717
ARID3B	-0.24940126798114207	0.02549060545054354
TRIM29	-0.2855202927909893	0.0050909331161360215
XIRP1	0.38965881335069597	3.458954178698797e-05
PARD6G	-0.07845647585016427	0.14605043599730327
EPB41L3	-0.015956584948359387	0.8739121820513766
PPCDC	-0.3308827642573676	1.0929216826956835e-19
TC2N	0.4907284257922515	1.853620135763438e-09
JAK1	-0.4034152791911491	1.4648488547055063e-39
NR3C1	-0.1984757975663747	2.280196561213708e-10
NSD1	0.12413719952997906	0.006781321515179839
KLHL7	0.035875441302448574	0.32749932839586304
FAM83G	0.2450853829002579	6.631869426411194e-05
CFAP77	-1.0560016365373301	4.0566470134158793e-14
LRRC41	0.20474776673596384	8.833341655609361e-09
ATG5	0.149300128211621	4.9497084301189793e-11
FXYD1	-1.254413904083909	1.5465451165873945e-25
MYL1	-1.3897797295566772	3.785261031968425e-09
PKN1	-0.24721140496766406	1.5136335150552952e-27
VMAC	-0.12101173783607266	0.03208707396339887
ANKFY1	-0.2538390231320593	4.400711685204423e-26
CCDC18	-0.09618661049250378	0.7668783953192428
ING4	0.030792465199894967	0.5241697519418583
TMPPE	-0.3143995392435897	1.1462761328539532e-10
CAST	-0.25426529276344917	0.10727709437712073
YIF1B	-0.19678368827511464	1.2007924872189023e-07
SERPINB4	0.10040778223200153	0.521033426156764
MASTL	0.6016373543526139	2.0167337302058844e-08
BCAP31	0.2953207982569672	1.7039232445864849e-09
MAP3K2	0.22972743462687847	5.611494390980294e-23
IKBIP	0.5077030748768607	1.816399754398781e-21
NBR1	0.0020737995323149554	0.9435123340931098
TCEA2	-0.2914962157938835	1.6148355578886901e-07
USP1	-0.3329765720215773	0.01013469334075977
USP7	0.18387472594655574	5.891634697666052e-16
TPD52L2	0.37467238894036414	2.4036874105860775e-26
ICMT	0.310957099639954	4.478027401203635e-09
ZCCHC17	0.34830409513586	1.582886788626782e-20
TPSAB1	-1.3886542101766073	1.355970038415954e-44
PRRC2C	0.4004644234810817	2.4164449883773584e-59
MEAK7	0.017516834466722364	0.647371057434964
MCCC2	0.19856145560661753	6.8784451420141045e-06
RPGR	-0.7214948679483526	4.7893087688836307e-48
DPYSL3	-0.06870582631635415	0.08106653092639889
KPNA1	0.059178330244826	0.00914434826141956
MAGEH1	-0.060985506907652656	0.46047531910832334
SNX10	-0.30680668595386795	3.2336215691951214e-09
ATR	0.13714051032884295	3.2606041958673555e-05
BROX	0.4183160346647977	7.013495886926235e-24
DICER1	0.16681288571605726	8.788158787227527e-11
CORO2A	-0.18354422138724022	0.001523272481453082
IYD	-0.11165218737376906	0.5319428436525121
SPRY1	0.218561648734043	0.0038180128782940503
CDK5RAP2	0.024790684200262536	0.3445189992108266
UGT1A10	0.9765579805017602	0.057979859847617256
MRRF	0.28286398386585676	6.892284677704127e-10
PPA2	0.29740202873907184	9.628896813472069e-12
CPTP	-0.1219006322168873	3.0795588913528734e-05
DUSP19	-0.29670873521741203	6.604730791707296e-08
PRELP	-1.2651111217471946	1.9566860266954902e-52
HEPH	-0.14046638243689177	0.009589461968330089
PPOX	0.0010640160953803868	0.9737026906669916
GAB2	-0.3446602659997047	1.3129000871493568e-24
PSPC1	0.29459067662191607	8.638995185386862e-19
TRIM14	-0.28651397287970315	4.529324889249379e-17
TEKT3	-0.8393628827769428	3.3542126055009612e-18
SIGLEC6	-0.3576644072904055	0.00010816355170356003
AUTS2	0.3245750523759059	3.726043967747945e-07
ZNF76	-0.18021699540400682	0.0010416245487537593
RTN3	-0.09792373062043937	0.031081115074868305
CDH5	-1.4017596823578984	2.3085964346795506e-88
POMGNT2	-0.4125119670658639	3.733746916556226e-18
PPP1R32	-1.0111692283463825	1.921877228664511e-18
SRSF10	0.8851952920136581	8.60556585583507e-13
CMTM5	-1.4399211784026922	0.0004870986002813395
ZNF136	0.048344115264736254	0.727517535771784
CLIC5	-2.1487918356011244	2.5623171191518793e-94
NUDT2	-0.08855987226555975	0.05495551554556348
RNASE1	0.20400622686208109	0.00910499287422095
MBNL2	0.027985108125096487	0.45461121762522577
C1orf162	-0.7612345797872777	1.0257719810576364e-09
PDPK1	-0.008636536375757349	0.6568254923532209
MBTPS1	0.2450838429928369	1.8889373294684502e-05
DUSP28	-0.5253494263603042	0.05148014137909513
ZMAT5	-0.12783373508633372	0.0050796093328628195
LRRC17	-0.042116815615207075	0.7289884423585496
DOK4	-0.2473434357526093	0.0006826684537200692
PTAR1	-0.011480879852387792	0.6724423926154813
FOCAD	0.21271296726321387	1.213233117433804e-12
OFD1	0.04780893381588745	0.15123166334336205
SLC23A2	-0.21035842865601836	0.0008625962845909825
DPM3	0.525640824542441	5.624921757769021e-26
ATF3	-0.13748707215444989	0.18724492946965515
MBOAT7	0.11284681809228411	0.008485817299270233
TSC2	0.0007228767708647721	0.9665668065667962
CLUAP1	-0.37513842571868017	3.9907078931198835e-18
FCF1	0.47534308834076056	9.294083461668736e-33
DNAJB13	-1.0638359897447294	7.319873192490393e-24
FGD6	0.2424450488105554	5.688495223075802e-10
CTNNB1	-0.1355292756125978	1.6771517243722136e-05
PROZ	-0.7492172570083759	1.878081419199462e-21
JPH1	-0.26233692865161395	0.0002089764627174735
TMEM201	0.40798438444324814	3.296074028267081e-17
H1-0	-0.5353624908001429	2.573970514482297e-09
TAF6	0.024258561085736444	0.1639044068862921
IKZF3	0.14538352455566914	0.0016306007849936648
ARID1B	0.02246929060922779	0.24171035155779397
PTMA	0.5462255927812567	1.9200732781203823e-39
CARD14	0.3259107674772531	0.14533093727843818
CORO6	-0.8918051432457303	6.409233097874502e-08
FIBP	-0.19288016799146704	9.347683991679798e-18
APOL3	-0.5208500048554867	2.4977959667705228e-18
SLC37A1	0.9314834280206328	3.7490594100638164e-25
CEP83	-0.5525507543534636	3.3926176200282023e-26
GLB1L2	-0.09155606357609326	0.15714990005067325
NF2	-0.18544921268696204	6.956627110267701e-16
NHSL1	-0.2916825369482541	1.1689485928050516e-14
CDK5RAP3	0.16154442849664746	8.01335092662026e-11
TOX2	-0.6500187169531488	6.919031992111835e-18
STAMBP	0.03722449003854504	0.08788231729813217
ZNF12	0.16330765865164318	0.023066843795537664
ECM2	-0.16740776901498938	0.002892499649584047
RHBDD1	-0.35336236969581547	2.0713204033981594e-11
NFASC	-0.4556626555085135	0.00014933046412340427
MOCS1	-0.8420422081461277	3.6897400016586137e-50
RET	-0.018366155143335894	0.9641667883122707
S100A13	0.38464753937917995	4.162840808956873e-09
QPCT	-0.12863677033272766	0.07903401503970865
SLC25A40	0.1909233845263577	4.82053143336448e-06
HAVCR1	1.0086433075697818	0.02297667585558928
PLEC	-0.12599676331919382	0.11453833964901007
FBXL14	-0.7190305655516649	3.9858467682759306e-06
SEPTIN7	-0.33475473921128646	1.22747007551146e-40
GUCY1A2	-1.041506354929704	1.4273673598325562e-69
MAFK	-0.2000761200377719	0.003535356627089974
DPY19L3	-0.14107627443477186	0.0139346545781884
UNC119B	-0.08346449593315744	0.001468374887293801
KAT5	-0.07965631858813699	0.01853383554816103
DALRD3	-0.199650817331791	0.0008483600173678255
FBLN5	-0.8421808300615059	3.3005968856588667e-29
FAM47A	0.2857428948797701	0.0002388371627464895
PRICKLE1	-0.8024715168664286	8.766771598935503e-20
CSRP1	-0.7867538519044017	8.993590345093363e-42
MAP2K3	-0.08294261347789231	0.0028563775349835655
PEAK3	-0.24046106965047856	0.008588314084821965
C2orf88	-0.7930041898394101	2.506389182780948e-18
CDC42BPG	-0.15508131277575943	6.076703791200906e-05
RCBTB2	-0.4877197758856691	3.344448878643218e-26
RPL14	-0.09454728229882	0.026674863192784427
APOD	-0.9074178973436909	3.882201181288971e-37
UBQLN2	-0.04295052711275091	0.1425671578342264
RBPJ	0.1570701591406628	5.282990770455319e-10
USP54	0.03129064471083106	0.3731862858609027
SIGLEC10	-0.11224443408614782	0.08326449503870757
EPB41	-1.1313591277367125	1.0635828334067038e-46
SCOC	0.2642902082057864	4.749919736271173e-11
ZDHHC3	0.15281840246158804	0.0003385988291580859
MGAT3	-0.4553933034057182	0.0013983749865953158
DUSP22	-0.028980479301520912	0.7320241534734852
GPT2	0.378587143225423	3.3032349752746525e-05
NDRG3	0.07374619371656048	0.0020486183720865247
UBTF	0.17256966029240192	1.811858556714776e-05
TAF1C	-0.1335569029611087	0.1309999094637716
UBAP2L	0.16716877170051447	0.0011709220402325315
ZSCAN31	0.25600734904863487	0.00013271553292258195
PTGES2	0.24604514870806343	1.5045873613529865e-14
CTSL	-0.20769161558769084	1.7333001811460267e-08
MCRS1	0.2055875918101966	8.730663615893729e-16
PODXL2	0.5388660786145021	6.107843374648532e-05
MAFF	-0.1739847293375057	0.0011575036105126414
ACLY	-0.07666844557035056	0.15394167252861557
CPSF7	0.371238805292912	5.720786731030089e-37
MAP4K3	-0.012110137550066808	0.6374701447173866
SAMM50	0.20111264531117407	1.33538522738647e-09
NHLRC1	-0.5807880708661519	9.960034722059639e-09
PCDHB13	0.2074270370873479	0.45343495691816127
SH2B3	-0.4654880791478671	7.020803409797441e-06
PLSCR1	0.15257661479236678	0.0032855910780689385
SLC35F6	0.2442796067094029	1.5186841005385523e-07
DNAJB12	0.12007858658571553	0.0004752093368041815
VAPA	-0.032579418971181474	0.6670600136246501
SHBG	-0.9196205745529944	2.5205948442869937e-29
DNM1	-0.03511347611729506	0.49888831413669543
RAB5C	-0.17304595091755426	1.3328243583508141e-11
RELN	-0.4895824604619162	4.95993357453059e-10
DLGAP4	0.34043861388040975	6.639404778439303e-27
TOR1A	0.008355370254375306	0.747201475554569
DNMT1	0.5016490890117891	8.182827243796384e-34
MTMR2	-0.3371988575993469	5.986920698119014e-32
TEAD3	-0.009510306712674676	0.7693883547899588
BEND7	-0.3684784790550882	9.032097813994365e-05
ZC3H7B	0.14502666947281473	4.4077797084504553e-17
ARHGAP12	0.28833463269702597	5.63263183673285e-17
ANP32B	0.36831375402429267	1.63883482516312e-22
DUSP9	0.11886991017438864	0.7380634040040032
TJP2	-1.0248644031477858	1.3803750043081244e-08
NUP50	0.22773846524929378	2.2478275950295272e-21
LYAR	0.19321043351585168	3.845158108738237e-07
BCOR	-0.004389191615201661	0.8779038170245745
RPS21	0.5464660634675786	1.3953181350563539e-61
PGLYRP2	-0.7708836207282761	1.290352501485255e-44
FYB2	-0.6706079640698875	1.0599452372220908e-05
TRAF3IP2	-0.18104044988261292	8.667417226735704e-05
RPL3	0.3586525437820024	9.850157792216805e-15
RPL36AL	0.39658629764020503	3.944095105661527e-07
RPL27A	0.5306787173597549	4.451911242285465e-25
CALCB	0.8563360383513894	0.15053124042717272
RPL9	0.657487422720463	1.8727138152978545e-53
RPL21	0.4411496496951377	4.6483679515605146e-29
RPLP1	0.5252492534809114	6.103955193522465e-51
RPS3A	0.5553056816190738	1.2382599376030533e-56
RPL7L1	0.41377726452898633	3.059017939676862e-19
RPSA	0.18548709189277673	8.644513591713832e-28
RPL22L1	0.4909984486168203	2.254015047988045e-08
RPL22	0.17244122987128038	1.5378491149138134e-06
GPX4	0.1709313527793821	5.954733699763666e-06
SELENON	0.11000517580816385	0.0028240146254530666
DDX21	0.8148539572609619	1.195143679975519e-37
SVIP	-0.3255100211745075	3.5957045988410306e-12
TBC1D20	-0.08974028983535559	0.009499316168465747
DPAGT1	0.26359356731249717	3.49805959088625e-07
PRKAA1	-0.028773053391827556	0.19146276584855212
MAGI2	-0.6886708867270285	3.0569652863230577e-19
UCKL1	0.08019313669513713	5.5725240931576494e-05
NDUFV3	0.07171858744246332	0.05081615168580897
TAP1	0.10893815548366778	0.03446548607936164
SMARCAD1	0.8307369570498171	1.3594451565027596e-05
DDX46	-0.3865534383375499	1.4919646345784411e-13
FBXO2	0.1543724348018433	0.03633863176062916
AP2A1	-0.03591423349445885	0.08316171198310368
BPIFA1	0.08281129479313964	0.6120771255108816
PPTC7	-0.038879053875027415	0.36435760111388377
S100A4	-0.9543872034540488	4.070060130781653e-40
CRKL	-0.1681465619173034	5.588116834679561e-17
GNAS	-0.40334524249907183	3.345418569359903e-33
NRDE2	-0.05063918127763698	0.03530675856884154
COPS8	-0.28010698351620444	3.121653353176178e-31
MUTYH	1.0798437869537607	7.331502718115029e-16
MYPN	-0.21285661173511955	0.13944779738018293
MEF2A	-0.5306612023650308	9.09707302028935e-14
RNH1	-0.31839453438266874	3.5947087625827676e-29
ELP5	-0.2216610887065616	4.75112080161996e-14
ATG7	-0.15480956698153542	3.149312467559984e-08
TCF4	-0.49050995100589057	3.241687127239182e-16
IPO4	0.5854631633703891	9.309771581318384e-33
WDR91	-0.2595412788866035	5.472716994601917e-21
ADAMTSL2	-0.06461156442515512	0.2637041818129946
DDRGK1	0.2607721903350214	5.508494607872334e-15
RTN3	-0.020378308126565107	0.6228625730632292
MFF	-0.5732182254644571	3.7215724921602146e-05
PDGFA	-0.02289970766252805	0.8498485182085618
RMDN2	-0.3213830325151493	3.634229426750484e-08
ANXA6	-0.3789780244927177	1.8400862762582848e-29
COL13A1	-1.0286272660330886	4.698729855769575e-20
MAP7	0.6939316118242703	1.4532998127272665e-30
MED23	0.28322421634036754	2.7809053795838516e-36
ITPR1	-0.4254927332606811	1.8789983225516041e-29
STYX	-0.09501555792025324	0.06607156582150012
PLEC	-0.20833147504209215	0.033702432794593506
ZBTB45	-0.15209308384087644	0.0016204707454691477
TYW5	0.22318996202699173	1.8184193864214215e-10
THRAP3	0.4637005134742853	8.257649808233289e-56
ERO1B	0.5498490730170799	5.6741909912700225e-14
HKDC1	0.6328000514397097	1.2525050232519571e-08
STK31	-0.20890904221211792	0.3999528437083678
WNK3	0.6179973722033415	0.04039719787652323
FYN	-0.7694750757903537	3.6685100219730197e-47
HNRNPA2B1	0.1574932943699418	1.0060084576759922e-17
BMF	-0.014762395158652616	0.8610003718509791
PES1	0.5543158734204603	3.8674767100504196e-48
ACAP3	-0.1292079460616784	0.016203033718444518
SND1	0.45285312013392043	2.13295529578228e-56
TTC3	0.583312514726499	5.4496521059552925e-17
PGAP1	-0.4533655438717473	4.162737062210751e-11
ALDH9A1	-0.16961516840210172	2.367694672300592e-06
WLS	0.20060638017362803	0.001764937697166395
FN1	0.5260270577703687	0.0022167300121916198
BPNT1	0.29452456794121784	1.0299267223738211e-07
FAR1	-0.10044562991151514	0.002398110097962706
NKX2-1	0.3545250911611489	5.4406293670404656e-08
GABPA	-0.08899075415866628	4.9552769490422e-05
FMO1	-0.12299683199950806	0.13594848213759503
CD46	0.41041838294431254	3.071675167502965e-14
NAA80	-0.2651253308677187	3.0102261268304874e-08
C6orf120	-0.1048105028139858	0.016941023775550342
RABL2B	-0.19965091698149415	0.0040983250672315995
TMEM205	0.1272541150428546	0.009009184180011995
SLC38A6	-0.6340553756000105	0.0058523814950291655
LSR	0.5140506744000386	7.262607697306418e-24
WAC	0.16924261340113086	1.8167285761073466e-14
ANAPC13	-0.371791395369543	1.6025827133520813e-17
SCARA5	-0.9141557616777196	1.3367176515709522e-29
SUV39H2	0.9966334937756434	2.3204410101684724e-26
PITX2	2.1052358654868737	0.025528114302998204
LUC7L2	0.32566773521897563	9.920248319166536e-23
PIP4K2C	0.4010661486946112	8.058518973213174e-25
PLSCR4	-0.8947544792207469	2.100512387316994e-43
FMOD	-0.349305798527752	8.310409711184598e-08
ZNF649	0.19156842655115414	0.16831481394393752
PLEC	-0.309694857436279	4.283044743026399e-09
PDE5A	-1.083888899569299	4.588915445092092e-72
MYL4	-1.234148952503456	5.258296393088601e-50
KIF16B	-0.007822609466048056	0.8019493791594151
ENTPD6	0.18265890738223986	0.009917593139481156
LARGE1	-0.3575651005231752	0.0002046467815199211
SEMA4A	0.06244066081373057	0.21746771311078844
TSGA10	-1.0981839455054037	3.7694784701396904e-28
NUMB	-0.1731040464142137	1.7202942472371723e-15
NEIL1	-0.4130106670205304	4.739559063704744e-11
HTT	0.09877798183326059	2.0685011761631056e-05
KCTD6	-0.1888899685132642	0.005845321241207232
C5AR1	-0.25862844008903046	1.7422440306181086e-05
SRGAP1	-0.3677665893627684	5.392345834875386e-21
GPAA1	0.33900912760403157	1.2869558832929601e-14
ENTPD2	-0.08526479980871379	0.6549359134245257
BLM	0.5647225344250973	4.7947515187970264e-08
ZNF565	0.006286327382216503	0.9642498128652983
LIMS2	-1.1208119771392355	3.374183100741069e-75
ITSN2	-0.07661383068159963	0.00039850220464133286
CD99L2	-0.5128775528029936	2.050387245038185e-34
MRPL52	0.1673096597932403	0.0013391587397797893
EYA4	-0.8803634933775939	2.721344855586354e-05
SPART	-0.2619091678203972	2.0476862050791463e-18
C6orf89	0.12470408791151028	0.019429291165087924
POLR3H	0.08934763003822488	0.08038710799574905
TBC1D9B	0.11935592331487538	3.6568509636851893e-07
OCLN	-0.15710685477303937	0.005091328405884011
AP3M1	-0.03913358647423877	0.018252158101795285
KEL	-1.508156446302332	8.543123382341014e-43
MINK1	-0.5136311210830397	1.236037893069881e-35
TDRD7	-0.01851674296154246	0.4458475956377406
DNAJA3	0.6189902734414439	1.7679596151404054e-14
GMPR2	-0.09934293320444883	0.0005053109877812701
ANO1	-0.40451534060260197	8.782533021659048e-11
GIT2	-0.10704127582343609	1.9919597008972896e-07
THSD4	-0.16717699230780764	0.00805763570112957
WARS1	-0.2962334817415708	1.724027386008458e-06
ZFYVE19	0.3036233770222505	1.9331159144990762e-16
ITGB1BP1	0.027820816958705842	0.501537082497171
MYH7	-0.7084092700258164	0.0022790816333941484
MIER1	0.06615167241610086	0.002704306313283436
SHTN1	0.16894865064239542	5.631998184677648e-07
SYT17	-0.07949513879171458	0.1418429430620324
SCAMP3	-0.20877828671512952	0.09067535589012377
RNF220	0.17159001343416808	9.841159459683585e-11
CCDC69	-0.5132669909084876	1.7177090006880064e-19
GFRA1	-0.692671484394541	7.24225478447051e-09
EFEMP1	-0.38483534820474363	2.018112991165354e-14
ARID4A	-0.17483804218084756	2.894992232769371e-14
CSF2RA	-0.21338188503811711	0.0030566766817481583
NUDCD3	0.20180532512153615	1.4936198435472114e-09
ZNF512	-0.06610191315301472	0.2577279596101196
P3H4	0.8352359623059267	5.591676737048971e-32
RIC8B	-0.20385160187418722	7.485714454010096e-05
COL18A1	-0.8648880067370954	1.0590616491609042e-60
RGS6	-0.6537719362599994	0.0015634147997644985
OPHN1	-0.3560729181786133	1.4857142945553694e-12
FCAR	-0.5128892407504072	6.021358358788579e-09
DHCR7	-0.07858393764543657	0.2016457704360407
TBCD	0.14583688907434542	1.0239672473087996e-07
ZNF536	2.3036589252309785	6.734306101624027e-05
TPRA1	-0.31942432904634543	0.013990746037046004
ZNF140	0.3524129748011402	0.07280108324951562
CLK2	0.014333820083924698	0.736732037019214
NEK5	-0.27176095749894874	0.08743693205221977
SYNJ2	0.24715702766776348	6.7522005680309695e-15
ANKRD35	-0.22914360850929427	1.189651796546928e-06
FBXL3	-0.20775748931854798	2.0115887707706415e-05
UBE2H	0.048687881800783754	0.1684587166659656
RAB11FIP2	-0.5428190552670014	8.479144054084512e-38
TASOR	0.7013962420849036	1.6755672833413913e-10
MRTFA	0.014285458877417008	0.5947524629449205
SORBS2	-0.3589491583138404	8.396496661590211e-16
XIAP	0.33094505865953916	2.804969763253286e-26
VAT1	-0.5752194097587049	5.082659054762277e-56
DNM2	-0.12023662395046317	2.0653910105367382e-07
MBD6	-0.24067422813871242	0.09742141676776157
PRMT2	-0.24280512155680517	3.2277690278794908e-15
STRN3	0.03378619495263773	0.48004610843530365
TTC30A	-0.3047097981097595	9.42356444651366e-09
COA4	0.517439333298689	3.0378772462127924e-21
SFXN4	0.08922451848326612	0.06390541647938365
ADAMTS13	-0.7983126320854057	6.788809534837448e-05
PCNX3	-0.12411626976314158	0.07484120023361784
TNFRSF14	-0.3374426577398253	2.648977219164343e-14
NDUFA5	0.21639508378861022	1.6800980534998959e-10
ZC3H7A	0.18912106238142268	1.3070034007522931e-20
PRPF39	0.06232758633726364	7.545213750676403e-05
SLC17A5	0.10029563561348459	0.05923612433056045
LRRC20	0.19686159742345274	2.7887293559810367e-05
MXRA7	-0.4303226221753599	2.886393161303014e-12
SERPINA1	-1.0891406301819186	3.136658398141721e-47
MIB2	-0.10952546088191925	4.4615682909830135e-07
DIAPH2	-0.4973118476278101	4.260272785884234e-30
ERCC6	-0.027166932332904965	0.41159855080398167
HNRNPAB	0.6404212720119176	6.382581347787819e-47
PDLIM7	-0.4705830763069781	1.1946882650611784e-22
ADD1	-1.0757782595478682	8.552741912780955e-35
C1D	0.09922002611505952	0.08123548726168366
KHDRBS3	0.22970069235703283	0.0003868145847897176
DBI	-0.2802183163186811	4.890644905464407e-12
MLF1	-0.8199094025375882	4.8020482546882954e-17
PLS3	0.026471292979242184	0.6093729538553602
GTF2E2	0.5982091865413883	5.113056177600568e-52
HP	-0.8853979044675835	4.73965973836311e-16
PRELID3B	-0.3482860887471798	3.5650566754279195e-05
SLC25A46	-0.06415713666683948	0.08012563585330527
STX16	-0.18445616619438354	0.014882271788980356
TAT	0.3987740839231386	0.3125756087426957
ZGPAT	-0.2750982509137404	1.7011725855132255e-08
MBP	-0.10194772476009975	0.0016891956575955343
TCF7L2	-0.15612277581661038	0.01942195121480095
STK39	0.5538852719776898	8.049312156114274e-21
LCOR	0.5193243220299346	4.327593055121395e-11
TRIM13	-0.16154598279698848	6.281579373034755e-05
SIRPA	-0.5570089566392216	2.8188472659074836e-25
MMP23B	-0.5570754482094659	3.0840177861008466e-18
MYO9A	-0.4025298396421905	5.444732201893192e-38
ARFIP1	0.3534189830931098	1.6951610395402747e-12
TCF4	-0.5296075764414887	5.316637133591516e-24
CYP20A1	-0.18718259685508204	7.1387151954211786e-09
ADD3	0.35012810622927126	5.862787385591538e-07
LAMB3	-0.1323176208828404	0.06916389612181295
NCDN	0.11678459845308722	1.0188616316738e-05
NPEPL1	-0.18897653126550717	1.4725935430876824e-06
EPB41	-0.9246325617764775	6.734591804917829e-34
TJP1	-0.8356724333115595	2.1728106545324734e-67
ACSL5	0.2145668596773747	0.0036149245409337586
PSMD12	0.17622780291914847	2.544396096177822e-15
UVRAG	-0.19965708191962822	2.956789101788661e-21
RAC1	-0.010220843960292401	0.7273418573964815
SH3YL1	-0.14964673245408855	0.008055199805947476
FBRS	0.23567908414270297	3.815541258081631e-06
NF1	-0.053731413304393766	0.030496531578339776
CDCA7L	1.0082541631130335	3.604241041822433e-18
RBM38	-0.2975451651485589	6.283131122267585e-05
FRMD6	0.05283971894806379	0.31031761429953
CDC16	0.01816839996269875	0.31584491595105646
CDAN1	-0.029392206120715306	0.5025465896432623
UBA5	0.11477220331255403	4.561563445958316e-06
AKAP9	0.11793697831579908	1.4876158648624723e-07
RANGAP1	0.3459236038995195	8.486628316726464e-42
G3BP1	0.3374973556229425	2.6642769541771304e-40
CACNA2D1	-0.43067601962855495	4.395369679228009e-16
MED24	0.1710944308429182	7.847444326931909e-15
SMOC2	0.41022594527580225	9.818972191296554e-07
RBCK1	-0.0007679039339921062	0.971787280554568
NUMB	-0.5183603522851087	1.3359261257031059e-12
NCAPG2	0.1950478969571758	9.251427107386137e-05
SPACA9	-0.8403805617171345	2.1063570050317417e-17
GALNT6	0.7230229474464799	2.379132496632351e-12
PAK1	0.4360975040426015	1.6361255861481654e-31
PLEC	0.0670534081606024	0.7536891022143493
KPNA5	-0.36776411485107313	0.0019316508918292494
UPF2	0.08575365399302395	1.521229859857191e-07
PICALM	-0.0715220862136827	0.0003677061570923927
PUS7	0.5305837109733635	1.1773431969761403e-33
BTN3A2	-0.5706722486729275	1.7296317982475455e-14
ORAI2	0.12289852950910338	0.10175382649524427
SPRED2	-0.1915375928051658	0.018626183052241636
CCDC151	-0.7404477757786128	1.466984097775526e-18
LSS	-0.3867791884476538	2.3154830429841893e-25
ARIH2	0.11909535312046907	3.14327112808331e-07
PITPNM1	0.21614162001838066	9.361702515669926e-12
ACOX3	-0.09027701412950835	0.07591695101215803
RAB19	0.4501391697069693	1.3859438847355952e-16
IGBP1	0.25392922763618647	3.29973987686989e-20
RAP1A	-0.5384967462101178	2.707112913521141e-44
ATF7IP2	-1.6354254518697573	1.9140391370764834e-08
PTPRD	-0.949043601076482	3.159222255515395e-35
TBC1D7	-0.020296876782025054	0.5164408378742311
HYLS1	-0.6170039128265303	0.00021656870729666543
SEMA4D	0.12250963220459007	0.0006506274856397815
ARHGEF26	-1.1720568347730358	1.5206858433678419e-72
EML6	0.056883374716559354	0.6331122177646874
RPS26	0.6997935661991947	6.625478319315577e-50
FAM168A	0.30063100008759697	1.2226351841644723e-17
STOML2	0.34435732605286096	5.2226008939595085e-14
PIGR	0.11664922796501331	0.32215063808274963
PLD3	-0.33263916652917264	8.983065651201795e-09
CBWD1	-0.08745201973502606	0.4767222558086416
SAA1	-0.7794158038318654	6.101157850146652e-06
CCDC25	0.23398394768153633	2.684472591336312e-14
MAN1A2	0.15531229323947082	6.195236609178311e-06
DYNC1H1	-0.015370749250855013	0.3930294670181743
MEGF6	0.07471817051499302	0.15887747211859463
SON	0.3267062135862822	4.836112363140442e-44
SPATA7	-0.34237373357501005	0.008708004296184842
ADGRG2	-0.29562428124680284	0.06470668877676727
PEX14	0.08032422061909977	0.09291201843338928
ABCC11	-0.09951590333627039	0.6874496382507124
KDM1A	0.19688487644754876	8.486030989103972e-18
GANAB	0.15116538193189133	1.5337607287145214e-14
SESN1	-0.8358512874888224	1.2592752817918528e-09
ATN1	0.1401709878239204	1.5343847632982808e-05
FDPS	0.009477501998938617	0.8043056383057305
SEPTIN10	-0.752051209782657	1.190720267620705e-55
PPP4R2	0.40865525043878625	8.734220842242623e-53
ATP5F1C	0.1208091982908719	0.0005918367155050013
SIAH1	0.0970566070402652	0.03480002144224169
SLC39A8	-0.9074692078252933	3.566503199071852e-45
CRB3	-0.5026819746073113	1.2680872761846765e-05
PIK3R4	-0.06048293213531626	8.452875001605408e-05
PCYT1B	-0.3334788677751699	0.137211507587097
CCDC88B	-0.2679283754264109	3.013724769080349e-14
EDRF1	0.10207306440615263	0.02713294639239969
ITGAL	-0.40554690605770893	5.156722762557515e-16
SPTBN1	-1.0261541333489528	5.434557572370386e-78
HBM	-1.5352312274705062	9.639742087570752e-40
PPP1R26	1.3002186573014045	0.0005818226962581171
GOLGA4	-0.4800388229048772	0.009752500131875912
NHEJ1	-0.37437701295847825	2.3087832216795194e-24
CACNA2D1	-0.7264150241061024	0.07136708800317466
TNPO2	0.06939949085935909	0.008169102415861969
TNFRSF10C	0.27045039922454894	0.007403507446838875
FIGNL1	0.4602223338763277	3.130975932366256e-07
C12orf29	0.2169597121740375	2.4704070517912885e-10
SASH3	-0.06019886675089554	0.10543620250193544
CREM	-0.7093844667970263	3.05406211828707e-05
LIG4	0.044043796917305436	0.07519989122419636
ABCD4	0.2704990064523123	1.8865392403336614e-07
RAB18	0.2426689225521606	2.08090492242776e-13
ADAM15	0.12724098315074048	0.006181595964918083
IGF2R	0.21766161764869807	7.62008264455061e-10
CLCC1	0.07858997915687209	0.03977077593625747
PICK1	0.28246016507895355	5.122635795570385e-12
SCRIB	0.3014426921247217	2.468953471899064e-17
MFNG	-0.9853959517656138	1.5319400254291952e-22
ADPRH	-0.6103375368535364	1.3366544539861004e-45
ZBTB14	0.03690635119466264	0.1667466620874345
CAVIN1	-2.0330080760914018	5.362461342860596e-93
PEX2	0.04187756984073607	0.38850044282099355
RASSF1	-0.13205337251572752	0.013526389825613284
CFAP43	-0.8397626656538406	3.840522840931335e-05
MOB3A	0.010808865009109523	0.7305940328421155
DCTD	0.3921580713331515	7.88298667154684e-25
PRODH	0.1903793317778338	0.03971087001396443
AGTPBP1	-0.44637632774361446	7.286978311905052e-50
ATP2A1	-0.5230220707115077	0.0047101811262252125
ADIPOR2	0.4265204733218556	0.39242033574752366
XPNPEP3	0.22334213881648995	3.308677432659491e-08
VPS13B	0.06800811464575433	0.011597583618439407
GM2A	-0.08210457085548414	0.20283894707947892
ZDHHC9	0.07006183897642806	0.40581486562321156
CEPT1	-0.06521337980850016	0.10819219968641768
TOP3B	-0.07706952898566038	1.5032705398599867e-05
ZMYM6	-0.5717149738278293	2.0038689891331146e-07
SFPQ	0.3896252235045037	2.357178101401296e-53
DCHS2	0.17214053785496905	0.15212752483503034
CDC42SE1	0.36781456864630124	2.2646438572792538e-10
TBC1D8B	0.27897099954055105	6.93600765104549e-09
RC3H2	0.0026433384528755516	0.941195336300895
FKBP5	0.15511589968878475	0.0004704114940607194
SMARCAL1	0.04092704083979963	0.08442091270934768
PRRC2B	0.28306344905628755	2.9583708577526703e-27
GFPT1	0.8633673472805257	2.1286389807555403e-59
APAF1	-0.09720966011659696	5.9470516464886406e-05
SRPK2	0.363156621608485	4.1457667393042227e-32
ATP13A1	0.431338340368593	2.295935357054971e-24
HDGF	0.49994886116562887	1.0472435188515615e-36
ZNF248	0.14759520969371565	0.5822448529088667
GET3	-0.13970545800488582	1.4807426455273476e-09
MYCBP2	0.008925677389232868	0.6665981863137335
FAS	-0.23020728315954436	1.1648339705349348e-05
ADGRE5	0.4423560945051121	0.034067641758249924
LAGE3	0.3002883601447499	6.4216629825226626e-15
RPRD1A	0.04467351855568158	0.1969364608067799
CCRL2	-0.8874073534907213	2.8451989246268503e-29
MVP	0.3639175047984837	1.4053737214715866e-14
USP33	0.175073996085782	1.6864318280954658e-06
C7orf50	0.3338548187627034	3.043975029965309e-12
ACSL3	0.2382399472869125	1.2051592441781933e-10
SLC29A2	0.11271428603139688	0.5410087448485855
MOV10	0.46590162390559314	2.6450880677335277e-31
FRMD4A	-0.483121755536552	2.3137792132712746e-28
HOMEZ	-0.00709623906749883	0.892192691664532
SSBP3	0.01715661241632406	0.7261372336768293
STRN3	0.11874638223249268	4.152270169702392e-06
ARPIN	0.3335081669665924	0.016887475901341514
ZNF451	0.2324315643500206	1.4099470545567186e-15
HNRNPA1L2	0.6764579033941047	4.038165777761804e-18
QRICH1	0.008217405634307683	0.6803193441156526
POP5	-0.1386782357791451	0.0015365291233015554
ZNF74	0.11527686690165903	0.2385739663672527
TOR4A	0.025271100335729782	0.44888848302128465
PLN	-0.2307453434857307	0.25767218377322215
RIMKLB	-0.2414522511223764	0.055946679107480995
DHRS9	-0.23448845184871056	0.002170658799307437
FXR1	0.32186879855544653	2.4677523579060704e-23
WDR7	-0.2345411843915054	2.259396118782083e-27
ALDH5A1	0.08854755778510522	0.1152391698267375
MAP3K6	-0.21719125570408893	3.419535029428055e-14
AP1B1	-0.0071773141118365025	0.8771106192935385
IPO5	0.28053811721952404	1.1307566124481107e-17
POT1	-0.2471162085691418	4.337847389970765e-17
FAM219B	-0.11501431872757148	0.29281107475065643
PIGN	0.03426176805614752	0.4738429922966951
ENPP3	0.20560731702072138	0.048922171593709894
DENND2D	0.060037132969314205	0.7000430885653082
BRPF3	0.02263544524356558	0.5443025813842337
PLEC	-0.2969920962224335	2.5406527372713626e-14
SLC30A7	-0.21663976484396594	0.004675343930083286
BRCA1	0.9904089286842924	3.829409780286766e-16
DLG1	-0.01635994616956647	0.5802579926613671
ATP2B4	-0.3557047685575482	1.5228760402618256e-13
ASB13	-0.37373415742705063	0.020664714218661645
SAP130	0.03694530434126416	0.07462751648167126
GRM7	1.014849532615328	1.201227498100232e-21
DCLRE1C	0.652980008702633	1.333547642442412e-11
TRMT1	0.20763764572606808	6.160920019602007e-16
ETFBKMT	-0.6414324648040268	0.0008120642994157556
CREB5	0.00604149861909857	0.9355881363839671
NEGR1	-1.141704884240635	4.784588206355354e-42
RTN4	-1.4358691242787385	2.9539144067975564e-24
MAFG	-0.25822899511408676	0.0005833290484318805
MCTP2	0.4182162783195682	2.3180541575144926e-14
GOLGA7	-0.03807722580628971	0.297141729356221
CHM	0.061651745936134525	0.006007709159200453
HYAL2	-0.6922689597461499	7.612436156477178e-32
HHLA2	-0.062463071161047955	0.702238697849935
CDK11A	0.13228440074076261	0.03208956712530281
APOA4	-0.9859261352840754	1.225996743127875e-35
NRP2	-0.05263460570560488	0.25045962556390783
NAT9	-0.07248536203355488	0.37209078638432885
PRIM1	0.38256153444298435	1.0538605214899074e-12
COPS5	-0.1476904135568763	2.177757456549894e-19
G3BP2	0.26328613416900537	0.03757938743034994
STMN1	0.38110024494672057	4.047372174924005e-12
FN1	-0.5760169145722331	2.249155205593763e-15
ZBTB44	-0.09159715567055497	0.1579265613312913
DDC	0.16524634761578394	0.17063704877822183
MAPKAPK3	0.10167295045670777	0.0011583409235181785
TPM1	-1.3792284304983997	3.525146918384164e-46
FAM3B	0.1745493191330719	0.04487082594938179
ANKLE2	0.15040517049754887	1.1708175201365211e-08
CCDC32	0.22494010121727176	8.561725129069494e-10
DDX47	0.4417650089647643	1.4624872434883463e-28
AIMP1	0.39154924108108824	1.3713924586217737e-56
C1orf109	-0.38263532219569746	5.412845017292005e-13
RAD23B	0.038163166093517	0.07037771695967873
TUSC1	0.08630339137616774	0.3074339419018699
STX16	-0.21924216107859473	0.02591016528943123
GMFB	0.006184823318633043	0.813049561364287
DAPK1	-0.3229208837594389	6.458949419138501e-24
AKAP9	0.2759908493620994	2.6226122878072744e-06
HMGN5	-0.14495242509075013	0.014955401238781883
S1PR3	-0.32624695475015997	0.042400803778671024
GRAMD1C	-0.6376750234762726	1.246871997590711e-10
SPTAN1	-1.2761281562498759	5.070620080055942e-50
CD46	0.25394040191585365	3.1159531296895385e-05
SERPINH1	0.822241713859877	2.534254725507485e-47
EPHB4	-0.1457230798214825	5.662281102716999e-05
CTSE	0.49662489511469465	6.901641131744812e-06
BDH1	0.3351450881801294	2.0401191212866212e-07
RABEP2	0.21554350248066445	8.123965569488045e-16
TES	0.05860937993626679	0.07669315926179836
SRC	-0.11525758268880992	0.0001361623808381745
DMAC1	-0.27637750195761496	1.878783380723064e-05
TNKS1BP1	-0.07255196324835232	0.015363336720273357
HSD17B11	-0.29415587275286936	3.037045140172666e-10
ZNF100	0.8186867481505482	1.99237124094838e-07
TAFA5	0.7958092196196467	0.00810059430755003
ICA1L	-0.618780908194807	1.2418202417026807e-05
PAK4	-0.22904725069432047	1.4509344183325134e-12
ZC3HC1	0.19821101092340182	1.1312825394805169e-18
SUSD2	-1.430873004611445	3.281881860151682e-53
MYOF	0.05715134544460726	0.27470596578229967
WDR55	0.1063755418113433	0.0018694122739362107
FRYL	-0.14286381707753104	1.601613649511825e-08
XAB2	0.11409549110231448	4.754266814586928e-10
MIGA2	-0.1369960035434723	0.035698584159646995
WTAP	0.3085536740632601	1.0101373907304104e-36
ATL1	-0.169320683498735	0.00033926091692506086
TXNDC15	-0.03368649415227432	0.44440851176171975
MAX	1.0592021424454658	1.1969864727413266e-22
GSTK1	0.1376898794871074	0.0006691178678742707
ITIH2	-0.931550455102708	1.3248210421818036e-41
TXLNB	-0.9588532998802892	0.0040862961033629654
KIAA1671	-0.2513283736456428	1.6896700506822252e-11
EPHA2	-0.134097483804852	0.004305957285707316
TOMM7	0.28363032165338115	0.0014994761912260146
ARMC8	-0.3707252417444185	0.0004160002726466571
AFAP1	0.18368579852387268	2.1607857531476595e-07
TRIM33	0.09300795127037254	0.08264465948244454
STAT4	-0.2535493987393669	3.4896377959774667e-07
CASP8	0.24369101269348958	8.949800008994497e-14
RAD52	-0.08046915775152698	0.4620495826269006
COL6A6	-1.8233597568755067	9.541664451613797e-77
PSMB10	0.1290435900138696	0.0009255937669210238
PLEKHG1	0.097742004482816	0.008846589390816052
SIPA1L1	0.044989177306272055	0.10726572184224391
TMA16	0.15097578359409997	1.5442815354780172e-05
ARNT	0.1446600432551706	3.502584460626877e-08
PRKAR1A	-0.13555345925685855	1.9316620938823524e-08
ANKRD17	0.27935721097154065	8.842555593840832e-33
REX1BD	-0.14454225852200558	0.2030498521229085
WDR5	0.36366139988660917	4.8456414196958834e-46
ELF2	-0.08519119351745785	0.36845295684505647
MAX	0.2775999183826081	2.391180914513645e-18
UBL5	0.2310957219721097	1.2005612983701666e-13
FCGR2B	0.35146756524992506	0.020062046398176606
SPATS2L	0.8612265001474502	1.5904816876926565e-40
ENTPD4	0.1235320344675872	0.04937788720442026
CTNND1	-0.16717979906275543	3.4871446979667294e-12
QSOX2	0.21097939060075263	3.6843612620723486e-06
ZBTB18	-0.1947332755313205	0.06434833586324931
GATAD2A	0.2460324511949888	8.565125995169521e-25
BDP1	0.10308182002622761	0.2656096962520666
TTC37	0.0634152630809554	0.006881854987648367
FUT4	-0.7018666920721746	0.0016348540636586292
FZD6	-0.09352582834858492	0.04306206324072469
FAM76B	0.39454928775428955	1.166728394616175e-20
FAM3D	-0.16986421900262796	0.4611434050872524
BCAS4	-0.11753850286899423	0.5970258573814451
MICAL1	-0.2864379706554743	3.09776291022345e-17
MANEA	0.07730132404110575	0.154060214916662
CCL20	0.631993349726143	0.00010238095087903722
CNDP1	-0.9562017105040027	6.42813961915125e-41
PRDM10	-0.012833065936129706	0.6842455933145744
REV3L	0.20508631408992148	0.10968000439762822
TMEM126B	-0.026129114986619087	0.6583176937216995
FAM114A1	0.44125647628258663	5.144853207616106e-29
LPAR1	-0.2800111611180909	0.0003057581425081711
DUS2	0.041471953339587864	0.1250960391736184
FHAD1	-0.6178862280451558	1.4659553975080204e-11
VCP	0.03605895393442394	0.04603208610414563
PELI1	-0.40129255167106953	2.5457325569910076e-09
EDC4	0.132200418548935	1.4645442397038327e-12
MARCHF5	-0.05355366473716752	0.15183107044055433
RAB3GAP2	0.19007368847903097	1.8711053283965632e-24
NUMA1	0.15180495848275793	0.0008493459563173645
NCOA6	0.2321669019195236	6.448508496591398e-16
VTCN1	0.5988958120514479	0.046221195590158595
TGFBR2	-0.8957366546206731	4.180768038499752e-68
MAP3K5	-0.11126171284184162	0.00032842047234778616
GABPB1	0.2163298051105383	0.09921703876174189
ZNF511	-0.015543012659281798	0.7252453200619687
KLHL9	-0.4174129107941521	2.3048007711807006e-07
ZNF574	0.16274944584038736	1.5114761236920074e-06
PDE3A	-0.3570118032233728	1.441484176600287e-08
SGMS2	0.26530672653871323	1.1597539299269654e-05
SFTA2	0.3800072634674489	0.002130370955646366
GULP1	-0.4621743567804327	1.806579285911918e-23
WWP2	-0.26790446746965774	2.3687514331057104e-12
CD163	-0.1932885690902133	0.007389272683898223
ABI1	-0.46965199067767244	8.357797465748027e-06
KIRREL1	-0.16532099278224488	0.00033931958962658707
B4GALT4	0.5333854146274322	2.3278012630806305e-17
SLC25A29	-0.01155925523867771	0.8162055389502674
VSIG10	-0.430081830812968	2.3699647536577657e-06
SNX11	0.0557134250673752	0.032063204695092815
PHF2	-0.25202483794589364	2.404483179059821e-22
MYOF	-0.45394487470182787	0.0029133341734341417
SLC2A10	0.5083986389710176	4.247974438039714e-11
BCS1L	0.0678900469747506	0.06276710094245185
CTPS2	0.05810772419394127	0.06484290697925205
STK40	0.7809518668205331	7.522763034348981e-05
ANXA10	-0.15832684397537244	0.4877036809365618
XRCC6	0.2951716317974463	2.0219649868325105e-36
CD2AP	0.4728099931130857	4.252698439438057e-31
TPGS1	-0.8033974206073481	4.022504576070611e-12
MYOZ1	-1.594558815364135	3.253205576841717e-68
PLXNB2	-0.1428684222733206	1.4663606245175257e-09
HK1	0.2651775576830434	9.201475364097292e-16
NUP214	0.2869872866882471	1.0797447217569383e-42
RPE	-0.0647184754833984	0.0061297034049644
BABAM1	0.06668258866698634	9.783554149959484e-05
WASF1	0.39552207527766536	5.392826820177988e-09
YIF1A	0.4023285586764931	4.082490513706358e-20
PCBP2	0.05618220612281307	0.34714332386560404
C1orf116	-0.5472049586111647	2.281351627755416e-11
MFAP5	-0.28597007692967685	0.00023001291794421072
SLC33A1	0.48986572674887185	1.501458496555137e-18
TCF20	0.2524838591184968	6.8653422885045655e-22
TECPR2	-0.14175329784210972	1.0727209188838296e-08
MPZL1	-0.17918065083692772	0.0003285571954514276
RUNX2	-0.12892650506901226	0.014587817573622293
ATP6V1H	-0.09083738828947066	0.002337380862592343
KCNK5	0.3245157346430798	0.053589909082168055
CPLX2	0.031881917810528126	0.9385472776958496
GPAT2	0.20937006190461308	0.42669091847716223
PCNT	-0.07650848409893475	0.0009950171278144278
INPP5D	-0.003058006092814324	0.9341238048642686
CLASP2	-0.2306870110126225	2.0614500946507998e-35
AKR1B10	0.29339932782369216	0.20238434892431753
LRP10	0.33412369652814555	1.2052932547178987e-11
AP4M1	-0.029621208118255186	0.3001233542957523
HAPLN3	0.5004638566875095	6.18362205998771e-15
CBFA2T2	-0.11004592321400028	0.13814008389530716
TYW1	0.6066005563583516	4.600971282224732e-36
SLC39A10	0.2822224724303358	1.209613290180198e-14
RBM12	0.327635431878087	5.9919066029482595e-46
OSCAR	-0.5871435426192039	1.1967066352152364e-25
ELF3	0.4647320387095434	6.465067804301459e-18
SUPV3L1	0.18686124747049393	7.551942171382391e-06
FN1	-0.0709103993597775	0.17419490976714008
HIBCH	0.11907057388661194	0.022667496661644086
NIF3L1	-0.0681320466078855	0.004579866420405957
G3BP2	0.4755593524786761	1.8973583663989493e-51
GRIP1	-0.03421336979940863	0.6507620783117691
WDSUB1	-0.19733888498913332	6.022980519821241e-10
PTPN22	-0.01206678612788619	0.8115184841626593
MDK	1.2053700119533146	8.446064552760878e-31
NTRK2	-0.5583363120850209	0.10875100283763839
ARPC5	0.07052792783244938	0.0022998901907667997
ZMYM1	0.22271188852306084	2.0362979224794623e-05
DDA1	0.33517040125711145	1.1546103622192869e-22
KCTD18	-0.08827029525163553	0.005982984201188059
AMZ2	0.0013440100083580014	0.9761806026974482
ARHGEF18	-0.10853288658920777	0.004405610919029422
SULF2	0.10046400469465855	0.10854326301399715
ATG2B	-0.061053085115805074	0.004091231144837454
CLEC14A	-1.3379864859587933	1.858457574202403e-74
FAM3C	0.6083460857583225	1.5025709211323235e-20
PTPRF	-0.0015063573163966262	0.9692011977368522
BRMS1	-0.10643466621957826	0.004321185669876252
NRAP	-0.6922044524337365	4.347061782212244e-10
SRSF2	0.29058534757657367	8.622934023917157e-37
TCEAL8	0.8048305416721304	5.454764131288342e-13
SDF4	0.6230984409249294	6.218487191458886e-40
HLA-DRB1	-0.2400941106061291	0.00022034698564184362
KALRN	-0.5665035820527229	2.050671055653357e-21
AHNAK2	0.4412644515187283	5.3858816158395016e-08
ARRB1	-0.4070767407625833	4.639402181135948e-18
GAL3ST4	-0.19790122872222649	0.0002561473533533654
HOXA4	0.149854927310214	0.4640399009056238
SEPTIN2	-0.280883842248215	7.439234907947604e-33
TPK1	-0.642510603717357	2.3639553952138815e-43
PLOD2	0.0529371442893798	0.5627179235955181
TFRC	-0.23307422632326943	0.00012098899956053103
SPN	-0.6407441685906174	3.932819139512943e-31
C17orf97	0.05455044539293332	0.4130958344502816
MAK16	0.6774519140344362	2.015983317182921e-45
CD300A	0.17557334546300263	0.0007032649525374506
ERGIC2	0.7326641427489097	2.8606894165163335e-39
FAM118B	0.004641490416980851	0.9177848070590021
RTEL1	0.1142487253860443	0.04109012891844667
ETS2	-0.4781070746831769	9.341500096574482e-05
CTSE	0.2616387002934766	0.6012824044875007
CACNA1A	-0.20869594434784533	0.7484706541206138
CUEDC1	-0.0527553909897693	0.1735873565128916
MAP4	-0.3315554537885168	5.604879852678174e-10
CCDC102B	-0.8094675377887729	8.789767907543039e-13
F8	-0.9694559921085281	1.8190073173204326e-40
CUX1	0.34424442188160276	1.707024426168462e-40
MSN	-0.40299661280869825	6.770401984139005e-37
PRKAR1B	-0.3986866913281699	1.1109445305442214e-20
VPS13A	-0.2967677459434772	0.046855691914177496
RAB5B	-0.4933855843449313	2.5567769389988957e-46
MYLK	-0.9387081811564729	3.2951003911752975e-51
BAZ1A	0.543244763105162	5.408045364616077e-28
CASS4	-0.817745652033272	2.999193647615646e-62
GSDMB	0.5272318208268467	7.146246271793685e-06
FLNA	-0.580232330285496	1.9450776063137803e-41
HLA-G	-0.2174997049792464	0.12346199447373991
CLDN7	-0.08944737054271579	0.8690389590619962
ZNF460	0.24461187724195893	7.224172773869637e-08
MAP2	-0.5904433641763683	4.385477829799216e-15
ANKS1A	-0.28935318603162236	5.690983906912299e-39
SLC41A3	-0.15932168297830834	0.0017324719081283516
LRRCC1	-0.4542603225050827	5.946726952014557e-06
SPRR2D	0.13664150203114517	0.806424986678457
EIF2B3	0.2819260531105422	2.552163969862516e-35
MYH10	-0.09326100066968117	0.23051346153743676
DSC3	-0.3872376449123372	0.00016554684821337988
SIN3A	0.08902560264500894	1.2692908565200256e-05
MORF4L2	0.3895606014389262	3.65669919214521e-17
PLEKHG4	-0.16653824849316606	0.06959544257063027
COL4A2	-0.7752726158819332	2.0542137264172312e-51
MAN2A2	-0.2783796468291945	6.975754615914946e-13
SPOCD1	-0.4928596798729807	4.906098501118545e-05
MME	-1.2311854009989007	7.202745304662301e-47
GSTCD	0.22636374611620827	2.218010120890043e-11
CDC42SE2	0.278054549998555	2.1631085374233532e-10
PIGP	0.41345935210413975	3.72913881000111e-06
CES1	-1.3559692529660716	5.204145761336212e-48
DPP4	0.25006950309769005	8.229744936220293e-05
TOPORS	-0.2416135861520604	0.00023546473076581506
PCMTD1	-0.13665679987790197	7.024497932041781e-05
ETF1	0.3683066043345681	1.6354016999608994e-41
SCAF1	0.22794613624621698	7.477094924288847e-17
TPPP	-1.364858908688292	6.813361002102208e-46
WDHD1	0.6986672334111614	1.803335180625894e-19
MEF2D	0.0071354791095437214	0.7778863233532513
LONP1	0.39263431502857427	6.208474491096061e-18
DCLK1	0.2800463347600098	0.00030699306995036525
WWTR1	-0.3648735072433804	3.887782907747779e-29
C15orf39	-0.11135758274031882	0.019115081646672562
CLCN3	0.16090083836131266	3.163603575748466e-05
ZNF148	0.0670877171545875	0.0007564632015611115
PPP3CB	-0.2418354792308283	6.509534084813998e-25
MAP1LC3A	-0.5382156501034203	7.160635957063755e-14
FUT8	0.4276675522207193	5.780758915137887e-17
ADARB1	-0.7665384723654296	8.291182217497194e-75
TTI2	0.3828350395269764	2.8766287110558807e-16
SPATS2L	0.8163238537110273	1.2511386265633492e-23
CYB561	0.15049922392870702	0.05564267523173274
BSCL2	0.3045715464226867	1.351634419163394e-07
UBAP2	0.4551629141152359	9.702461365520696e-25
RRBP1	0.2521236463789699	0.016483676803142475
GLT8D2	-0.22768519702509477	7.848485068793308e-05
SCYL2	0.3151202943972338	3.671716987314205e-27
RPS24	0.35164179035044857	3.6607526630880174e-22
SCUBE1	-1.5413815644595132	3.5536489552775143e-54
ANKHD1	-0.08869272916460023	0.3349683639016777
MRPL37	0.33708637875571545	1.7122516686026993e-19
TLK1	0.33853091428282145	6.905777355474747e-28
SIGLEC14	-0.345698471537465	0.03860461929068582
RGS22	-0.384142180017504	0.019834338386817137
DNAJC5	0.2251685294934927	4.4474258280719396e-07
EIF3B	0.2872657072397615	9.180410758905285e-35
MTHFSD	0.21300790643382264	9.098809185619794e-05
ERC1	-0.14791212594860795	6.300875881769178e-10
NLRC4	-0.6348449743462637	1.4046290681031177e-34
DAAM1	-0.34460817832967217	1.6704463289630332e-19
AOC1	0.26029647826703906	0.007658242790152645
UBE2Z	0.2648458702840355	4.501242031830391e-23
ZNF219	0.21196303306393857	0.0008031074662201359
PPP1R13L	0.22470830597818847	2.343533050249152e-09
MPC1	0.048375948870459984	0.4993262035970032
NCKAP1	-0.22120760212957705	1.7702346912199188e-16
CPZ	0.221354355661457	0.0007642982171390924
FAM107A	-0.9636245442673106	3.8220390184649247e-23
GIT2	0.18243396704769907	0.002673353555681393
CALCA	0.12128969731283802	0.5555815637203281
GRAMD4	0.21695760294612876	5.013353143422511e-08
WASF3	-0.779895930159007	1.6699455104105386e-42
MPEG1	-0.522945119866431	3.257507714419072e-22
UBA3	0.06995590187814696	0.0005069789492077279
LAMC3	-0.6705020558718369	2.962979514161235e-29
RFWD3	0.5610139123983253	1.1325316490549565e-11
RAB25	0.49556134964734605	2.832470637804826e-13
NMRK1	-0.17880013828452057	3.0257027401407573e-06
STAT1	0.35606575158687326	5.288183505722318e-10
CYTH1	-0.18260598787349125	7.291401570919918e-09
ZNF627	-0.1795007145538676	0.1123290342994851
MICU1	0.36444876215792865	2.637710105589472e-15
CCL28	0.20627437095622983	0.2527420499265976
PAPSS2	-0.47112481957662267	3.5418312014075126e-24
RBM39	0.25927359557909796	4.1183077720489e-33
TMEM184B	0.2385878152667979	0.0017229180694058842
C8A	-0.6626061953556839	7.04597171583549e-28
PHETA1	0.004623293562474585	0.8985392786322136
DMD	-0.595386512942107	2.464302966858494e-12
SREBF2	-0.09046610900718167	0.24587101033966527
MAP3K3	-0.4680012226492375	7.233508462777979e-45
GOLGA4	0.3389312813472384	7.875135102936691e-34
ZEB1	-0.37697621990284635	4.22504177242124e-16
ATP1A2	-0.39626227430727207	0.0006265214480230627
FAN1	0.20696507398531716	0.18864036137810647
PHLDB1	-0.3073306551616227	3.2781704562744516e-19
MT-CO1	0.30530301502873314	6.562982632770154e-10
ZNF277	-0.09071732993103472	0.01704937495841362
DST	-0.7049808693979476	8.134617763926012e-48
COMT	0.03787145806023159	0.3022491950676003
CALD1	0.3510518258364629	2.8138624972180517e-07
ZNF830	0.024363529488776917	0.33224038953534274
TOP1	0.8642873333793535	2.714890477308558e-54
MRPL24	0.4694866884188287	8.133178189893796e-31
PNP	-0.1892947885119724	3.643792065399806e-05
TSC22D2	0.16549330755171718	0.00029910966204782405
GLMP	0.044456974977450575	0.2687961448505566
MTOR	-0.03820670103361059	0.03342315320049179
KIFAP3	0.08740332845776409	0.0005416237500232318
CD3E	0.04141646380382129	0.4826515967456989
BRDT	1.5547088159407632	1.5157718682511644e-05
RNF121	-0.23085158872980188	0.0002535940527894843
CMTM3	0.43853110835390763	0.03315299155735532
MRPL21	0.44509421378174613	6.199154434118847e-23
GLI2	0.11594440664932798	0.5926727670547056
SFT2D1	-0.7653210475999606	4.014116147425357e-05
SERBP1	0.5355468781690756	5.473041577320138e-59
ZNF384	0.32500171830819113	1.714431149785497e-13
FZD5	-0.5264844697376027	1.5141610989651326e-10
PPT2	-0.5315380984473583	3.660009336592555e-05
CNKSR1	0.14464861436696402	0.00015956753721424395
ACOT7	0.3307587081055038	4.778917169073868e-13
FOXJ3	0.23586075029546472	1.9590935319673994e-11
SMURF1	0.3506574041172972	1.6759035091166636e-07
RUNDC1	0.38759736020598345	4.520731419879647e-15
WHRN	-0.08289150579134244	0.35960697083423304
MT-ATP6	0.4384518499860982	1.3921596177051898e-16
TAF11	-0.01799273854616089	0.6666607523743685
ARHGEF11	-0.26497661733431604	8.053744244292799e-07
GPATCH3	0.08999846595948656	0.21740135546435133
MAGT1	0.23693098346983857	1.083252932450506e-07
MAGEC2	0.45102722749062646	0.2030954714176024
MT-ND6	0.15088543811926236	0.10083351676953618
MAST2	0.1130925298221574	0.002607951912323765
OSTC	-0.7329135869633481	2.933044643602166e-09
GPX7	0.6487753997233919	1.7700612188604973e-33
PRC1	0.48071530535807694	2.9717176504653203e-09
OPA1	0.21822002478426364	8.463789108296828e-14
ZNF652	0.380470531295384	1.0286007620599523e-18
MT-ND1	0.09872537208336457	0.2267924908492709
DENND10	-0.08155070908799553	7.667309943782345e-06
FCRL5	-0.1442316167811874	0.002430288644166456
ARMCX6	-0.27419798337474977	0.027475613440505375
L1CAM	-0.6231648781292333	1.2427484851084658e-13
SMC3	0.03831107857316736	0.04778266175848223
SLC26A1	0.7736254261724174	2.2854189302733745e-05
EIF1AY	0.04993108900940446	0.7826490738768687
PCGF3	0.5835246500060665	4.900846489397625e-10
KAZN	-0.6614814480460321	2.2142634394821944e-23
CHAMP1	0.26419199527992804	1.0333126792541451e-22
SBNO2	-0.130820079543235	0.026408728804702974
ECI2	-0.04517290538000585	0.2413342252027095
RPL12	0.4991698881373633	2.660075081357205e-55
IPO9	0.4219212044610292	4.51011319268287e-29
COA3	0.4384166583129755	1.2060903572111092e-21
MVB12B	-0.7042217228646688	2.3439969466618317e-50
SPRYD7	0.07727332581246102	0.007433911315664059
PJA2	0.16039324452901968	4.7332526469402226e-08
TBKBP1	-0.265725446204263	5.848706538236174e-07
CD247	-0.3035944598171776	1.4993302458758335e-09
DCTN1	-0.3853956514894544	0.003944101440299166
ZNF521	-0.3295839577916151	7.436311815211562e-06
SPOUT1	0.27684149527255913	5.871114941200045e-14
MT-ND5	-0.06280837289905876	0.17950827013032414
MINDY1	-0.35614354107177604	3.4061773450103226e-21
XAF1	0.1645571031221671	0.0006543958352234198
CTNND1	0.6977377144707404	0.0008205080754068565
CALD1	-0.45155227240669693	5.978819990555551e-17
SGMS1	0.037016014035788476	0.5396567827281533
ABHD14B	-0.5075013772813213	5.879582734345164e-32
TOX	-0.231740139447727	0.019184683561485578
KIFBP	0.16545098502891561	1.0698960777211243e-09
OGA	0.24893770656469935	3.03773138379063e-14
QKI	-1.7473642590624596	2.1195427326965957e-10
MT-CO2	0.29421655328611573	5.386330003695934e-10
UBL7	0.16361696687173155	8.50259047167589e-12
RASSF9	-0.5732823289147757	0.002033974492197829
GJB1	0.5328000817885638	3.2036136831233155e-05
CXCL9	0.2924258348248787	0.08874919940940802
TIFA	0.10946944767244006	0.02154947346727667
TOGARAM1	-0.24592198844810415	0.005557959754619951
VEPH1	-1.2541869672805355	1.8594249639339167e-64
EEF1AKNMT	0.09760105568046148	6.152417151240878e-06
DMD	-0.976419069001721	1.8647884969919913e-62
TLR1	-0.2052981157842958	0.00012233992333454292
CSNK1G3	-0.36312281884146314	3.276219116728097e-19
CAPZA2	-0.15654839187089456	7.972159335159228e-12
SMC5	0.02996326532722883	0.12527562305817164
COLGALT2	-0.7989599114631616	0.0034989709068209583
MT-ND4	-0.07939829327431597	0.36558343630524087
ZNF318	0.12272822438986783	1.0046999545889892e-06
SLC9A8	0.4033150466330785	6.143784588058499e-08
NAA35	0.22687622021005	5.327689820035479e-23
LTN1	0.2688735531722508	2.121617005867154e-33
MT-CO3	0.3671118722524917	1.5381404326790756e-10
CLSTN1	0.1378775394083142	0.0031527480366012306
ILF2	0.2636052524093301	1.2133842540819116e-39
CTR9	0.25678384639999347	7.233833562924366e-34
PJA1	0.4870695750512418	1.2228635061724254e-18
TEDC2	-1.0658729818048405	0.01608670654797394
ARHGEF15	-1.1620069897989946	5.330912173101838e-83
DZIP3	-0.17543885764100625	0.004967475641035456
PER3	0.20302294233594412	0.015089020257210437
MT-ND2	-0.07454545781098339	0.6650842882000607
IGSF9	0.6657056285179888	0.0026308016186945638
CTNNBL1	0.20313432953027263	2.4039670788764593e-17
TAF13	0.022157466192888636	0.623375784177771
ZSCAN20	-0.3878430438720871	0.09403448099692369
MTCP1	-0.3058441535233168	0.1663573176991051
ARHGEF10L	-0.3638468647459766	0.0023022462126826545
SHISA4	0.015277592453483618	0.9220533204867394
NSMCE1	0.038989415337348184	0.0584614313590765
PCDH18	-0.6397279995086615	4.861582419004896e-12
MSRB1	0.17624853840223853	0.0007971763671328285
SFMBT2	-0.3573056988718123	0.005852469883710397
SMOC1	0.053115453047547556	0.672445540355099
DCAF12	0.21549999220478686	0.028833454004384935
TGIF2LX	-0.5533707720628749	1.6075698750295127e-05
KRT19	0.39782373089649437	9.71513504941596e-09
EGFL6	-0.05182738538824806	0.5287687174755431
NOS1AP	0.11933874447858023	0.011924829021710735
RNF34	0.01425171816692418	0.6807301887442365
GPRASP1	-0.4553693744046785	6.020097789808288e-05
CLIP2	-0.3378924734150488	1.428988254239496e-22
MOCS2	0.04657740725976607	0.2810942591007784
ATG9A	0.12446005479686735	0.00021234246008263634
ZFP64	0.2577235319354283	0.3103992162343013
COL6A1	-0.7103732684288525	3.436783483349082e-29
DCLRE1A	1.5820343159590082	0.01488232940732482
GMEB1	-0.09367589590409073	4.335746172262209e-05
FAM110B	-0.2640510950146193	0.00802585633077159
GPALPP1	0.1405436111164356	3.0995357759426376e-05
HMGN2	0.18993233968250373	0.00012459915272370044
BECN1	-0.06924332583165664	9.048938913666429e-05
CDC42BPB	-0.13469099224918488	1.8936430859192394e-07
PCDH7	-0.169120420778314	0.030492487684583115
PAX9	0.6095975842813722	0.004249081990616881
KIAA0753	0.2455903634523955	2.2036460491864442e-05
EPS8L3	0.2771486353898441	0.20046224583951133
PPP1R14C	-0.2725412716560726	0.00029251252017353286
SMG5	0.19936681648698945	2.5962883752149014e-11
FAM111A	0.15575382880798644	6.249734102396914e-07
MT-ATP8	0.009807132837422319	0.7388236064436481
CNOT7	0.16854410244800042	1.0702771779824449e-12
LDB3	-1.4208067288343214	1.1199984269261107e-62
C1orf174	0.21845743926999855	6.184990478775733e-10
HACD1	-0.3195482277763961	0.009233083432169466
RPL39	0.4745217138231328	2.87798254302132e-14
PSMB5	-0.15158678994242922	0.0038123198638789543
ADGRL1	-0.2543319307143525	0.03161011160596378
TGM2	-0.8180921005913704	3.4258093469673423e-44
APOBEC3C	0.18885423172639496	1.6164727054893896e-05
UBAP2L	0.4990888047532407	9.103052156421582e-48
SLC34A3	0.5683401692278403	2.6461999767230574e-05
CD47	-0.33941184488657955	3.8572001817500926e-11
AKR7A3	0.25423075031668296	0.14163274323071628
PLXNB3	-0.16778086017788238	0.23071374265218852
SLC26A11	-0.22214823142412818	0.017520602322851554
R3HDM4	-0.008928852949442331	0.8654387522248858
MPHOSPH8	0.13745701399316762	2.6096430034193155e-11
FBH1	-0.07977165085968982	0.005855714984129519
SH3BP5L	-0.0024699795571148375	0.9305800675487831
TRIM58	-1.0053674066659435	3.370030412256599e-07
AHCTF1	0.09199493437621303	2.0921739464208388e-06
SCCPDH	0.11802670825814979	0.0009978935119266733
CNST	-0.24020806237809494	3.09087307571819e-14
TFB2M	0.7872857572790919	3.9279436595546906e-33
EFCAB2	-0.3948467013981063	0.00073963041582627
COX20	0.3405624057510054	9.907457913982548e-13
ADSS2	0.3587959275292305	8.818708910681041e-34
SDCCAG8	0.07630450186660943	0.006027993515409066
CEP170	0.13768227610965816	2.2758597214981524e-07
CEP170	0.3296151241401672	4.007820734572716e-13
CHML	0.1652300084303471	0.0016120879437886728
KMO	-0.29013445723239195	8.171992181258024e-09
FH	0.11012572268696222	0.0003607933506824914
MTR	-0.15601433484392377	5.49987952558295e-07
ACTN2	-1.6835472706869934	1.7590125286791318e-87
HEATR1	0.47002122012013126	2.57002059943019e-33
GNG4	-0.3703780668082763	0.008368292589645844
B3GALNT2	0.30884931105719404	0.0002411586795078073
TOMM20	0.6939557422478335	3.2493579250082018e-21
IRF2BP2	0.24505880109889291	7.639722787997205e-19
IRF2BP2	-0.03756892223985708	0.7140859842669723
COA6	0.3752735342538847	1.9657292546045868e-16
KCNK1	0.12058761252520825	0.045366572428871564
MAP3K21	-0.2070084297402417	0.00523460872577033
NTPCR	0.019744886407441854	0.6306997995545569
TSNAX	0.1783721059803998	1.4249979840282608e-09
EGLN1	0.6140827592532199	2.0478325960109774e-47
EXOC8	-0.11761375335720757	1.3825425953672857e-10
GNPAT	0.18639525402692425	2.2795536679622327e-05
C1orf131	0.38174539142502883	7.471517706951627e-08
FAM89A	-0.14215415012299423	0.011441215062801565
TTC13	0.07937246548998848	0.003612810923060413
C1orf198	-0.7520411591362811	8.65080970324282e-49
CAPN9	-1.0518940243756725	7.624505185748887e-23
AGT	-1.0808094067326	6.8213147082890804e-49
COG2	0.4387765104713365	3.401982265490099e-41
GALNT2	0.5761157348601674	1.020402280715966e-32
ABCB10	0.0027984318995181116	0.9468162479830835
ACTA1	-0.5526696998338205	2.1569832852752587e-47
RAB4A	0.06369915800487294	0.08964280992207999
RHOU	-0.06543136562379165	0.6024058502740025
OBSCN	-0.40038738241453387	2.891401092075954e-05
IBA57	-0.13080302497083926	4.228952029228347e-05
JMJD4	0.08131831720922719	0.0719327946859146
CDC42BPA	-0.1545630490871096	0.396889803456393
CDC42BPA	0.003193408254280109	0.9475636788221247
COQ8A	-0.3788462213311211	2.5839411719474386e-15
PSEN2	0.4779822201178756	9.65309103231376e-13
THBS2	1.3781449034205109	4.002998797626589e-31
STUM	-0.4086321116070124	0.04561303934028762
PARP1	0.6671548948930052	1.2174847356728324e-46
AFDN	-0.4273755794216566	2.279523878637297e-12
ACBD3	0.5866674146352596	1.7187956408371664e-73
H3-3A	0.038440280738022976	0.7044311315665593
LEFTY2	-0.6274116331805022	1.243032525340941e-05
TMEM63A	0.36659399669277826	1.381989064477462e-10
ENAH	0.03902836590378681	0.26334943979274783
CNIH4	-0.2794908578813343	2.0153411566440648e-19
FBXO28	0.18034871597863888	2.2738261732609443e-07
CAPN8	-0.01584978562572603	0.8517383489417096
CAPN8	0.39217791126919427	0.011912614905495207
PDE10A	-0.4188252622005388	0.020576052239083195
PACRG	-1.043333763265693	3.6032182285308006e-21
PRKN	-0.6325748932092211	6.737442390979347e-10
MTARC1	-0.06036309096556333	0.5644794844613314
MTARC2	-0.5816328694630521	1.0595732188030686e-20
MARK1	-0.3410153077506074	9.469955372988739e-07
IARS2	0.43390567181138295	6.717366955897165e-27
EPRS1	0.5756483072960569	2.876282456537965e-76
LYPLAL1	0.19513136940135792	2.1689934216933896e-08
TGFB2	-0.34636016523966606	7.550848108850872e-08
RRP15	0.8079114896762373	4.6564997087351874e-52
GPATCH2	-0.30587821970318435	5.903476747669732e-05
GPATCH2	0.19968171416381736	1.060596153244134e-05
CENPF	0.5112163412771125	1.723720066489445e-10
PTPN14	-0.3715342899090643	4.3083282663388923e-26
SMYD2	0.005697061871403817	0.8482542795272808
RPS6KC1	-0.14223425722153157	2.2649857316814727e-09
ANGEL2	0.1675889950154541	3.8422235384525446e-08
FLVCR1	0.27016083948562875	0.00019911466371822298
TATDN3	-0.11369300414414871	0.0001293414524751268
NSL1	-0.01971114818256057	0.48399465067677017
NENF	0.8074601061413111	2.1487058960109496e-39
DTL	1.8557787862082509	2.378864527594853e-23
INTS7	0.1622323885691485	1.8424899267557527e-14
LPGAT1	0.3595551154961581	6.872628777652872e-14
SLC30A1	0.5507220038134707	5.235332770799609e-35
RCOR3	0.21065951730354124	1.538967567976834e-10
RCOR3	-0.1795948058798595	0.0874117591738217
IRF6	0.3652816577253503	3.955024692558605e-12
TRAF3IP3	0.0758917143607015	0.21357801704401977
TRAF3IP3	-0.02734205273283466	0.5958232501086742
HSD11B1	-0.5412882273735957	3.6523407530360335e-16
G0S2	-0.12561812747157036	0.7587354473768
PLXNA2	-0.5471390148140605	1.58984479733824e-28
MRPL18	0.5426871017328425	9.695846705492933e-35
ACAT2	-0.35192855344566243	1.7172612232322984e-27
CR1	-0.4913265670899672	5.255011579240873e-15
SOD2	-0.24180425403752417	2.7271574846955537e-07
CR2	-0.0621591651486088	0.38860353265989034
CD55	-0.7514293190899182	2.120738265889263e-25
TAGAP	0.43267453314452675	3.131361908613005e-05
C4BPA	-0.678607999239244	1.0275701411580019e-19
PFKFB2	0.062307889514261874	0.5247469490015005
PFKFB2	0.09355793848943264	0.04729087902727295
DYNLT1	0.34383625187481026	1.6448604708151247e-26
TMEM181	0.5814666087615945	5.514290178295626e-18
TULP4	0.22114289025806433	0.07476488472333065
MAPKAPK2	0.3067176105684991	1.5220206790149783e-28
RHEX	-0.7795483790354871	5.3174244391146657e-11
NUCKS1	0.679030293934412	2.445773163228101e-28
MFSD4A	0.8629934862676736	3.29430399164274e-08
NUAK2	0.42838813234145257	0.0008077148675538485
DSTYK	-0.356350092091121	2.495091203367452e-14
TFB1M	0.2852940311573193	1.0244082932388884e-09
SCAF8	0.1379485265031996	5.6247294792487515e-11
MDM4	-0.19632023456861206	0.1006847668967378
PIK3C2B	-0.2790484025350323	7.314823960900846e-14
PPP1R15B	-0.4519186553107675	0.0018286208529480852
ETNK2	0.10656146211820144	0.31472813557205975
SOX13	-0.42931777014682304	6.56957093830272e-10
LAX1	0.36817726168537024	4.608647453428902e-05
CHIT1	-0.4994808693015659	0.00047366250779868593
MTRF1L	-0.12420035549311736	0.03167312725600747
MYCT1	-1.2147438667555093	7.694764389724733e-45
SYNE1	-0.4853128048028293	0.03940644912081996
CYB5R1	0.06813982185963813	0.16107899941200945
SYNE1	-0.47550036108490484	1.5654282038096265e-28
KLHL12	0.2038521680277653	1.9449544786465926e-06
RABIF	0.282817662226181	3.26509311463283e-16
KDM5B	0.25569310530855077	7.541980046095326e-13
SYT2	0.3724693446494797	0.06120742423998511
TIMM17A	0.3524869050963546	2.9924504639205697e-09
LMOD1	-1.1589162575003589	2.907517579396551e-51
ARMT1	-0.01435953792473943	0.526897725985603
NAV1	0.4912143565288921	5.026346443942817e-23
PHLDA3	-0.2794825716783571	1.205370784917614e-07
MTHFD1L	0.6251918767500357	6.39406244591597e-10
TMEM9	0.4158438430966429	1.1017828572428806e-13
ULBP3	0.03292739591629423	0.8096267166368952
INAVA	0.44440877479392327	2.259725851945798e-09
KIF14	0.17463632867079004	0.016299992135940636
ULBP2	0.0967200347989505	0.6802097250900588
NEK7	-0.5291239420171678	1.1035350977225459e-42
C1orf53	0.832829799230393	4.19777486993297e-11
ZBTB41	0.8067117751862904	2.2934076018921374e-24
ASPM	0.025963632636037265	0.8431693955317722
F13B	-0.8664525732962066	6.0806089821735796e-43
CFHR2	-0.6237881788949509	5.94410448408764e-10
CFHR4	-0.643310647349762	2.93799417694221e-14
CFHR3	-0.39973564510384674	3.1135269976428614e-11
CFH	-0.6385335827844268	1.1228310920096678e-27
CDC73	0.3889549774128882	1.954426463181967e-42
GLRX2	-0.14644730268883377	0.004525188477463058
RO60	-0.08861922228064455	0.0007655011557047688
UCHL5	0.3701172748007878	2.326594407267408e-22
UCHL5	0.44596850905843577	7.845039013350076e-49
UCHL5	0.34724717214306733	1.5222807605057548e-19
TAB2	0.1735228883239633	1.8490894932474468e-07
RGS1	0.00863854078199175	0.9130513013713554
RGS18	-0.43920787890975765	7.651786711291598e-14
UST	0.09414476752667023	0.4993861156623632
PLA2G4A	0.6286694362669489	4.930929026385316e-10
SASH1	-0.6912928123508054	7.282136442949417e-78
PTGS2	0.3883650931240945	0.003970359497302111
TPR	0.316927133057208	9.796681404347213e-38
PRG4	-1.051124937818742	2.1564272016450365e-37
RAB32	-0.0753454647763572	0.027999352161927754
IVNS1ABP	0.3585423032249166	2.0674910734676663e-20
TRMT1L	0.5069096829367044	8.298273830225017e-48
RNF2	0.2510070584214056	1.9441870517945946e-22
NIBAN1	-0.1879519408725315	2.1164924896143284e-05
EPM2A	-0.7687142634593792	6.634121959382384e-45
NCF2	-0.25647940620014464	2.732591456244741e-07
UTRN	-0.8066209732761261	3.778533827415082e-60
DHX9	0.2686720713612687	4.3669725834956196e-40
RNASEL	0.12316373758605528	0.00043050418210218436
STX11	-1.2458107587017526	2.209988911629271e-79
SF3B5	0.43668346842173156	3.8206338763535204e-50
LTV1	0.38442656865273117	5.261179733640124e-21
MR1	-0.030292608582284084	0.5046754277900541
PHACTR2	-0.311875602776728	6.912587175903753e-16
XPR1	0.6638856395085024	2.7023627327137325e-13
PEX3	0.16491039764924087	7.09181371080704e-08
ACBD6	0.15601648449666472	7.380133927849312e-08
QSOX1	0.017066000805056433	0.7238956996912342
CEP350	0.0010481820024240852	0.9584775356293989
TOR1AIP2	0.28881792316353444	2.1443514325205046e-14
SOAT1	0.4963403936209875	7.138033015674542e-19
ABL2	0.23414074135209037	4.782553617334522e-13
TOR3A	0.1493950352319559	1.8801312433844466e-06
VTA1	0.09922774848674196	0.0007718593688419148
RALGPS2	0.4509156631932677	5.598575863031708e-19
RASAL2	-0.5104489634936842	3.015703062470211e-51
CITED2	-0.35469710951755135	1.008657826250734e-10
HECA	-0.13446384989415527	3.748652248216481e-07
ABRACL	0.23757050636446975	0.0007184156655075153
COP1	0.0872257501822512	0.002215772978658515
CACYBP	0.47465855810086577	1.4142864101329163e-44
ECT2L	-0.2193429101639651	0.15655624407946508
ZBTB37	-0.2055706062458832	0.021279819736380993
SUCO	0.3440457936019323	5.25796793660595e-09
PIGC	-0.10720073474867822	0.26844424945058043
DNM3	-1.2478254102110173	8.010877589820121e-70
IFNGR1	-0.2496301691748105	1.1645993458935126e-09
VAMP4	0.1359991087335803	1.2240030721167114e-05
FMO4	-0.24193484503195833	0.012231661818708347
FMO3	-0.3678704062684615	1.1506445200249829e-07
PRRX1	0.011342700884121825	0.7960903629481632
GORAB	0.7090032981712707	2.6888404189124414e-40
SCYL3	0.297065327672513	4.1308515694813604e-15
SCYL3	-0.1290259881565276	0.003291862450637025
F5	-1.0009388857617711	4.585472389358008e-35
CCDC181	-1.1779531162326038	1.3692818335035533e-13
NME7	-0.1793397480432478	4.728921632654863e-09
ATP1B1	0.41605991528206565	6.307042134366042e-12
DPT	-1.280239241968009	7.276532531042945e-67
HBS1L	0.02292244037818078	0.6887478403347272
TIPRL	0.19550246243359087	1.1501984000468603e-16
HBS1L	0.18936830462825804	1.1024101121467826e-17
DCAF6	0.007034588785613569	0.7971153501270868
RCSD1	-0.1871256171236596	3.1650835588519176e-06
SGK1	0.07258661511348961	0.7130417890604026
POU2F1	-0.012191370104122298	0.8454612523535435
POU2F1	0.2552713940921315	1.2386378731931854e-14
GPA33	-0.852156654441018	1.3556927543031926e-13
TADA1	-0.17687420451159538	1.7322560675281553e-08
POGK	0.12236872783098214	0.00015293431465534805
UCK2	0.05780190115290184	0.30843630289263924
TMCO1	0.5214630963914908	2.825893902697175e-17
MGST3	-0.019822249438487847	0.6325693873046764
PBX1	-0.5464242763098612	4.738360807190118e-28
DDR2	-0.392201790018211	2.3299562703099652e-11
VNN1	-0.4733583232700113	2.0428918485324926e-07
STX7	-0.4232819060613793	3.160261227317523e-35
ATF6	0.7423082080982929	2.671947884617772e-28
DUSP12	0.1318016112852473	7.606704973504595e-07
MOXD1	0.05341916312756344	0.39627426257689913
FCGR3B	-0.8816757196317838	6.171731006952238e-10
FCGR3A	-0.1041965162921521	0.06755804972889226
CFAP126	-0.976532174939714	1.0804568987498524e-11
SDHC	0.45783216578049235	6.692140380059202e-07
CCN2	-0.09636575199379345	0.08332211664022947
TOMM40L	-0.1215140623196147	0.1169271929825558
APOA2	-1.7586058557033806	1.8369230549168398e-59
NDUFS2	0.10829764430368893	1.563960950050865e-05
ADAMTS4	0.29404073115349194	3.5145753802480515e-05
UFC1	0.29736368915354505	1.3774032428220903e-19
DEDD	-0.40226498933236965	0.012335775975862434
NIT1	0.10340323817945378	0.0005194249480399165
PFDN2	0.3768907571083622	3.0420639225236656e-35
KLHDC9	-0.12123840985763445	0.7408493753986408
NECTIN4	0.5254909731103512	8.662700277082337e-21
ARHGAP30	-0.10685638150814977	0.006284273533661597
USF1	0.12393486674304935	3.323995999750766e-05
F11R	-0.3600591557624351	1.2510573357167704e-13
ITLN2	-1.902609246437752	1.152566524504782e-13
SLAMF7	0.00033079448171982606	0.9948180089292249
CD48	-0.03150505541319652	0.6031917828258752
SLAMF6	0.4656197901707716	0.005579675308565123
SLAMF6	0.17636306391149068	0.026985249221108214
VANGL2	-0.002436541203568069	0.9769349131197227
PEX19	0.4159117410321244	1.0960715848386796e-29
PEA15	-0.29919485226074183	9.770182376992918e-21
ARG1	-1.0201082266460855	1.5414180084326293e-29
PIGM	0.2330516454494294	0.00014497750035671233
TAGLN2	0.13104568035277284	0.0009993820453354995
CFAP45	-0.7418986534235856	7.162686220307424e-20
DUSP23	0.2500715698596323	3.8574378526396684e-11
FCER1A	-0.6177910963199418	0.0001637093036431731
ACKR1	-1.348243846510349	7.0384980682307785e-43
CADM3	-0.43046556763178	3.798052532185908e-07
AIM2	0.2817105372809071	0.1733788145812445
L3MBTL3	-0.05629485081787889	0.12191231429099116
PYHIN1	0.16553989645387776	0.004891067911631599
MNDA	-0.12551604029472144	0.04312739263917792
ARHGAP18	-0.376477597550502	2.3454161763268366e-24
CD1C	0.23460403309181618	0.10611062795805053
CD5L	-0.9095257992610648	1.8988554138407464e-28
FCRL3	-0.8543901685693827	1.790867079167548e-05
ETV3	0.15498542844308522	0.0028851793180324293
ARHGEF11	-0.1480865385025698	6.863495223470741e-17
SH2D2A	-0.09587464382575364	0.1597503661480248
RRNAD1	0.2624600153278794	0.015051748691959395
CRABP2	1.2014898888159384	1.0164904339488368e-14
NES	-1.000165418013816	3.865341060941343e-65
PTPRK	0.0703003901461225	0.10435789510219659
GPATCH4	0.6127456607418249	5.476466596133726e-23
NAXE	0.2783206439537328	2.991901008175569e-15
THEMIS	-0.399659851348138	6.538972675074363e-13
PMF1	-0.13382901101421732	0.00017923476820227906
LMNA	-0.17798785769483086	2.890657801487312e-05
LMNA	-0.17416999979445494	3.243580241063318e-07
LAMTOR2	-0.2412755994295455	2.425221706137543e-14
UBQLN4	0.12410828807180299	1.8613145843697553e-06
RNF146	-0.018658087269849	0.6208343833826984
KHDC4	0.1559857331546357	1.0080868498052947e-12
RIT1	-0.5135760802840462	3.564267078891873e-51
CENPW	0.59983939563152	0.001182298584708895
RUSC1	0.15727342447830797	0.0002871911239394281
NCOA7	-0.2693672933294825	1.4846386439977397e-19
MTX1	0.40555598587617514	1.2173006776943152e-30
THBS3	-0.22881274329992007	2.211606974844362e-07
EFNA1	0.3522864700678555	1.9241027773052366e-05
SMPDL3A	0.39770579567055775	1.0965648565259824e-09
FABP7	0.3651828053383104	0.0419015396942826
HSF2	0.541660005612794	3.054770565344767e-05
PYGO2	0.19844359118834706	4.768548009246667e-13
PBXIP1	0.6069315762528906	5.11922182119493e-20
PMVK	0.2681674161238178	2.0356542849427976e-10
MAN1A1	-0.3306415623925654	5.808445703641331e-21
ADAR	0.5493224173685592	2.0314128166788392e-54
ATP8B2	-0.45428100991486875	0.0035775047842580435
NUS1	0.1330899275952931	0.024582637291608755
GOPC	0.3881695729120408	9.83888480746936e-31
ROS1	-0.097375179591284	0.1592000865568993
C1orf43	-0.19555580969964526	0.000313345096547489
TPM3	-0.11959557766408553	0.013226250654135874
TPM3	-1.308945402763995	2.84104166622841e-70
TPM3	-0.33265951853734654	4.189486895246891e-09
TPM3	-0.0833659396829651	7.254046010842495e-05
ECHS1	0.26386613411969273	9.887988724594012e-11
FAM162B	-1.1672492749671985	2.5077198596947677e-12
VENTX	-0.5495073898333789	0.039919227846166416
CFAP46	-0.3524965980182661	0.017716200739432773
INPP5A	-0.7011977573711202	7.857345093835745e-49
CALHM5	-0.5601809351938999	8.700943804212263e-27
CALHM6	0.318388482676169	0.006174856882676363
TSPYL1	-0.07344434938215079	0.024728069801574687
CRTC2	-0.10779583727626638	7.73049498190705e-06
BNIP3	0.30670808352307954	0.0010375508544486407
MKI67	0.720642561009443	4.1047847072711064e-18
GATAD2B	0.13838178376199858	4.040372275279051e-08
TUBE1	-0.4464736846531948	2.532247874066151e-16
ADAM12	0.7125802663965201	0.021288181010120574
FYN	-0.6484305021101714	1.1307098079090512e-15
NPR1	-0.6422608224064952	2.9897688497110343e-12
SNAPIN	0.01703007366960381	0.498894609075842
CHTOP	0.1905998011035695	5.300893095613142e-08
FANK1	-0.44114223606287656	0.0813371440455868
S100A16	0.6091190306922358	7.160215213913246e-24
S100A2	0.8758744841287807	1.672827776546895e-06
S100A3	-1.7499497939874713	4.1275415487218723e-51
S100A6	-0.311090884419573	4.4234857054379733e-05
S100A7	0.45312253625957977	0.10976998246529088
S100A8	-0.47474593893184436	3.4989365218716136e-05
S100A12	-0.6117513941485889	7.5403818888093995e-06
S100A9	-0.23011678493410018	0.047654228820067056
BCCIP	0.07086479767371848	0.05650216493869149
SPRR1A	0.560951772658793	0.001688523875656025
IVL	0.5790303186524436	3.144552494267571e-05
UROS	-0.30698214627930015	1.697726515246089e-20
FLG	-0.017073806902929145	0.9383130898739843
HRNR	-0.3228074577326965	0.009494632219878825
S100A10	-1.0886773648762236	1.1982819275328284e-62
THEM4	0.18526400013329564	0.004641151473504836
TDRKH	0.5498358511354917	7.333260556437112e-30
MRPL9	0.3599715695877236	3.376128489290752e-17
LHPP	-0.036673117186845516	0.2943287699290547
OAT	0.8108356839778232	1.1809610280654945e-21
TUFT1	-1.1256923671472725	0.0004633674284747206
TUFT1	0.3990060001129267	3.8367431313203534e-13
SLC16A10	-0.5046094805023291	0.0006250970186925341
BUB3	0.32082503483508246	8.945975009513307e-46
GTF3C6	0.2940242997010333	5.724888396696238e-23
PI4KB	0.22564372004642225	1.5388052821724173e-16
ACADSB	0.046237015200233614	0.41650285408276483
PSMD4	0.4358501454633412	3.7796603747347083e-16
AMD1	-0.04781454595578611	0.6892761464751069
PSMD4	0.32109336852319537	1.091375059783911e-45
IKZF5	0.018697669224126134	0.7320614159938198
PIP5K1A	-0.1946464273142694	0.0005647337782451462
SCNM1	0.26593040952528735	0.0014801041395546622
LYSMD1	0.1846102855466333	0.0017823625048964617
TNFAIP8L2	-0.0901802992753704	0.014669621578112095
CDK19	0.023033900894303405	0.5099089030356516
GABPB2	-0.1689989989257138	0.009234492965787872
DDO	-0.4904658622477996	6.6167700348276005e-18
C1orf56	-0.43385308044461157	2.2486796876789332e-05
BNIPL	-0.10132394714651498	0.5372435403960192
ANXA9	-0.4940971204177541	5.352437933902432e-12
AFG1L	0.01393102707041249	0.7262200742505328
HTRA1	0.08453611417337524	0.18298885905031304
CTSS	-0.06560668477099865	0.285956186651835
PLEKHA1	-0.9005964433683551	1.1716485152952595e-11
PLEKHA1	-0.22266084745955123	2.3457514062695625e-06
SEC63	0.38994217792314223	1.2680573002263387e-25
SCML4	-0.29596798764549737	0.11892126630920953
NSMCE4A	-0.060085135522401335	0.026130245642252185
MCL1	-0.11677226749001926	0.00012368882112134502
PDSS2	0.1581185318095712	0.00023658613542998513
BEND3	0.17742584703346287	1.0815329958766877e-06
QRSL1	-0.07366267198928317	0.03238784642075906
ECM1	0.014012569059809743	0.8417371408425155
RTN4IP1	0.004446868644013075	0.895925542207336
TARS2	0.44547042227776873	1.9661802815993774e-22
RPRD2	0.2848849590296659	6.400558389848564e-22
SEC23IP	0.3407674032948971	7.782743547185809e-37
MCMBP	0.0463567738726429	0.07064729999851803
BAG3	0.03992503503157101	0.19411690409537052
PRDM1	0.1320408839517359	0.2827426102570186
TIAL1	0.1767126901890283	7.536806369394216e-05
RGS10	0.11149049021535311	0.019567656215898746
APH1A	0.4808516549486868	4.282054570249776e-09
PLEKHO1	-0.2040505324542537	9.664952784367866e-08
EIF3A	0.29131332801202225	1.996032839334342e-35
SV2A	0.627678190532266	0.008710040528371212
BOLA1	0.014288058396936261	0.623171497911537
CACUL1	0.13144893572497127	2.645929637094806e-07
ASCC3	0.3551408145480779	5.146155652117396e-40
FCGR1A	0.13490221281415696	0.027038452463518634
FAM204A	-0.1131132229930463	0.1795412394737935
HSPA12A	-1.135703616964884	1.8281907893577703e-56
PNLIP	1.099194132007817	0.005763871594538156
PNISR	0.16491219150453834	2.6260873951167967e-10
FAM160B1	-0.09075168988323097	3.2553769704214403e-06
ABLIM1	-1.1649489337662338	3.632843775950118e-39
CHD1L	0.3304607485754605	9.295811800604781e-14
NDUFAF4	0.434144802651874	2.8814752745965324e-19
AFAP1L2	-0.4766987455387841	2.1904225846807583e-05
UFL1	0.15004825352538842	3.2479196655625056e-10
CCDC186	0.27264860504600824	1.0660193877409944e-17
NHLRC2	-0.37182383001597064	2.8102672253980722e-39
PEX11B	-0.4960695737842583	1.3134343322318366e-14
PLEKHS1	0.2889685438917867	0.00041212640141699114
PLEKHS1	0.9329443332768594	1.2677007374939212e-09
POLR3GL	0.12189559661435742	0.008049066788063556
MAP3K7	-0.8010751700303929	3.94367287994035e-05
MAP3K7	0.04377869340070488	0.02010435442231223
SCAF11	0.3184850241505761	2.348801565991299e-27
MDN1	0.11721380022925208	7.4910495121991035e-06
ZDHHC6	-0.09607749945165783	0.0165046033092887
HMGCS2	-0.676651683394635	2.868447535483936e-07
RRAGD	-0.33725824074874283	8.58612433013327e-06
GDAP2	-0.1571601895606002	1.0136830767616197e-08
TENT5C	0.3432374897163455	2.2020332789706774e-08
CLIC2	-1.055631724239538	8.565392601962782e-56
SHOC2	-0.18008634460292444	3.408113365532116e-22
RAB39B	-0.18915409219407026	0.049644259740603394
BRCC3	0.05595046131820008	0.0024752210437841773
TTF2	0.15348788859483226	2.4188750328726124e-08
CD2	0.013877844937175116	0.827200719677695
CMC4	0.394314864029836	2.7879232019307513e-08
RNGTT	0.2456192987069421	1.9868617484442396e-18
IGSF3	-0.260893472869657	8.084008772189057e-10
CD58	-0.3803107620493576	5.662166972734305e-17
FUNDC2	0.4202081496525448	1.027976235442565e-16
SLC22A15	-0.36878099339348913	0.00658507928174025
NGF	-0.4362516239528461	0.0177390249857546
TSPAN2	-0.2892440928063037	8.806287735928217e-07
CSDE1	0.2870909524698452	2.0227897168918286e-37
MPP1	-0.8019242026021819	5.652689258872356e-46
NRAS	-0.06384766304706081	0.15546226551478431
RARS2	-0.03386744694113524	0.2994141525955744
AMPD1	-0.48281877166922005	0.06449531430083931
BCAS2	0.241988268449141	2.628367532433348e-30
TRIM33	0.2408431328956845	3.149058036522171e-21
DKC1	0.7796426987121878	4.751963739948834e-69
SLC35A1	-0.28023759385275304	0.0034390642538618867
HIPK1	0.31564698704228	0.022450029128740567
GAB3	-0.19489884032394308	0.000679912320699231
CGA	0.47121117574526716	0.31424634383010025
CTAG2	-0.05514399088016711	0.9150785373554514
SMNDC1	0.44960362167551693	1.551451072420336e-50
G6PD	0.1585522248233276	0.009177088942927744
SYNCRIP	0.4334992432697094	3.1928346536782415e-45
SLC16A1	0.16193030531507546	0.05620498343560816
UBL4A	0.1990252265504922	3.0974621185160766e-09
TBX18	-0.8075459825706857	0.004630437708930284
CYB5R4	-0.1329415267871687	2.530623046003027e-07
PLXNA3	-0.32824670455816274	0.00043460300999718156
DDX20	0.22982453499918418	3.254377656877152e-19
CFAP58	-1.2134107727056946	1.5537249576793762e-20
ME1	0.02100445276365571	0.6478291201198971
GSTO1	-0.293455017439059	5.573902197494901e-16
ATP5PB	0.23377642939465126	6.640936388391518e-09
RWDD2A	-0.1720417683461724	0.002630677227913109
SFR1	-0.10910681681028181	0.05609110210898653
COL17A1	1.1116433645851487	3.270660369668835e-12
CHI3L2	-0.4027058977476003	0.05561687367624298
UBE3D	0.13170522673900292	0.12519852873192913
TPBG	0.41750264400376513	2.119760978794778e-14
DENND2D	0.1190391304183582	0.0002671985580946739
SLK	0.5797844511111625	1.7651017112354172e-19
ATP6AP1	0.21716697145771474	7.514170786199599e-08
LRIF1	0.07370677101192842	0.03772895142789548
KCNA3	0.9066305911983814	2.5276096365327043e-09
SH3PXD2A	0.13447739206413295	1.9199854661508365e-06
SLC16A4	-0.23579561667551124	0.012041738362143596
RBM15	0.2976802065117802	8.237689793362855e-41
STRIP1	-0.19275411236550463	1.4920790726191928e-27
PDCD11	0.5597825257515265	2.6701998339278918e-45
AHCYL1	0.19363060769857507	3.4775470073569164e-09
NEURL1B	0.31876703922836097	0.07774173183330099
DNASE1L1	-0.3966180737094662	2.71989783167364e-20
RPL10	0.3859804843231303	1.1838473803642224e-30
GSTM4	-0.5821415890747392	5.291084690245788e-05
SH3BGRL2	-0.5460728378119216	1.9214156006629847e-22
TAF5	-0.010020396664028292	0.5534617898730066
EMD	0.24899141255140764	8.484819197748242e-10
LCA5	-0.2058414687129937	0.028825184141253915
PCGF6	-0.3608821274725896	1.3838450580518265e-13
INA	-0.0867963244124361	0.39061998918315066
GNAI3	0.0048106799924854775	0.8593313077908333
ATXN7L2	0.13169908199214997	0.20573942482426358
CNNM2	0.3755589926196286	0.13422605440434338
AS3MT	0.023042768240718697	0.6144771109312833
ZNF512B	0.26631078672611735	2.9359203632128367e-07
SFXN2	0.2924724267517912	4.956643692291887e-06
SUFU	-0.23108361336158917	3.1395840450842343e-15
ACTR1A	-0.379056176536476	3.350244064272417e-50
TKTL1	0.5754940373585141	0.07497733437541815
SARS1	0.18760493242360726	7.721083945713527e-16
TPD52L2	0.46907766980718024	6.9939390026117335e-15
CUEDC2	0.2331626752358861	1.8565573254171646e-09
KIAA1324	0.6957136995686865	1.0698678329590147e-07
C1orf194	-0.7173448341262731	1.2171159497904743e-07
WDR47	-0.31262025881126304	2.740643954391748e-35
NFKB2	0.2868269883290452	1.1682179649619625e-21
MYO6	-0.5955701073462321	6.58933688586368e-21
IRAK1	0.09093690204005826	0.002509167019585843
HCFC1	0.2353718888347549	7.39734270900459e-11
TNFRSF6B	-0.013170675121922437	0.9069895166610329
SENP6	-0.08051449400992126	0.0007518366015138741
PRPF38B	0.1577658141501284	3.325301996473541e-11
ARMH3	-0.023300892443865504	0.3022993016464172
FAM102B	-0.07174288261130664	0.10110670067911652
STMN3	0.4315164508671695	8.856882345869833e-05
VAV3	-0.5038129344409448	1.0514686762142673e-40
PRMT6	-0.6775926912138144	1.4967141566171204e-14
COX7A2	0.29975772784459803	6.365199690340493e-09
SRPK3	-0.49245886400311933	0.07981485658895267
NPM3	0.4465297925335663	6.577196349253516e-14
EXTL2	-0.4978746703382707	2.1828854831949015e-15
RTCA	0.0007749967297197569	0.9706179535075952
FBXW4	0.40272753062381794	1.2905020421465335e-13
DBT	-0.03727835756676241	0.3225744975540177
TRMT13	0.13073104463417212	0.0012467135459110698
DPCD	-0.039949532338283536	0.2925840709284944
PPDPF	0.025947672811488923	0.6895556465271065
BTRC	0.46005576108842533	0.00038733900988795574
DPYD	0.475226517849542	2.4887783195752554e-20
RWDD3	-0.15260310071776945	0.12083801437843587
TLCD4	0.06741629925233186	0.7362149973321123
ALG14	0.08019700179110786	0.051229232281519696
CNN3	-0.03062273860238268	0.4669729802208354
HAUS7	0.0643025880886189	0.0568513658894354
ABCD3	0.3202374607790371	4.317316950950664e-09
LZTS2	-0.1001289192138508	9.226932598955671e-05
GCLM	-0.33324792326297653	1.815917496425857e-10
DR1	0.18111560126294543	2.3282162317606087e-11
ZNF185	-0.1276116939015195	0.006680105508069167
NSDHL	0.30371213361197663	7.569404825617333e-13
CETN2	0.07451564580526282	0.08124092725889273
MAGEA3	-0.38211176230235444	0.283475405476534
TMED5	0.4519358264043254	6.9383556857970565e-18
ARFGAP1	0.5832412790457703	1.1259016849882727e-47
MTF2	0.11533491304744743	0.1335257069817055
MTO1	0.43753839549048107	3.021013703973032e-18
DIPK1A	0.5147555517844207	4.484246106903348e-11
CGAS	0.45706785394320404	2.1598727806189113e-17
RPL5	0.44216295080916357	3.8264427525919927e-47
DDX43	0.3106525836522569	0.18678369084932953
YTHDF1	0.559301718779008	1.683112184866873e-42
PRRG3	0.5553522158507186	0.09704733783973121
SCD	0.12212341720411105	0.134077085708461
GLMN	0.17026039755261616	2.0730020058831366e-07
VMA21	-0.8732030122103626	9.548862062078092e-10
HMGB3	1.3221049725457055	4.163385207456887e-32
BLOC1S2	0.05736900816134681	0.050518375809380484
EPHX4	0.5259720427817975	0.0025159206883733475
KHDC1L	0.7994224117364895	0.20228570452582076
MTMR1	0.01709197243669819	0.4175432422304965
MTM1	-0.2771677476366291	1.8659025324229208e-26
CPN1	-1.0020769193096561	1.0592767449599211e-39
OGFRL1	-0.07531262894269888	0.02397000515823692
LRRC8C	-0.3384947138503078	8.59842143648132e-16
SMAP1	-0.15767419572953706	0.01231965081689359
GBP6	-0.03442401120220545	0.6752309503908416
GBP5	0.3376034087505662	0.00010312817227357485
GBP4	-0.4355468094686674	9.916521089804884e-13
GBP2	0.18597274174714015	0.00018797199213867226
FMR1	0.2528540520720225	2.2598528434925013e-17
GBP1	0.09823074384667048	0.14572244757907418
SDHAF4	0.3854504757589698	4.886615431926755e-05
FMR1	0.5638924572495676	1.5393123618630725e-21
CUTC	-0.33817657191097444	6.369915144293308e-25
FAM135A	-0.13947096465738834	0.06174231204860587
GBP3	-0.46803863511540045	6.842183962051556e-15
MRGBP	0.054443884445505616	0.13862121711502334
ENTPD7	0.07611536682539284	0.3305199935989962
SLC25A28	0.4307378413247914	1.3210434780393637e-12
GTF2B	0.15128699994136235	2.5729674854437045e-10
GOT1	0.1140574515626512	0.021269343284852447
CREG1	-0.4570514997028805	1.2747094758437393e-15
PKN2	-0.10668270177579181	0.0004225508055136665
LMO4	-0.05734918631761632	0.27964891633577516
HS2ST1	0.2641130512649622	6.131820312524636e-05
ATP11C	-0.024822029823528345	0.46810653695850213
ODF2L	-0.0975012644806399	0.07699795127439452
LMBRD1	-0.025402855846976647	0.5614842689101416
ZNHIT6	0.36837024879461266	2.365356425452692e-21
PYROXD2	-0.31820350216124793	6.963605528932521e-05
CRTAC1	-1.0609958537297155	1.0433651545954245e-62
GOLGA7B	0.1742437809279592	0.17828515412366666
RBMX	0.46205932145533335	1.1979243271520878e-42
CTBS	-0.340484179136746	2.5431116872797353e-11
PI4K2A	-0.24792000488986143	1.2726509503710935e-14
GNG5	-0.3009261146006785	3.314690565239835e-20
HOGA1	-0.5347539003761399	0.001600022054813174
RPF1	0.24040043192538935	8.748973353024591e-07
LGSN	-0.4154879899302899	1.3887617698561916e-09
FKBP1C	-0.8264136473241162	0.0008425189106277233
UBTD1	-0.520208381015272	2.5642423253593598e-19
FHL1	-1.9601414943979873	2.5838220547852e-68
PRKACB	-0.17456400980996278	9.297082208405715e-06
PRKACB	-0.19383255370538163	0.001952080336002237
BAG2	-0.30392416174781034	9.069810105211683e-10
SLC9A6	-0.2597049178746737	1.049264873581853e-09
ZNF451	-0.16917253649708552	0.16951494411862644
ADGRL4	-0.6776529630574195	7.091539424505396e-38
IFI44	0.13195276182007062	0.17242271293428793
IFI44L	-0.09905733225443167	0.41852010506106596
INTS6L	-0.1792234091716691	0.004189234486893583
GIPC2	-1.1336368766527771	5.421927614178412e-46
DNAJB4	-0.7954966738856006	5.324868095580947e-50
DST	0.28410172196043726	5.046095911660452e-05
FUBP1	0.38870940228513895	9.970184754555649e-46
MOSPD1	0.10530490695490605	0.30021517656063235
MMS19	0.13347636202831017	7.018137742802091e-09
FAM122B	0.07880097475744759	0.04234790563005003
AC118549.1	-0.1329033830720552	0.0033094570150931668
PIGK	0.2756909284821184	1.8707703220463472e-16
GPC3	-0.3592722542489628	0.0012499493287549787
MTG2	0.15166885489772206	0.0025681675022185893
GPC4	0.20005275297327718	0.00012901590482691005
BMP5	-0.6959627403756234	1.7496656913477177e-15
HS6ST2	0.14710607110862617	0.0853952713576527
ACADM	0.23917775237511585	8.581007396208547e-08
MBNL3	0.24929820907893288	0.00012558437652978728
TYW3	-0.02441145137609939	0.5835455746549575
PSMA7	0.05985108572801158	0.0008379401057105023
LRRC1	-0.17043371198291987	1.8272321837435471e-06
FPGT	0.0211746427245035	0.44140392339052964
EXOSC1	0.3468246041924409	2.360461379590587e-35
LSM14B	0.2023565213608007	0.06317024803145294
CTH	0.3479442268072598	1.1263736451537784e-09
ANKRD13C	-0.264603929496688	0.0027618924961872703
SRSF11	0.3312447409401263	9.394299496976421e-39
LRRC40	-0.016322638749727343	0.48165195861140214
PGAM1	0.17512070578383607	3.232607200548094e-13
GSTA4	-0.5373850255625208	7.372001450104674e-17
ZNF280C	0.4539826509500402	5.097954665891543e-25
GNG12	-0.4159343227864717	2.3088862169969805e-20
RRP12	0.5487572896259932	3.518686705104975e-39
SERBP1	0.7274084602920996	7.199371566705746e-53
PPP1R3D	0.14708337881770567	2.407562161474014e-05
WDR78	-0.8352952246566342	1.322363830765802e-07
SGIP1	-0.444214737351041	7.128579824618007e-18
LEPROT	0.16405994157010906	0.04532286801126968
EFHC1	-0.9166305946261303	5.4748755898600875e-28
DNAJC6	-0.4874729197111627	2.3995006408485882e-09
RAVER2	-0.5527965304335203	1.0283669853575028e-41
ROR1	-0.58914585005383	8.125973597382992e-27
PGM1	-0.1742913638043813	6.290872965420447e-08
EFCAB7	-0.3548708223143352	1.7202202008301832e-17
GNAS	-0.22878579372727417	0.00042621087768153433
OCRL	0.3164542121976134	1.0756765281202963e-23
SMARCA1	0.6207464901851361	4.153453730136409e-29
SMARCA1	-0.08594450879622884	0.7113821780127646
ACTRT1	0.28667772845864997	0.0013801786778266563
DCAF12L1	0.5591940794326029	0.030536150551427166
ANGPTL3	-0.5383847672732882	9.884394129176892e-07
STX16	0.24211799664725614	1.052257001255557e-06
SH2D1A	-0.07626143552166498	0.22683990558361675
TM9SF3	0.6139237594424829	6.521402200402528e-36
STAG2	0.09039994504256879	0.1082698372390613
KANK4	-1.1955379504120285	3.49667045821471e-63
ZBP1	0.15847745447625716	0.0013229764015954102
NFIA	-0.7098201219716154	4.841830252987606e-48
C1orf87	-1.0885671904991148	2.4935743936116167e-34
CYP2J2	0.48804993406473574	4.325780256384987e-05
ENTPD1	-0.595854124265328	7.95318676963605e-30
HOOK1	0.6603342226282531	2.0828262039035695e-44
ALDH18A1	0.27330491231599296	5.085118284749602e-06
JUN	0.012280934376142964	0.7362681608281271
ALDH18A1	0.9554110945621741	7.150653831965294e-48
TACSTD2	-0.3386929128079027	3.577768765684608e-10
OMA1	0.1423320837123009	0.002779599463394275
SORBS1	-1.0945037434291165	4.542951708411989e-47
C8B	-0.5910921062270197	5.291365229588249e-25
RAE1	0.22231842964625964	3.690056859499203e-27
PLPP3	-0.6265733028982603	2.50900543796702e-25
ADGRF1	0.6293528849649128	4.1353667646358616e-07
PDLIM1	-0.5539992990320338	2.207942251988733e-44
DHCR24	0.6323307437091276	4.79276134349321e-11
TTC22	0.015125697792831641	0.8727451056033785
PARS2	0.07849859975070572	0.04318841968119564
TTC4	0.2570629732292442	7.146903017721844e-15
MCTS1	0.5075688090034174	2.44707937764979e-41
CUL4B	0.006485928667669463	0.9634944151236664
LAMP2	0.31693107166054135	8.648832072495449e-09
LDLRAD1	-0.3222114811245405	0.004101399198996605
NOC3L	0.41872426023034937	4.027371852767742e-26
PLCE1	-0.8052078759302075	7.17729926161492e-36
FAM210B	0.6296208032301396	7.76853908373541e-17
NKAP	0.22366760145895404	4.125801507165345e-09
PFDN4	0.2610930303363183	5.196187746557618e-14
ARRDC1	-0.22341042360321978	9.894801121424097e-19
NDC1	0.13270893484104923	8.551791083374661e-06
FRA10AC1	0.17002112666267594	1.4465119551944814e-05
BCAS1	0.8172551231252028	0.0001219932376825058
NDUFA1	-1.1188817799875652	5.387610848876221e-13
RNF113A	0.3859046975416273	4.883626038467506e-34
MRPL41	0.561304060910429	1.0497301509162499e-22
SUPT3H	-0.029586726105902895	0.5684869067288323
MAGOH	0.8987586060033506	2.871513713239695e-35
CDC5L	0.37497739116175377	1.2720749338803138e-55
CEP55	0.8590708803185085	1.1291902396977963e-15
CPT2	0.17908809181567117	0.0004860849010413035
TCTE1	-0.9354294136051722	8.157784065393569e-05
SCP2	-0.06339413629177681	0.0948674691818235
NDOR1	-0.28319161371140994	2.570185650537394e-12
ECHDC2	-0.5956112395940366	7.266459805918554e-27
COA7	0.5138925592946649	3.0068467030488215e-30
UBE2A	0.3098381499852963	2.4977886298448556e-33
ORC1	-0.11501497134884808	0.10937584151427782
DPP7	-0.09479271320524899	0.05426185298255025
DPM1	0.19332919937636422	2.2511210220475566e-10
MAN1B1	0.18131475163973984	1.3956746916657716e-07
NPDC1	-0.10027969569275492	0.3490367207289554
BTF3L4	0.3405645747892311	5.045068657347312e-33
SLC25A5	0.6616563881545441	6.353472979601045e-31
PARD6B	-0.5207386273539167	5.776608195890254e-37
KTI12	-0.09907623883887971	0.030210775617071365
PAXX	-0.039285316475735355	0.1469426921435051
PTPN1	-0.027078925849117603	0.4847163323314625
TXNDC12	0.25908990223433276	4.189757789034139e-18
TNKS2	0.19516153100876482	0.016385564636296215
C8G	-0.6249271321729566	1.0549841384901944e-32
TMEM189	0.34754918528796147	3.602519369518966e-06
RAB3B	0.6694887890867536	0.006024184976827464
IL13RA1	0.16097664932502875	0.0009131923760680199
UBE2V1	0.121845994582797	0.004597245454351083
AGPAT2	-0.05546843969687473	0.2280488190916273
ANKRD1	0.09093776388156684	0.38358773505637805
SLC29A1	-0.6872871744046134	3.326263100575074e-10
B4GALT5	0.8136184254209458	1.3803514336531296e-11
INPP5E	-0.48427085471840103	1.5507900023268545e-06
PMPCA	0.4118712319295575	1.1379846621698458e-22
ENTR1	-0.07586080994364021	0.029957580674083013
CARD9	-0.20161221078198688	3.115216430260287e-06
EPS15	-0.17422232433841253	4.698396950831573e-13
DNLZ	-0.11749933502603199	0.07792981805816096
ZNFX1	0.08436465585852351	1.3955543239841489e-05
UBAC1	-0.8859424184543907	4.5131008859835265e-53
KCNT1	-0.317965419478092	0.2551770850611765
DDX27	0.6339651624126921	1.1661554262261283e-50
OBP2A	0.03837299680788683	0.9038618082930565
IFIT5	-0.18777543863652335	2.7831055976001896e-09
IFIT1	-0.44935834824772936	6.029215672509868e-13
FCN1	-0.7936363566144222	7.471567240714745e-22
IFIT3	-0.4095701871004505	1.139311950321969e-11
COL5A1	0.6726775500009388	6.665098285742875e-24
IFIT2	-0.5560577618963088	5.014241050658769e-23
SPATA6	-0.8591788559564391	5.290679513390483e-28
VAV2	-0.01717876876254649	0.5787005820874347
STAU1	0.5752515020898736	7.969147418068532e-49
SARDH	-0.23425201651739957	1.4913981331420078e-06
CMPK1	0.4921024778838715	1.2482837563176404e-28
CT83	0.8610930034524458	0.0144854497657062
SLC2A6	-0.5828194547420932	1.165463602233917e-13
CYP4X1	-0.301413611587654	0.00032826856735049373
ARFGEF2	0.2591100007480014	9.929651022081938e-24
CYP4B1	-1.1779868062738466	7.040312001515099e-35
STAMBPL1	-0.1348838756757371	0.00018063023222275438
ANKRD22	0.8691526581778175	3.746245652351093e-26
ATPAF1	0.20979058883517904	3.0179575618576584e-08
PREX1	-0.21999803951742283	3.037653888227147e-11
REXO4	0.6729196278617008	6.660791941192842e-33
PTEN	-0.09878214465521615	2.297539761578452e-05
AMOT	-0.13048784963042273	0.004284781706529175
SURF2	0.3179854655040725	4.69754944587279e-13
SURF1	0.043282368841529556	0.3139745215880391
ALG13	0.2453536020969175	6.620461326240912e-15
POMGNT1	-0.2665807777704265	4.6170331887248036e-09
SURF4	-0.0672914145238097	0.02373680258842374
MINPP1	0.17264993351372276	5.829085862614196e-06
NCOA3	0.11692271543494787	5.408436120678697e-08
TSPAN1	-0.2706877648471192	0.022614632617734155
RPL7A	0.5032800321816017	2.51849985359348e-30
ADIRF	-2.014117887871827	6.333145396298039e-86
MRPL14	0.45635152911079235	1.3905783265688088e-23
SNCG	-0.6937316634791286	4.634540587933564e-12
SURF6	0.3443841323003044	1.666065318723915e-16
MMRN2	-1.3652998280836712	5.39376321914184e-84
BMPR1A	-0.30727575194726375	0.030854201998180907
CHRDL1	-1.068874526820964	2.342409890351572e-37
VEGFA	0.9658218776492813	2.914573626209559e-14
CEL	-0.10571160772178059	0.6576153852286392
TESK2	-0.5055397410625013	3.162328187666309e-08
CCSER2	-0.1402392460813842	1.9687366835618576e-05
TOE1	0.27915700303311813	2.571364415456029e-17
GTF3C5	0.2741882939417246	1.8624344793177434e-30
TP53RK	0.3965866593095886	1.3169272911051642e-26
MRPS18A	0.666813358239079	1.312900380607716e-39
GHITM	0.21135454814609866	0.047213336718610686
GTF3C4	0.3112303461089999	2.712504778693901e-29
DDX31	0.0833520119783931	0.0061016792201937856
RSPH9	-1.1226678646026604	3.348908822885503e-28
TSPAN14	-0.4431294279296254	1.2890708228302285e-21
MAD2L1BP	-0.010092831315601715	0.7964876984344723
HECTD3	-0.22166173568222658	6.837269147905044e-29
PRXL2A	0.28415835106377185	2.792923482947721e-09
RAPGEF1	-0.17552231658348344	4.883367908022361e-16
MAT1A	-0.029826943917244872	0.8603223016750087
UCK1	-0.16295479520379572	8.667537425518524e-07
KIF2C	0.7016317554267159	1.831205820943238e-11
ATG4A	-0.3123207208617299	6.406720532320065e-12
TMEM53	0.2905031001547848	0.1571444110015355
POLH	-0.05921465965349984	0.8639461417851744
ERI3	0.09481569976269962	0.004664297323993695
PLAC9	-1.1687763563590763	2.5770813413355392e-39
FAM78A	-0.4775976190265755	0.01091047155008452
TMEM254	0.2349134998510944	0.023453278213989764
CD40	0.11907377521119242	0.02292012807139099
SFTPD	-0.8276193596002409	1.4630715703646932e-15
SFTPA2	-0.7414922455870756	6.137107626235275e-22
MMP9	-0.8958634100450504	2.6989872644853626e-16
ZCCHC24	0.01463650860009632	0.7095688481088025
IPO13	0.03707435991428973	0.06374900322653072
ABL1	0.050410297040750715	0.009882380287393133
EXOSC2	0.13224551670539111	5.343645097150288e-09
POLR3A	0.37476151815764314	3.2520165488515146e-38
DLG5	0.17259427585124087	6.429438347468614e-09
KDM4A	0.2871136263982235	1.4774402148789619e-12
TSC22D3	-0.13689667537871392	8.747602444850237e-05
NCS1	0.051097766615061366	0.2841088380260839
GPR107	0.3547793521265062	3.3401613624360944e-19
PCIF1	-0.06106785827456598	0.005905930523832553
YIPF3	0.7174365796033988	9.729780140394904e-50
PLTP	-0.07855023885651982	0.1774920832733344
HYI	-0.7178959494223774	3.2185274038496495e-51
PRPS1	-0.3058269545091984	6.756382060294086e-15
C9orf78	0.22276981908753055	6.8924721029103724e-18
ELOVL1	0.4297768118231824	1.5844216062549374e-12
PRRX2	0.3377544733601381	0.018790074708185403
TIE1	-0.6714675998334821	2.0686455694967824e-26
RBM41	0.05403465071462544	0.2343342384563785
NTMT1	0.21145645755895964	1.0672015384875171e-10
CFAP57	-0.8211574159003382	1.5119636425868293e-20
ZNF691	0.2720976824795557	1.4405089650268468e-09
ERMAP	-0.8985016220032683	2.898504843679477e-28
ZSWIM1	0.11808241162530433	0.543671869013442
SVBP	-0.11264229092651862	0.007083013520859143
ZNF503	-0.3925225819477617	2.8341885289710295e-16
C1orf50	0.1532859994844593	4.341760511356173e-06
COMTD1	-0.03883510776982941	0.36985230893191046
DOLPP1	0.07697990221168016	0.2373051136171029
YBX1	0.8852266988174111	9.039700723278232e-63
TNNC2	-1.369856668974731	1.8471663749709512e-17
SH3GLB2	-0.2702357846481358	5.112919938028127e-25
PPCS	0.3064478332203864	4.173605125832601e-18
NUP188	0.15251729236843162	1.7324991928870946e-15
HIVEP3	-0.14295123695628337	0.1328569632237952
DOLK	-0.5599886331163996	0.0003109597362518574
PHYHD1	-0.5969839692804046	8.44493773690053e-25
VDAC2	0.5378029342939182	2.531227125153804e-19
CTPS1	0.11475271998668758	0.0011388035335489928
DNTTIP1	0.06994332701169807	0.009168281651995005
TCEAL1	0.10976857401988341	0.007072324200645201
TCEAL4	0.13660365455082718	0.003460765872087249
ENDOG	0.009449724938786451	0.8184111325880316
TBC1D13	-0.2050757639470507	1.5924852496564045e-20
NFYC	0.016209190404033166	0.5029976892279152
TCEAL9	0.21704295452019232	0.2815544522491243
ZDHHC12	0.09054694437078042	0.27508256181120644
WFDC2	1.2138146501980485	2.5612772083907345e-18
TCEAL5	-0.13043426231397365	0.6473727488537109
RIMS3	-0.9504815499356597	6.1416811742951415e-06
SAMD8	0.10013218145257521	0.25430923520390714
SET	0.5574944646600946	4.415871590907379e-08
BEX4	-0.04022339727160454	0.8700111020941967
SET	0.46422048316522224	1.39974333832843e-23
WDR34	-0.1459997885959182	0.001440883799822587
SPTAN1	-0.963524438199642	4.395353888472027e-80
SDC4	-0.03269983415841038	0.5711433930549642
COL9A2	0.12399109557804316	0.16668875440457429
ZMPSTE24	0.5796930882495936	1.4582091699531982e-23
PLAU	0.8261719111677225	3.821060785737792e-20
RLF	0.08737471397818401	0.06705248429069546
CAP1	0.08203154048284818	0.0013963293220536034
STK4	-0.09261249379879101	0.001787146520753495
GNMT	-0.6449529827039291	0.0023296834322945187
TOMM34	0.3096664414640595	4.723863607975389e-17
ARMCX1	-0.29181549217027725	1.3158644423992987e-08
CHCHD1	0.3045693884538358	1.1799213681465828e-17
CNPY3	0.3713863925241462	9.722020393911465e-29
HNRNPH2	0.2029989340745582	1.1528390151489952e-13
CERCAM	0.3068534717396947	2.409391765701245e-09
FUT11	-0.18391260647944685	1.7827465451339249e-06
HPCAL4	-0.3975520047679584	0.014170965922633645
URM1	-0.1780888351952745	1.5572259067633603e-06
PABPC4	0.23447439935042805	0.0006305090170864328
PABPC4	0.5724245739509424	1.3242286486448114e-46
ADA	0.10739458864377563	0.024788200048335682
TBCC	0.1845192194031862	3.6277979419080055e-12
TRUB2	0.23069410807330676	2.778064211901462e-05
UBR2	0.130333610370572	1.1582464090754817e-09
TIMM8A	0.45201375205145117	1.603564334227322e-20
ANXA7	0.0112830721296754	0.5790026448888508
DNM1	0.03215349847274945	0.47280455013695605
CENPI	0.6421875588413096	0.04463586299386467
TMEM35A	-0.5579211391490853	8.093088222743399e-09
TRMT2B	-0.11535162106853396	0.31330672220092326
CIZ1	-0.08422692413311081	7.992622156659377e-05
MRPS16	0.3433852648984032	1.5262756409261927e-16
DNAJC9	0.2315641736260466	1.738744869334525e-11
XKRX	-0.6633382319870862	0.04719442279580949
NDUFS5	0.2608771596102618	1.3773539318003482e-12
CSTF2	0.5575482108835477	1.2380067792112698e-61
TAF8	0.09139698153366002	0.016576455662446154
ECD	0.048136869105800346	0.09517747701365696
JPH2	-0.8205733440309335	3.236418893480338e-32
CCND3	0.030966891791428267	0.6064218061896453
C9orf16	-0.05498190760719436	0.25340604356777074
RRAGC	-0.14699799806836525	1.8152038388493734e-07
SRPX2	-0.10501584044770894	0.09032459187684404
UTP11	0.33053249779353744	1.0068265564913241e-09
FHL3	0.5112023605891959	2.852847103303549e-32
SF3A3	0.29368579273801954	3.317597725620102e-45
TSPAN6	1.0918549562542441	1.8854104611237484e-33
INPP5B	-0.1084511392329344	0.0009424304659878156
PGC	-0.3771072715052799	0.02948200412428586
IFT52	-0.37089621338733236	4.8071020217453146e-20
TNMD	0.16147929725504717	0.5958087258661604
PLA2G12B	-0.02049795516338626	0.8602902678738844
MTF1	0.43353985745135215	2.1305449554133587e-24
C1orf122	0.6268323309588626	9.635393549572189e-36
YRDC	0.09655793367882758	0.01610494163292449
MANEAL	0.3459254363793211	0.229119524211194
MCU	0.4218410987909188	4.0349020293265556e-13
GNL2	0.5536485687666812	5.331129129720423e-39
FOXP4	-0.36019617867264947	0.0009806502063788765
SLC25A25	0.2363693021669535	6.887585343684616e-05
NAIF1	-0.089433130934533	0.12286861858509102
ZC3H12A	0.12283849167442762	0.0005677663509648977
FAM102A	0.34399281102740964	3.7410089978517624e-10
KLHL4	-0.5329983084128394	1.5282989832009936e-07
CHST3	-0.043803468369193126	0.6019845266241362
MRPS15	0.5878603669543525	1.404613315207861e-38
MAP7D1	0.35973983518785035	1.720957522969957e-09
MAP7D1	-0.002847341360709965	0.9119666357811463
TRAPPC3	0.11292114361019187	1.895604297631357e-05
APOOL	0.11531648506449627	0.003105490500534804
ADPRS	0.03914760748051044	0.08120276442266802
SLC29A3	-0.027947688147747687	0.6227881690238186
AGO3	-0.1688372167639679	2.5569271651146057e-15
SGPL1	0.7358674311857571	1.5189518007764082e-44
AGO1	-0.20589353810748912	3.380625563857443e-12
PRF1	-1.505463625144995	1.6782626874036737e-59
AGO4	-0.31329881833881545	9.662596918815e-19
SH3BGRL	-0.33745327535355535	9.581013677546276e-27
EIF4EBP2	-0.004129284480889839	0.8743320897360796
PPA1	0.39856489693771274	9.94463499310919e-26
CHD6	0.11375551150465674	0.004734407648713171
TFAP2E	-0.6009520530534131	1.9108458164721145e-07
PSMB2	-0.03535099145041853	0.0598137240953826
SAR1A	-0.018482847946819383	0.39126652487921837
FPGS	0.04215843035407309	0.3019561006074461
MACROH2A2	0.005475701413517116	0.9113654874506606
LPIN3	-0.4460571973484188	0.0038830265633843885
CDK9	0.4501432791878265	9.575503515718467e-43
BRWD3	0.38473866883435887	1.7107653509145382e-06
FAM241B	0.43815037631210046	1.659567797674594e-07
TOR2A	-0.08099382682673788	0.05763989701345461
TSPAN15	-0.3638339457503318	1.2106231984241489e-08
CFAP157	-0.3126656111596362	0.08286134123751807
STXBP1	-0.7127928520200135	2.026576450985493e-49
NIBAN2	-0.1935367423294982	1.0953368837285876e-10
MAFB	0.19078823921659938	0.01443095876208258
PGK1	0.41780287129212146	1.2992288855820446e-30
TRAF3IP1	-0.16959409799247477	0.00013522523748614806
TMEM35B	-0.0736334971949788	0.5017166039367819
ATRX	0.30932394356668624	8.328575132560586e-24
PBDC1	0.2821929457234998	2.1864185520578216e-20
GLO1	-0.08258032095444193	0.02920245138424698
SLC2A8	0.1635987588316657	0.04452693207314139
UPRT	0.13706851926624453	3.1178989112334256e-06
GARNL3	-0.45643144337834235	0.000684402945029933
CCDC167	0.08921894947075674	0.43145245108425195
ANGPTL2	0.26635645538652963	4.343894998975783e-05
ZNF362	0.31646241677416864	2.4296959998250156e-07
RPRD1B	0.12489031391886059	1.27036820318614e-05
TTI1	0.23896454924126975	2.1715867817424976e-12
AK2	0.3633493623682702	1.5911765851479855e-15
CMTR1	0.1355328277307762	1.1015936370651547e-06
ZBTB43	0.02616760876849806	0.5180600150698392
VSTM2L	1.1810511842439182	3.457678211499296e-14
S100PBP	0.16668039956632946	0.0030323585931908235
YARS1	0.3957663722210474	4.912421044992111e-41
SYNC	-0.7068053064459674	2.6420157164778815e-50
RBBP4	0.24004287912622285	1.375692156073217e-27
TBC1D22B	0.14461664454829165	1.9881494886333142e-07
MARCKSL1	0.7535394495289391	2.577734281889495e-28
RABEPK	0.0745783127802054	0.0021693277691008255
PPP6C	0.04749095455466988	0.04084776352729709
HDAC1	0.30169981264380336	3.831690304694316e-31
GOLGA1	0.2052877939296089	7.896306402285839e-18
GIGYF2	0.340092977769206	1.889435459168974e-41
OLFML2A	-0.8463774088602085	2.4290207029256075e-28
FAM167B	-0.5530635927733812	4.260430594873983e-08
DDX50	0.35958605440864877	1.8708367670106572e-33
EIF3I	0.3291234608220178	1.8792081902121146e-44
CCDC28B	-0.03183199338151255	0.8793781864680065
MANBAL	0.17081454418080233	0.012664065893658412
TXLNA	0.44320657889509735	1.045112454805861e-42
MTCH1	-0.0551945489422936	0.13424904095222476
RPN2	-0.13170466559394672	0.28526066105986153
DENND1A	-0.12528172780916313	9.257896466016229e-07
KPNA6	0.10038009270309904	3.0191208098633506e-06
C2orf72	0.703200576537216	0.0006701281867282215
RPS4X	0.6768673026842257	2.5290609306913127e-60
RABGAP1	0.029860306020375513	0.23095618821191916
RBL1	0.4968555111614258	6.630496657876516e-06
COL16A1	0.09310003801413963	0.1362425456891362
PI16	-1.287552990714849	5.9463981667672915e-55
PPIL1	0.44829407887765016	1.9308663721986934e-45
HERC4	0.08245129871761764	2.2485902162079466e-05
OGT	-0.3718425338600947	0.08767725483989003
PEF1	-0.20244839299527254	1.3093256485323864e-13
SRSF3	0.39121068570268974	3.723159659126855e-46
OGT	0.2258063888662717	1.0555862836824711e-27
KCTD20	0.05420688949320199	0.4422472018907622
PUM1	0.3728310443838373	1.0867150374660048e-47
PUM1	0.16091986245530482	0.0066789749326235095
DSN1	0.28726259920449804	5.252719582848129e-18
REEP3	0.21437261629155485	9.434757885680085e-11
MATN1	0.43249218944374485	0.23794073632625776
NDUFA8	0.28294562440321486	7.044700178045361e-15
ADO	-0.0035265472267245676	0.8680558291911631
RTKN2	-1.9923564789094006	4.3961046374749485e-94
SRSF4	0.29909355747586147	4.428953065184026e-20
EPB41	-0.7528780785493431	3.1766811836208803e-06
GSN	-0.052336507002391626	0.2954402994764815
YTHDF2	0.6766899937269135	2.4202711992501884e-64
SRPK1	0.928019633251841	2.6817797823532207e-59
TRNAU1AP	0.13071025356256147	1.2322404119634363e-05
RCC1	0.5177642812375878	2.320757229660284e-28
PHACTR4	-0.0888892420779389	7.181662015692067e-05
RAB14	-0.07572673154627112	0.004768790135470859
MED18	0.21196912415421604	3.079694531241491e-06
EYA3	0.27471394094265755	1.9106648105120845e-18
OBSL1	-0.10048090900710754	0.0035396609344276633
PHYHIPL	-0.07741480029570393	0.6636163936443815
XKR8	0.24163972712365728	0.06274122685850696
BICC1	0.08831501690291425	0.06001638212067515
TRAF1	0.3162048570361251	5.40328457809866e-11
SMPDL3B	0.7633120407506134	2.1189283678496008e-24
RPL10A	0.5024157175838995	6.013540108182767e-53
UBE2D1	0.5321244087577574	2.474977993081199e-06
RPA2	0.06009750122293385	0.014793224776836035
THEMIS2	-0.2192472558074619	1.0738933681283242e-08
MEGF9	-0.06469792652559701	0.24783248742013697
CISD1	0.6027048291859775	6.219017804260893e-29
IPMK	-0.16163919856347223	0.04835352121427411
STX12	-0.25866685887477786	4.966038460192887e-18
ZWINT	0.3863877180506007	2.2696609683804688e-10
FAM76A	0.23034392606973592	1.9361955604850845e-14
DES	-1.7632242352650391	9.839423684961374e-62
MBL2	-0.944794560641958	4.609100486394727e-23
DKK1	0.7760846030025567	0.07430512617725672
PRKG1	-1.0077092575767592	3.8370227696301126e-58
TRIM32	0.06161446506571979	0.0056459442375710826
ZMYM3	0.2646421877575892	0.005632020956955834
FGR	-0.5623819496990752	4.1771807609567673e-20
PHF20	-0.07195662849450365	0.0692226550445639
ILRUN	-0.09721721316949443	0.0006170528618578378
ATP6V1G1	0.06570606866172835	0.09034508207456603
TMEM222	-0.11214683378197976	0.0007954589100337317
MED12	0.1986819197788858	1.9088420422442762e-21
NFS1	0.19687263734424193	1.551718861039305e-07
OGDHL	0.15742385199698983	0.4505862336792229
ZNF618	0.308154755278531	0.00011049754611719191
GPN2	-0.1406916786775315	0.009442501787441786
ZDHHC18	0.5666322596980795	1.636670213921089e-12
LRRC18	-0.6590884556320502	3.6666685473607428e-06
RPS6KA1	-0.07950663891567003	0.03841602259784459
POLE3	-0.004044549997247335	0.9360787898338898
MAPK8	0.024756269286371646	0.36993455215586607
BSPRY	0.3133828641255907	6.49137097697265e-07
PRPF4	0.3604087235421011	2.906331322130305e-42
IL2RG	-0.5853014987403298	3.1431029739993606e-12
CDC26	0.2571000456212597	3.4578361456379066e-22
SLC31A1	-0.17416848507525454	0.0005335465354730837
UBXN11	-0.5160758268053544	3.718058852954539e-23
SNX30	-0.13189727323996006	0.0022163413770273557
INIP	0.43124282350667476	8.84783646284307e-27
KIAA1958	-0.37944371947412825	0.043154109474788774
FOXO4	0.06914776156903653	0.608342096760251
SUSD1	-0.5599534411643282	5.703020816728888e-06
ZNF593	0.17896956865712038	0.00022436505956819234
FAM110D	-0.6618853991445447	3.414732960489916e-13
SNX12	-0.11939187886024458	5.2854731458329544e-08
UGCG	-0.20628950563171455	0.0005230695867690093
PAFAH2	0.1325330411956044	9.198158675950649e-05
GNG10	0.012647679831749872	0.7978791321506252
PAQR7	-0.38968821593522796	0.00024168711715457923
MTFR1L	-0.2566627663808687	1.8280649661917186e-16
GPRIN2	-0.6010423403587892	5.1189898707037684e-14
ITPR3	0.29787196061874754	1.0212306176609245e-08
MAN1C1	-0.307296980405752	1.2440421753557282e-05
LDLRAP1	-0.45349830400969876	6.4166265331725965e-34
MACO1	0.5591634491049567	9.507583104253651e-42
DLG3	0.10369748830604936	0.009087414695909462
TMEM50A	0.059791996850213046	0.5887934714191742
CLIC4	-0.4787383790749722	7.793819032214619e-44
UQCC1	0.3710556668697399	1.5396491839148298e-14
SRRM1	0.32586557433392205	2.047642877868213e-33
ALOX5	-0.5534230755906112	1.0161048078232124e-26
RCAN3	-0.004476827553691165	0.9341112567760352
NIPAL3	0.1496397333775767	0.001946092200028921
KIF4A	0.5557142094547175	1.199420787317235e-13
ZNF32	-0.1790627668145121	0.19406157202428148
MYOM3	0.3386123300496492	0.1511970213603802
EIF6	0.4941999160572905	1.0352600868936378e-42
CSGALNACT2	-0.04147790244794403	0.3590391268652829
BAK1	0.08950968134728134	0.011302166230332955
SVEP1	-0.7191377479884005	3.7452857154972815e-42
FUCA1	0.6028653102715094	2.0500497792473832e-15
HMGCL	0.11449999655044377	0.010650074010728264
EDEM2	-0.01789521446946315	0.5844718953917812
RAPH1	-0.12898954088891054	0.05793471600806166
CUTA	-0.10275733390027245	0.00019914209166890752
GALE	0.3743273010694047	4.598388843157193e-14
PHF1	-0.13700094410071534	0.007977393422171537
LYPLA2	0.4034019697635276	1.334334778135843e-31
PHF1	-0.0599066291457095	0.048235897873972096
BMS1	0.4512743650918043	4.40026641120275e-42
PTPN3	-0.03879350052468243	0.2790473305485239
EPB41L4B	-0.3686964174797768	3.8770534264300183e-10
BMPR2	-0.6153263096401003	7.430912376083764e-40
TMEM245	-0.4185823490447681	1.772721514338899e-17
PFDN6	0.46878826099845894	4.0058986418557845e-47
HNRNPR	0.26657705270153464	0.0002138106869190368
WDR46	0.3752357777033161	1.0565769823609971e-24
ABITRAM	0.13388257786223617	0.0011797304458591184
EPHB2	0.3575633704809099	2.532253334637525e-07
C1QC	-0.34912954879385966	7.877661179968972e-11
C1QA	-0.6462429434472114	5.007413727800046e-32
ELP1	0.22407637364762276	1.8088919547716733e-26
RING1	0.1424276853036121	5.269258625806439e-10
HSD17B8	-0.06571111834975878	0.10371033284438405
KLF4	-0.894197124846279	5.7937587495251074e-11
SLC39A7	0.8122721086205269	2.064190316183513e-27
RXRB	0.21026737601865814	1.2765651242451894e-14
TMEM38B	-0.5966287990570397	3.9233332545980515e-10
FZD8	-0.13480780142415483	0.1853476602251694
HSPG2	-0.5667193295876628	1.966942044617465e-44
AOX1	-1.1318885378422188	4.375168279751386e-50
CCNY	-0.252092786451826	9.461870580420843e-13
FSD1L	-0.5010134776354541	4.092342483950975e-13
SLC44A1	-0.15734982671503728	2.672573090249671e-06
USP48	-0.06283218627384014	0.14377206240582505
ABCA1	-0.15935034307709564	4.544012947919956e-05
VSIG4	-0.6338425664936925	5.354602395093355e-18
OXLD1	0.16654458430641025	0.0004518647052925391
CUL2	-0.03008779557040199	0.15218287852044357
SLC38A10	0.37030855812347474	3.3720225308169154e-25
RAP1GAP	0.052736004366386785	0.49235682410038806
NIPSNAP3B	-0.7051056503435884	0.004489982839257857
NIPSNAP3A	-0.6874958418611525	1.6608606459520349e-32
PARD3	-0.2556770032449515	0.4668365361926872
PARD3	-0.17205607712829857	3.553403940292255e-08
LAS1L	0.367358648985189	4.967898157274374e-40
TP53INP2	-0.6416011722464088	3.3003193668888633e-10
PIGU	0.36523493097457677	7.247798872322188e-15
BRD2	0.24620994785874073	3.01217567384343e-20
ALPL	-0.0210329357583309	0.8157195857283553
HLA-DMA	-0.347229448616498	4.997838776677974e-06
DYNLRB1	-0.014138237585422583	0.49903838961419067
MTMR8	0.13373855025664544	0.30616880638121907
PSMB9	-0.09942460351146498	0.0015053852563971615
MRPL50	0.23358425611629285	1.0312782679857968e-08
COL5A2	0.7887232288812682	1.4603868027827475e-27
AMER1	-0.04465258345824844	0.6524750917443236
PSMB8	0.19229353867086668	7.216564796324877e-11
SPIN4	-0.7367801183960418	0.0027150480548275607
TAP2	-0.020179897678277946	0.720486740149863
FAAH2	-0.023753838131073207	0.796245865791289
TEX10	0.16786915573403238	3.961096063055517e-12
RRAGB	-0.2547097632725771	8.950091448648353e-11
HLA-DQB1	-0.09622912229792152	0.4507003191979571
PAGE2	0.0619804066333538	0.8858132180280182
PAGE2B	0.20580888458829655	0.6578385515265056
HLA-DRB5	-0.33283436996715887	0.00028907108568082513
EIF2S2	0.5416171743463298	2.5136951950083512e-58
APEX2	0.23842952633335657	0.0008436734177407697
TGFBR1	0.22959554752278719	0.00017822333072614442
COL15A1	-0.5904429016391952	1.4254576051065894e-25
GALNT12	-0.10672049085089332	0.02679724692388112
NOTCH4	-0.5200113311152714	0.008284008174104332
MXRA7	-0.7119962543125287	1.0144299832981348e-20
GPSM3	-0.05706306614676164	0.12625030859991715
DDOST	0.44266111124022367	5.7580172658757004e-27
PBX2	-0.06159207541060788	0.05378346134152176
AGER	-1.8218722156688996	4.271898540257711e-75
AGER	-2.7402673287783395	1.283249593302301e-74
CDA	-0.04838944647241848	0.4626319488257816
AGER	-1.9167201211430358	1.0168234731085317e-95
CAMK2N1	-0.7877743880584858	6.712787826927259e-20
RNF5	0.8031310931671318	1.2642483000334053e-33
UBXN10	-0.03765306886965148	0.6684029504991393
PLA2G2D	0.12546501156267809	0.28119455470163274
PLA2G5	-0.270020293911611	0.0017084471605534437
PLA2G2A	-0.4385598239940574	0.0031207153365819464
TRMO	0.08944838751900631	0.3436415878924598
OTUD3	0.24024987116907565	0.0002856094572769287
XPA	-0.19522902865451605	1.8352225016355604e-10
FGD1	0.23352735564362936	0.17484090305911645
CAPZB	-1.288806540059268	4.718698004744033e-65
NCBP1	0.33848338764872843	1.5682286291102495e-38
TSR2	-0.012160075713720943	0.7514983710000255
FKBPL	-0.08298367258087826	0.0022231423877738373
MRTO4	0.582061983925068	3.602815585145956e-44
FAM120C	-0.08710499723317858	0.03902859489214831
EMC1	0.15409714106642794	1.3367472765184566e-09
ATF6B	-0.3049778452418143	1.0079890602338238e-05
MAP3K20	-0.46111812013425835	1.8373372573693423e-37
PRXL2C	-0.48961453364497376	1.4957246979148842e-19
ARHGAP12	0.21486525843322218	0.0011419563007186563
HABP4	-0.0659476265296579	0.06883221977996937
UBR4	0.1991580377738928	1.502764372360857e-23
DCAF17	0.5283597877180688	0.06881962783802516
UPF3A	0.23468178551910585	1.3074466535978847e-06
SIK3	-0.19691223121344517	5.778578927996788e-17
FBP1	-1.0147326462837643	9.545888089593195e-27
RIBC1	-0.6522627181466502	1.6434314774089637e-07
STK19	-0.18219700840113234	0.004050637532033206
FBP2	-1.0364177927342353	1.659357666849617e-22
PTPDC1	-0.4605481835746432	7.987824762043995e-06
TFDP1	0.16363453181688686	1.6396582899304502e-08
JCAD	-1.0814629789041388	3.8180313220907184e-79
SKIV2L	-0.03315456340673036	0.09751270763688541
SVIL	-0.28055446013588325	4.279777520699485e-18
KDM5C	0.29999396926764715	8.1457289404442e-15
ACTL8	0.4806053100998171	0.36075752750844564
ARHGEF10L	-0.19950916312036565	9.89379330051154e-11
NELFE	0.32033257362867856	1.3621514280345343e-33
GRTP1	0.06950977079294102	0.4387872177128357
RCC2	0.38004008805350287	1.1963006905051456e-33
CUL4A	0.13249925652469607	1.195618199585321e-08
TSPYL2	0.09138871472068169	0.4868732226294349
NINJ1	0.47596815796745134	4.960532139851719e-16
PADI4	-0.6640892472900856	1.1573633721053254e-10
COBLL1	-0.48126152444045134	9.029230889392407e-05
CARD19	-0.1706476005171713	1.2186320954136046e-06
PADI1	-0.123422300702951	0.6307441913652052
PADI2	-0.06130596824339795	0.257838063261317
RBM7	0.1646705758067184	3.542152852018205e-06
ZNF484	0.1756704087310682	0.18711419025775936
SDHB	0.38274902916956066	2.1667878850217136e-25
BICD2	-0.11164382801930436	3.919597568074597e-08
ZBTB12	0.4433711108974995	7.930776263303433e-11
EHMT2	0.18431433630639701	1.0977020886262552e-18
MFAP2	0.5744964792943104	1.6830245559237324e-18
CROCC	-0.7548940012066785	2.082659042548732e-40
ASPN	-0.8175499086391156	4.5027701246415077e-29
SDHD	0.518934480829845	0.01556281813456807
OMD	0.6369941097810816	9.315208532169622e-12
F10	-0.998932211634875	2.413649354633419e-40
MAPRE1	0.0713881348533865	0.0013230700683838019
FBXO42	-0.18367357568667284	1.1204133323488664e-07
CPLANE2	-0.32074805655920136	0.006854191223357249
ATP11A	0.12428964287532296	0.037292773266742685
NEU1	0.6548793667014436	1.0383243096687957e-32
IARS1	0.5128847654138079	4.699150970573553e-52
ZBTB40	-0.06822713470427874	0.020949110706064384
HSPA1L	-0.2770568829379306	3.7436950379709414e-10
LSM2	0.31482119743397713	5.492832616008731e-30
VARS1	0.3360998544172309	5.849960374944934e-37
ASXL1	0.38599799805978363	3.1538850009801954e-05
CARD16	-0.5480298213133806	1.1957527855777503e-31
CARD17	-0.9803294641556788	0.001849531351630513
ROR2	-0.12273471788896652	0.02613201488835183
KIF3B	0.12560818666071386	4.209151131543113e-07
AUH	-0.2139453123058475	4.0006962742937517e-07
ZBTB17	0.09842499616808216	0.004251324717600977
DYNC2H1	-0.535807647636743	3.3637964917637118e-28
ARHGEF7	-0.09380463725573635	4.664232012100458e-06
SYK	0.014753097808280602	0.6158808623221429
SYK	0.6330952087437038	0.048835647777333735
POFUT1	0.14869159251282002	1.4697915096735745e-08
SPEN	0.18054870734819772	1.2126457809823526e-23
FBLIM1	-0.8841670176432483	0.00017724090711102727
FBLIM1	0.13696612467371527	0.001080996099657526
CLIC1	0.2845478789250084	2.3558640468158934e-22
DDAH2	-0.7629967349051758	2.6438407020280673e-65
PLEKHM2	-0.1685359689071089	1.0141664502799625e-12
MPIG6B	-1.1361333630951103	3.9088000566744757e-16
SECISBP2	0.09348714624107118	0.005854616798254832
CKS2	0.08353893745810295	0.5668752869504675
COL4A1	-0.997354533151519	2.41395207726225e-62
AGMAT	0.6197559014310511	0.00011423607938711367
SHC3	-0.7709922321557475	2.72113243813179e-13
DNAJC16	0.0985283878537386	0.0028749137161841565
HCK	-0.2855537936497906	8.316241453152091e-11
IRS2	0.16598572647378493	0.0066991864493925486
SPIN1	0.015754594294163496	0.5492717691701543
HCK	-0.6195848197076548	1.0494486843323423e-18
CSNK2B	0.047836591503439815	0.16498512844494037
TNFSF13B	0.5700834224996166	2.1633254139817983e-05
GPANK1	0.016227524288821765	0.9048261964979729
ACBD5	0.38904533509973904	6.6967122758055815e-16
ABHD13	0.020540484311778934	0.6378172830627368
C6orf47	0.20647793159105193	2.6152810563683196e-06
APOM	-1.1444423064405074	1.0387813074919228e-51
TUT7	0.17579164496526206	3.199408567173261e-13
EFHD2	0.08350191684437758	0.09339129162837473
ISCA1	0.10669022078874899	0.004837318800883313
POGLUT2	0.1707965882520494	2.1976766625146734e-05
PRRC2A	0.4271016266950416	5.744112140378459e-47
TMEM51	-0.022313351959914955	0.7012365781200254
TEX30	0.18358089530596514	0.016722388449516516
AIF1	-0.06234131838896584	0.17209695969135605
TPP2	-0.032793698014538936	0.1877932589895263
COX4I2	-0.5202847481870659	6.051921771466735e-07
LST1	-0.3060553511482755	0.000743846857453453
CLCN5	0.19857025466822414	0.0002648493391091578
ID1	-0.5395333616324957	4.3707830746075335e-17
ABI1	-0.24213307932017047	1.4632444663865351e-24
NFKBIL1	0.09998833218188778	0.05667728827876844
ITGBL1	0.8613495230953758	1.2937782765114413e-26
FOXP3	0.1398715489670951	0.44163024570657405
PDSS1	0.18654976821903005	0.137764100670097
CCDC22	-0.30177266625854077	1.0848810235263335e-48
HLA-C	-0.0710583558490487	0.3441203580867854
TMTC4	0.22969316383150096	0.00020959667027232174
APBB1IP	-0.0756130030481447	0.026890044646366275
GGACT	0.007218870711136307	0.8650513790660389
TNFRSF1B	-0.0068079529641031575	0.925466788678959
HNRNPK	0.3463743742550461	1.995525981808426e-44
CCHCR1	-0.26385579974814133	0.07392776055208067
PCCA	-0.11647142704698177	0.00943172663828342
MUC21	0.7800436262529999	0.0010958934586508982
PLP2	-0.4510871858401554	3.3480495587824596e-15
CHRDL2	0.34322524995629466	0.004920651918369456
C9orf64	-0.11059366444628185	1.1608339978589487e-05
STXBP4	-0.01375028982588722	0.7198187191160886
THNSL1	0.22039427008998974	2.5983853606890632e-06
ENKUR	-0.8433503883669005	1.030561809250507e-16
GKAP1	0.31915819678073426	2.650208132021799e-06
WDR45	-0.14757933882009763	6.240408172612528e-07
TM9SF2	0.5561313656588488	8.79910790921421e-35
FLOT1	-0.17696645097034877	6.187921071417923e-08
UBQLN1	-0.0899088310797591	6.612185962926514e-05
MDC1	0.24599624316795976	1.4445816645238572e-10
GPR183	0.3506801988950783	0.00023812146257912658
IDNK	-0.296852246606335	3.797571900559154e-11
ARHGAP21	-0.46293707462265965	7.473627417085219e-10
GRIPAP1	0.15214700725256158	5.045939649233288e-14
DHX16	0.23733885105069213	3.028518145992083e-27
RASEF	0.3904545768693509	2.1549750067062247e-10
KIAA1217	0.04033423392208828	0.3922777254294827
DOCK9	-1.1601121184730605	8.281191051736702e-54
ATAT1	-0.012594583725502699	0.7763193469769597
OTUD1	-0.39436235717165646	5.0250056532539835e-18
TLE1	0.0026509659395610105	0.9356941647732855
MSRB2	0.0022515196819789807	0.9489206927440995
PPP1R10	0.6229129915948415	4.858260460973299e-62
TLE4	-0.17382802800496117	0.0005881591561538293
PRR3	0.6973989390124852	8.508610176460305e-15
KIAA2013	-0.13388955044816384	8.702328282613154e-05
PIP4K2A	-0.4569047622182149	8.893967617657097e-32
TIMM17B	0.32682410254770283	1.514824504703621e-14
MTHFR	0.09282815156121457	0.01176891249971372
PSAT1	1.1576781814921902	6.216504590953891e-34
GNL1	-0.03463316458489534	0.14389091470231277
GNA14	0.07039380176316604	0.268243081681982
SPAG6	-1.1128922000691375	3.0402486639168616e-32
AGTRAP	0.41444890138405976	0.002770543193865129
HLA-E	-0.5244320635003099	1.4035769263872381e-22
SOWAHC	-0.3514280714910689	2.413705005858354e-28
TRIM15	0.043631407276418975	0.6764172006717957
WAS	-0.16262117103172125	6.028329369473441e-07
PRUNE2	-0.6124602892391808	1.0665073097891183e-24
GCNT1	0.2752879330998446	0.00951498195503705
RFK	0.3291814793640724	1.6254258689538967e-12
SP2	-0.13315178553054896	1.7022640202399972e-06
PPP1CA	0.11805370288766781	1.0943105015823344e-08
UGGT2	0.11353082110149294	0.0009414605174106115
FBXO6	0.4647795600785427	1.1997806267237721e-19
RBM3	0.31933094830354075	1.1289803871514952e-13
TBC1D25	-0.17920409733899736	8.168639764416699e-07
PPP1R11	0.1310063409174442	4.180383053590371e-07
UBIAD1	0.3293264401660804	1.534336886140684e-09
HLA-A	-0.060339347008248986	0.4590051477048603
CARNMT1	0.5769591681759773	1.5998220213605748e-28
COMMD3	-0.08365183516779304	0.004994886726987279
TBC1D8	-0.21313438548497457	8.766874611628553e-10
C9orf40	-0.8146373275523606	8.999989261323319e-42
RILPL1	-0.345997509614177	9.280838468805323e-24
CST3	0.06746886673501709	0.27928388287293715
EXOSC10	0.17120079715695077	2.986641063535976e-17
SRM	0.17103885633731825	6.918125565223355e-07
GPR180	0.6499737555586457	3.3031387330203077e-25
MYH14	-2.0046241442013586	2.3439402421822166e-12
DNAJC1	0.48324588246699307	4.765114611878604e-24
C1orf127	-0.9550378142806359	8.92194565963684e-12
CASZ1	-0.11995832511551294	0.01852305262299019
NAPB	-0.34568838380462696	5.545955951944897e-16
DFFA	-0.36209386209044725	3.2813698313961053e-13
DFFA	0.13774252917773075	9.126445407078564e-08
CEMIP2	-0.52199644167464	2.1178736348077245e-30
ARAF	0.08706948367977223	8.427593971093049e-05
GPC6	0.2662824156195736	6.848983836457664e-05
UBD	-0.13050782895263557	0.31322958382510024
KDM2B	0.18416926713035303	6.18524502103846e-07
CNNM4	0.09826744385181996	0.026882207654554565
LMAN2L	0.16312893472814377	2.045071435185226e-05
KIF1B	0.09277458833739119	0.013176863038321853
SPRY2	0.11913428692717042	0.36259625739961215
THBD	-1.313446065278406	6.0854252931043166e-71
USP11	0.05742119540953695	0.042829267783512016
FOXA2	-0.27245384783825577	1.5624162901025715e-05
NEBL	-0.04654514614501795	0.7950405950744451
KLF9	-0.36093103528815335	0.0021083938429362244
MAMDC2	-0.7518520873406833	1.6115604779922885e-26
XRN2	0.25134987153151933	1.0904991343138126e-26
C9orf135	-0.9195585272118445	0.005650660901340487
TRIM27	0.05221697148846298	0.0738956389639771
NMNAT1	-0.015602722727971606	0.6196772136011992
EDNRB	-1.3696414446725114	6.9011387472323995e-47
LZIC	-0.050136240269190085	0.07422455169781622
UIMC1	0.30711856821564576	1.8558398044597844e-17
SNX15	-0.3880068549563588	1.6238889197175145e-41
TJP2	-0.7673647817934842	0.000960876395302926
SCEL	-1.3942768238396899	3.403142581250401e-35
PLXDC2	-0.693525093620813	1.1385935422931926e-48
CTNNBIP1	-0.3908581456615943	2.4749760278934344e-22
ATG2A	-0.22125873376928112	1.8441022154680733e-14
ARL5B	0.6739589093402765	1.1709481919739442e-26
ZKSCAN4	-0.08019234423603502	0.28958962330455623
NSUN6	-0.06564305974136395	0.08130941485634062
FTL	-0.706477452227981	1.482547858122185e-07
CRNKL1	0.143738709790519	4.709948440640885e-09
PIK3CD	-0.07027761795149333	0.02023618604401465
SF1	0.19695706151708836	1.6675452953189217e-07
SF1	0.23852628807505177	1.4079150028951748e-38
H6PD	-0.06350396163140504	0.05979637596775254
GPR157	0.008121862377560903	0.9618327972830276
SLC2A5	0.3998595014028039	4.200691853099948e-05
CA6	-0.11378371338400478	0.374140163753113
DTD1	-0.20970296380250725	1.7805206861196748e-07
CLN5	0.047970448034569846	0.35508981548520896
KCTD12	-0.6874681630655567	5.4903780646817985e-62
ERRFI1	0.6751435406792281	3.7096655427363326e-18
STAM	-0.14558660941663917	2.3743550084284015e-11
AUP1	0.14675574926462145	0.0001242038135180523
LMO7	-0.1490718681100216	0.005494167055781222
HECTD4	-0.06988556965762056	0.0030991593748174806
HMGN4	-0.5848866699657357	1.2674379240529192e-18
UCHL3	0.10259661110922857	0.00021362204609769276
POLR3F	0.2784968100879199	5.415229897218117e-23
COMMD6	-0.27979663981393127	4.5083033474258816e-27
TBC1D4	-0.4037502922615259	1.424232037822124e-25
KLF12	0.03769319422102413	0.7688819168663273
ZBTB48	0.14220848059623445	0.028809178346497107
KAT14	0.33346484930542275	9.025851344421314e-12
KLF5	0.20141356596532167	0.00027620270922845593
IGFBPL1	1.1726661621213754	0.00022979417034157197
ALDH1B1	0.24441165297357315	8.129955354192093e-05
NOL9	0.09312928906743166	8.976758399058802e-05
SHB	-0.2550505203922252	1.6812767353462725e-05
MGME1	0.4384031333679513	9.390605208295525e-16
DCAF10	0.11199797583896023	0.0002520096428970999
PLEKHG5	-0.3587081211526513	5.212965507740383e-06
SNX5	-0.3737042104571786	2.0036620713928287e-30
DIS3	0.22895498235268397	7.324729126888485e-20
NAA40	0.5064631016163887	9.93268448072442e-21
TCOF1	0.46912941925327034	9.386651033483428e-33
POLR1E	0.49737526445115	1.9448535027657606e-32
TRDMT1	-0.1555324826417983	0.00013526534251893008
MZT1	-0.15044314835709788	1.1957225830426847e-07
ZFAT	0.09885387480011112	0.3859856553080275
SLC3A2	0.45445812336600444	7.255094679665289e-17
DIAPH3	-0.2478544181547901	0.006567780440029717
PCDH17	-0.9630849955120306	1.3765863476782979e-50
GKN1	-0.10641268929405345	0.8036847241381021
UQCC3	-0.14196908862371002	0.028427021943001143
GLIPR2	-0.6907222488620792	6.927421472098943e-60
SCGN	0.5345890752418634	0.16632023411460234
CNMD	0.1274224218016868	0.38286400189304903
RECK	-0.9332297734206016	1.2587260433398695e-61
SUGT1	-0.36081441744849385	2.4511320301473083e-07
ACTR2	-0.06571314642485615	6.142864017331914e-05
CEP68	-0.409003589749651	1.72930070016522e-18
AHNAK	-1.2346137779761401	4.5086696905963335e-76
CKAP4	0.7388957150374964	7.603750699384098e-34
FUNDC1	0.38418741838565607	2.2602376122156205e-07
MACROD2	-0.6354809763134183	1.0903522499673728e-11
VPS36	-0.14366501431180356	1.7289313405540913e-10
ITGA8	-0.8851477087698139	3.518911521215674e-47
RGP1	-0.16186846432936344	3.0673314566948565e-07
C12orf73	0.47164227875298526	1.5510744830148026e-10
GBA2	-0.13730922722924302	1.179270498560583e-06
NDUFAF5	0.020753679716147055	0.6883646281697614
ARHGEF35	-0.037321816129791886	0.43962422575680377
FAM171A1	-0.5962020599975084	4.552223201586614e-24
NPHP4	-0.5301438110127873	3.4020074494755305e-24
TAF2	0.1559739677056935	1.7773749509997354e-09
NMT2	-0.33718846084218124	1.3057216224148658e-19
RPP38	0.2505213104319485	1.2839877544227244e-15
TDP2	-0.014674485112055984	0.6796180237159395
EXT1	-0.025424776839291667	0.5444547842961105
ACBD7	0.33849960749001634	0.0004731554174892628
BTBD3	-0.37896672189732716	4.329248744830911e-05
CEP104	-0.14340427317183713	0.005145487349317751
SPIRE2	-0.25281942732954765	0.08261851205936932
LRRC47	0.13862983509106677	2.2038665015948153e-10
TPM2	0.06726933084360558	0.42365740930179946
TPM2	-0.862545990926998	2.142588930109905e-31
C19orf54	-0.608708319430115	4.0127536830065573e-25
PHF11	-0.05034444788593113	0.15758387084726935
TPRG1L	-0.09721849690214548	0.0002707870146539233
MRS2	0.058620625327855135	0.43906753784854224
CA9	0.5519406176541902	3.3559108691328553e-06
APRT	0.11848033390514795	0.002850739915128458
HSPA14	0.42886487827742437	5.933160765432124e-34
ARHGEF16	0.5552580618669316	1.768827511950143e-25
ANKEF1	-0.6629839446637191	0.00015714137391278235
PKHD1L1	-0.662254166159561	1.901224512749111e-14
DCDC2	-0.44472674505891713	3.6265477238872166e-10
FAM107B	0.28087823283201624	1.9636154986658246e-12
NUP160	0.2214225594603898	3.747382980659296e-23
PANK4	-0.21422767839345502	1.841240469471746e-17
CAMKMT	0.12312048471077698	0.022514690991943434
UNC13B	-0.1148003717050787	0.013059680456824424
PLCB4	-0.9928114312730735	3.664982416421154e-43
LIG3	0.42936426621125257	2.2006762648345905e-28
SRPX	-0.9955237806788338	4.0117360146220455e-39
SKI	-0.5202304774764257	5.686038813631649e-09
SPI1	-0.34882023595427886	9.921027991955509e-13
PPM1B	-0.11826124559452394	0.001888212465369972
DNAAF1	-1.5427203249685935	3.5592965396950836e-30
PRPF18	0.12935139897564152	9.782649526887e-06
DYNLT3	-0.32092386251152827	1.9217825214774074e-19
CYBB	-0.12367393246015077	0.02511637151450803
GNB1	-0.4218887798692934	9.773733769520322e-32
XK	-0.824378838760779	3.4400254738034257e-09
PIGO	-0.0986499170978193	0.0019348559948407574
LANCL3	-0.33528056127003225	0.0004645445706315535
LRP4	-1.2183431231684096	3.461705151738542e-06
SEPHS1	-0.08970569766482757	3.7501727616927144e-06
UQCRQ	0.42786393585933435	1.510077932383067e-20
ID4	-0.2314149015347861	0.021935251865250492
SEPTIN8	-0.12811405588386043	0.10684941465226572
ESD	-0.5191245777730553	5.021548272163672e-45
KIF3A	0.14965391703955522	2.159650437285866e-09
ZFC3H1	0.11958236432488903	1.4555535437239831e-05
OPTN	-0.23784117943740618	0.036967378273372556
ATAD3A	0.5327077181291568	2.3473562274052876e-27
IST1	-1.029081796943359	5.67969873084197e-07
IST1	-0.2387231929286322	7.18193970528957e-05
CYP4V2	-0.4118842053501501	5.392856453277556e-10
KIF13A	-0.19771342669534392	0.009920721014341763
RAD50	0.36604365769828234	7.188827992816345e-26
BMP2	-1.5891912123468535	4.844184154850895e-12
GALT	-0.4201304632383106	3.7637665882501807e-36
C4orf47	-0.6336198351927724	2.802367338495998e-05
API5	0.1622110120703909	2.532054147698055e-19
LRRN4	0.038451219791300006	0.6657477750930872
PRR5L	-0.47824836259881354	4.917102626728294e-21
SDHAF1	-0.22436979400785034	0.010400509861681072
DVL1	-0.020097671448437937	0.5440918974542698
DVL1	-0.271341291571244	0.007025474778261066
DHRS13	0.15601873937060412	0.000752083803992728
TAB3	-0.08341783803352405	0.053205682155424275
NUDT5	0.19279128103882723	2.017840117670022e-11
GK	0.0012743224136523013	0.9829933770913086
ATL2	0.5208899241140879	8.706017431598536e-28
CHGB	0.03618199716452497	0.8314394926956185
CXorf21	-0.27642877201569205	0.0009697221317206486
NR0B1	0.20010120907912285	0.35914831769039834
MAGEB2	0.20625643012024134	0.6369023294079653
GPCPD1	-0.07575076318793411	0.07773869675162495
PUSL1	-0.1400443190685834	0.007420150380796177
POLA1	0.1859714653290195	1.0272796279780227e-05
NGRN	0.24434730711570013	3.854352730138069e-06
GDPGP1	0.1069513792305183	0.0031346596977409806
PCNA	0.681609280124289	1.2437605059090796e-40
NUFIP1	0.23282104820668587	6.46135641654105e-06
PDK3	0.01486999079260072	0.723500836075718
MCUR1	0.2848105525590584	3.795313511387204e-12
B3GALT6	0.16803431050007112	0.00018906534328625455
C4orf46	-0.19034764851410374	0.03992270547514351
ECHDC3	-0.3935953192145723	7.039405538430006e-08
DNAJC15	0.09168971274951751	0.6087416847426473
APOO	0.32404932922303387	6.228661696785157e-14
VIT	-0.793653170014257	5.602260118896215e-06
FEZ2	0.3027128393410081	0.35140327451684267
SAT1	-0.23659729043151193	0.0254196726314045
DNAJC2	0.558511664344978	1.3099475077742558e-45
GFOD1	-0.9421101112290353	8.275021237491584e-68
ACOT9	-0.28200613410832465	2.867016917246901e-06
VWA8	-0.0021609252303456607	0.956208846994858
PRDX4	0.539934396270983	4.841954717733021e-28
RGCC	-1.0626168925764903	4.70097407188656e-53
AGRN	-1.0592836618801358	6.133989140361106e-62
PHEX	-0.3569276327854941	0.06902758704413862
EDN1	-0.3348249374560483	0.07494475253240131
RASSF2	-0.21758822518823623	1.8028398870008631e-13
E2F4	0.04212484739091976	0.10735279845822299
LYRM7	-0.06067859874315352	0.2106811240037791
HIVEP1	0.4429680177525692	4.0753110550407663e-10
NAA16	-0.15541679876081316	3.319760248934472e-09
PLEKHN1	-0.3840578141459254	5.368994881913714e-05
XDH	0.6681113351196566	4.383146698316741e-09
PRNP	-0.34746611041143566	6.439156035429537e-13
BAZ2A	0.17804099409062346	1.2902810186850422e-09
NEDD9	-0.18706732140511584	1.5514405445681393e-07
ASPH	0.43568578997630375	9.460848309248077e-14
MUC3A	0.5871836172789829	0.016892477938135083
NOL6	0.4085525817735749	8.726177756852345e-33
MTRF1	-0.04452258186884741	0.4415712541709164
KBTBD7	-0.5109003091626252	3.784676793189008e-07
KBTBD6	-0.4361726897526802	3.441803476774491e-14
WBP4	0.09476107357099152	0.00036103739628598724
KLHL34	0.18522686014379686	0.0008220814900968162
TOM1L2	-0.719889657133242	2.121709979613065e-69
SNX2	-0.12807374475967467	2.6769618264355664e-07
MORF4L1	0.05669402288909439	0.01676200736853378
NFX1	0.3593847053149849	5.488979979120109e-29
ELF2	-0.2544615296237379	4.522832378174623e-13
FOXO1	-0.2606045117744815	1.003369768662382e-12
KIN	0.22263794733002892	5.794895080413495e-16
RPS6KA3	0.02034344198992117	0.5003102419222887
PAK1IP1	0.23174646983015051	2.509134868695307e-11
LHFPL6	-0.7610658428393529	2.0547177772209353e-29
GCNT2	-0.3704047557223691	0.043694690182322
NHLRC3	0.15171397730604902	0.0007628618785426762
EIF1AX	0.4714278348531933	6.222430361121071e-16
REEP5	-0.06612091416880528	0.0920430590551302
MAP7D2	1.1476972680507054	1.0105459885363646e-13
HGSNAT	0.03972936266808461	0.38254304441243175
KIFC3	-0.04236079497236632	0.17543042183119664
SLC35B3	0.4555291091180219	1.0605010901394189e-19
KATNB1	-0.2669833167198149	2.763020682035581e-33
BCLAF3	0.2072611047602518	3.2391965455475804e-06
NDNF	-0.6447947088639199	5.575552078168766e-24
EEF1E1	0.35373387818692875	2.011975530650018e-17
IPO7	0.23899159712722906	9.985977479365287e-17
CYP1A1	-1.0263645891175668	7.866584567834405e-08
B4GALT1	0.430104383649221	1.1160972547772547e-15
POSTN	0.8858887220512055	1.0325573732508528e-15
POSTN	0.642432420586474	1.1966823186968043e-10
POSTN	0.31587475692052686	8.623790881001157e-06
POSTN	0.7410654694957703	9.372961196806651e-16
CENPB	0.357007660726257	1.8679986237777212e-25
SPEF1	-0.8702731260460677	3.515664446225153e-13
TXNDC5	0.8415412601643522	1.8552368047463979e-34
ADPRM	-0.4149547129223753	1.1374648685664449e-05
DNAJA1	0.31827826708334944	1.0386424697888051e-35
DSP	1.041835922667032	1.9581815367463955e-31
PDHA1	0.019434697636991197	0.5154174498195502
MT1G	0.4424948471438425	0.0010786945817794632
APTX	0.05199830232644238	0.03284678950596449
MT1M	-0.5861552777585529	2.5820525083772582e-06
RIOK1	0.28307707541981814	2.538874074938417e-17
NDUFB6	0.32188831567746956	3.489098018212198e-14
DDX58	0.10957146049074837	0.010233637868648775
ARIH1	0.21267584691253	4.2065076751774303e-19
RBM17	0.28113495852658965	2.15238796792478e-33
RREB1	0.375989780038253	2.4581191350720664e-32
PHKA2	-0.11201968023521146	4.8606245687254616e-06
SAMD9	0.06469949104534307	0.11417856718549414
TRIM22	0.04193073636307573	0.28569261276585606
IL15RA	0.02077118303671148	0.8307396359460898
MYH10	-0.04954232557492902	0.751064312786622
KRT6A	0.7253534766943392	0.0015764579904218787
RHOBTB3	-0.37961894133328594	3.873395362076471e-15
NPNT	-0.8168650146374485	3.7871368978109746e-31
C9orf72	-0.24157784964577345	7.23793534346712e-14
RFESD	-1.042927568222492	3.38347005589394e-47
TRIM5	-0.11875932617320091	2.7445402377670014e-05
TEK	-1.385283578319717	1.1678011022461625e-66
KLC1	0.750238147514267	0.0003160526723841346
CDK14	-0.4790980700198877	6.038295521929138e-38
RPP40	0.4754684416598983	6.274554982224963e-44
NHS	0.35438624385219164	2.5848328497153017e-10
IFT74	-0.19049078173732825	2.539092300107414e-07
EXOC3L4	-0.9504753864373745	1.2301291142929608e-30
RFC3	0.31651059731541886	1.1218318078704798e-25
STEAP4	0.36017534979750676	0.00013763311777833983
RBBP7	0.3091821182479759	5.194778222931243e-29
CAAP1	0.08505143144005402	0.0010158818229167197
ANKRD16	-0.031942175807728464	0.45119435097026367
ITPA	0.3986734641384321	2.6342239867945864e-09
N4BP2L1	-0.252575958771611	7.352653801850946e-05
BRCA2	-0.6666205185000867	1.0839169283557798e-13
SYAP1	0.5719567201367343	1.2229546663199856e-39
ATRAID	0.4842868260639589	2.6551602046968063e-15
ALOX15B	-0.14226416261405256	0.09819733428013047
GDI2	0.056997646873864494	0.0016057287645901896
S100G	0.0645262359108203	0.8669639439376319
CCDC85C	-0.1535019895770734	0.0009749057114289709
FASTKD5	0.21303255555220346	2.3721803815873067e-05
FAM50B	-0.2539914491841224	7.57427176693765e-05
PXDC1	-0.20793336488770883	5.316189231032679e-09
AP1S2	0.12797442436896544	0.35423126563613366
EMILIN1	0.26245631660513774	1.3478505246332188e-08
USP3	0.22806635431433536	4.272557044193755e-15
MRPS26	0.2812750023798759	9.16190409371151e-13
CALML5	-0.04868588922331485	0.7211262364858773
MLLT3	0.2926483180266357	6.04597889087458e-07
LHFPL2	-0.07516915038560665	0.17225889597690733
TUBB2A	0.38757445823118775	1.6939010903074183e-08
TBCA	0.16868081444765864	8.958748800803744e-10
BPHL	0.3671293629547927	4.356332548692673e-12
RPS6	0.2867016739841055	2.3879143110995407e-11
ZNF768	0.5354107974884186	2.7755750881228757e-19
TUBAL3	-0.422468890501535	0.0011153516826230662
PIR	-0.04947006674611905	0.443277870844062
VPS16	-0.13257366077561256	3.102603560672925e-15
PIGA	0.24275818297256696	0.0022720247009648553
RGL3	-0.32387895469872535	3.0422393057543477e-08
C2CD2	0.1881659026928734	4.761974735390078e-05
ASB9	-0.3704142939938728	7.9119791544592e-16
ABRAXAS1	0.10003606112955364	0.000606114422174203
ALOX5AP	-0.8236697276942085	1.691760847026555e-24
MOSPD2	-0.21710769650739917	2.0121920201485e-11
HAUS6	0.12977234561437745	2.6336128262084567e-05
SLTM	0.47724066610428695	4.653876392365823e-51
COL2A1	0.0904265109192514	0.5172246479533515
GEMIN8	0.318209144099055	1.283235887190205e-13
CARS1	0.13884187647289636	1.1694357824567334e-08
RRAGA	-0.12742622857074642	0.017917113954346513
ADAMTSL1	-0.4224354133196868	4.235507244418585e-09
AKR1C3	-0.17274429978658756	0.07408536215167179
BTF3	0.3093722889083612	8.060970051994461e-28
CPXM1	-0.0029846868171323968	0.9565925241263702
SH3GL2	-1.3261208723810691	7.88361604359221e-62
KATNAL1	-0.3653683803462689	8.924945177145884e-31
BNIP3L	0.02175798123996924	0.6405809075445279
TMSB4X	-0.08996065979480045	0.018736269571271214
PTCD2	0.23411353767935617	0.0009892638414963015
CNTLN	-0.36829872674104625	1.531718393705089e-05
HADHA	0.06376044443135812	0.043136891341857234
TLR7	-0.4686805886003854	1.6786582290062035e-23
PRPS2	0.4181008699469297	8.460239696782716e-23
UBL3	-0.4461411603731328	2.856924429770888e-18
SERPINB9	-0.3556449789010737	4.4553449600997136e-17
GPS2	0.3462237405095795	8.924990163394226e-24
GTF2H2C	-0.6583351404004518	0.02026196340390526
PSIP1	-0.22774010320355312	6.520866362917591e-09
PPP2R2A	-0.08150843229297264	0.015313683039318291
SERPINB1	0.06370945465998296	0.19440117412820673
HMGN1	0.37121755431490167	2.284786770154877e-16
SLC7A1	0.48311898550127164	3.9332691653600666e-10
AKR1C2	-0.1343785920051741	0.441000141197819
ICAM4	-0.7260825350881333	9.046187026216418e-05
WRNIP1	0.18228038678135963	6.222381884741187e-08
GMDS	0.6098399126566978	5.982999502645046e-18
SBF1	-0.15544535700149428	2.346679787379534e-12
SNAPC3	0.13103007750959858	0.014066842255754755
AK6	-0.04166200847570581	0.26324288765992143
CLCN4	-0.8699457966834194	1.7391626301532337e-05
POMP	0.10533256501682496	0.006382019300499399
IDH3B	0.06962164107082747	0.023741237774706374
PARM1	-0.06387080055477312	0.23761615663982652
AKR1C1	-0.13756242918683115	0.33645369718449436
FREM1	-0.8009177575622561	0.012464607483290164
SELENOO	-0.2730988508979242	1.965247635533683e-21
SHROOM2	-0.42783493325677663	1.5222548015089225e-22
ZDHHC21	0.9622260892555444	3.178764785477006e-25
NFIB	-0.3961787770701687	9.741436157050974e-06
CEP152	0.22672637706263407	0.0006355002242702574
IRF4	0.45482409551360714	3.2204248180997195e-09
PAN3	-0.2717684578985797	9.579223224356705e-21
MLH3	0.5088749914020261	1.4626443704287471e-08
NLN	0.7504570710682794	3.1960453789362513e-43
FKBP1B	-0.24794037189796742	9.357235604352942e-09
DUT	-0.0017995036432221292	0.9575084345725245
RUFY3	0.01207118998444321	0.7192555371403344
SGTB	-0.18556551743821026	5.421122414411516e-12
TTC38	-0.09464405199221153	0.02139640577403712
PNPLA4	-0.1966989813668361	0.00010436826844980953
CWC27	0.12360769105830965	3.0879827644978935e-10
PUDP	-0.16907125148416643	0.007341354122654504
MTIF3	0.19970783822604085	3.750091320597191e-07
PFKP	0.6122220169663216	8.144949621248821e-21
ARSL	-0.33722638662259163	4.771932037162743e-05
GTF3A	0.5649058067103445	2.719781627391878e-22
SLC5A3	0.2152482413629506	0.0017688692612208392
ARSD	0.1021376622909719	0.0818991285936843
GYG2	0.7661767499458061	1.5177674481192726e-21
MIS12	0.10554554118499687	0.009506977162084096
CD99	-0.4787199178895343	1.7945348154318448e-23
NOP56	0.4878736516421741	2.8997200161838307e-46
MIER3	0.09827434355919742	0.1612140064715714
RPAIN	-0.25753831494339513	1.68667404838137e-05
MTHFSD	0.10921878203996421	0.004730355276119877
ZBED1	0.034240996287452835	0.2863913269941396
RDH14	0.054294083831515405	0.03342729684122824
CCDC91	-0.15093587749365495	3.729822572032734e-05
KLHL42	-0.49910589490948637	1.1372717033326572e-32
KDM4C	0.17424444402664854	0.05423944245057663
ASMTL	-0.08008668024505998	0.032426376048854066
CYRIA	-0.41969277157685536	7.369975744823331e-31
TMEM165	0.6107523965648128	8.783674739856687e-36
GLDC	0.10795114588093327	0.2021746130154712
THUMPD1	0.3410522005386317	3.737386376981814e-21
ITPR2	0.05697659708320372	0.1625958127179362
IDI1	0.30376678401374513	3.426406369060625e-11
RDH11	-0.003163853670113674	0.9394254918345463
RASSF8	-0.766476263718699	1.344129277301106e-06
ETFRF1	-0.17178940262540204	0.06542854436988281
CCP110	-0.1494860551507273	2.153562252744031e-06
SLC25A6	0.6308396862134648	8.777369541473814e-27
ESM1	0.5415861949534556	6.437182495305966e-05
SNX18	-0.14738008987770293	1.2471965359205915e-06
TMC5	0.40073383008033125	1.7458611481805743e-08
SGCB	-0.39051910744429813	1.893356701296576e-15
IL33	-1.6067498388579926	6.13855942493151e-60
ITPRIPL2	-0.06960120821357348	0.440110048230744
DMTN	-1.5200273200535355	2.3726202078529823e-58
DENND1C	-0.11453782247499733	0.0017900879380592892
STK35	0.05404970427781143	0.2889455648482465
TEC	-0.22270364762905442	2.647060054454804e-07
MRPL23	0.21309752506078414	5.43246715800688e-07
CDK8	0.4389830490247365	2.530051839813634e-10
CRYZL1	-0.04148652407167135	0.1194459606228536
COMMD8	-0.14419500119220655	1.5969445948459582e-11
CD274	-0.04100424182588362	0.5918678831325621
ZMYND11	-0.038259838192710074	0.17344154670054093
SIRPB1	-0.6606099491137143	6.682720197004136e-11
ZZEF1	-0.21753013297337093	1.9330989612263665e-19
C5orf51	0.27782679239362834	1.3779389749710546e-17
JAK2	-0.6065535161266113	5.414796971524327e-57
SON	-0.3777741167676429	5.236343897552008e-10
NOL10	0.5289912653411736	7.140541431634157e-43
FKBP1A	-0.2786979411841344	1.3828975370852664e-27
RCL1	0.4551729029462474	2.869596690436027e-35
CPPED1	-0.4096199849282333	1.07904856617437e-22
NSUN7	-0.02866496835996543	0.8147903442364854
RHOH	0.44406927473209434	7.902492656054239e-06
MTMR6	-0.19040875808700164	2.4569574425856725e-20
AK3	-0.3036306910961446	2.0821561634514344e-16
CYS1	-0.4443615402028299	6.715027847757671e-05
GART	0.46462461538396815	2.11032582735864e-43
FGL1	-0.32863559963437683	0.00609414580884251
PLIN5	-0.5313216633182496	0.005679817887402628
CDC37L1	0.190387655042632	1.1730306698079353e-11
SNPH	-0.018343018514443296	0.9115712286282107
PLPP6	0.5824134782728754	1.0731894565483222e-17
CENPJ	0.3038611698287876	0.008638004137759834
SPATA6L	-0.7007762099903705	0.003538272657019294
METTL22	-0.5198842678510776	0.0029277587570462537
NADK2	-0.025770669008117846	0.40978102914691233
SRXN1	-0.190873137449378	0.010708487664479436
PGM2	-0.19349359466334812	1.9995458592311824e-15
FAM43A	-0.6164831277933066	1.4730631203572713e-13
PARP4	0.3500829621509979	8.471442312186323e-16
RFX3	-0.2446385378364846	4.424765190583015e-06
TUSC3	-0.2251425772760629	0.07059643725135589
MAP1A	-0.054392110520840205	0.216338922797408
RSAD2	-0.2093995019400764	0.013049754328148467
SLC34A2	0.15884983140864817	0.0456712029678807
C1QTNF3	0.5198148992008853	0.0004103123666945586
VLDLR	-0.41736229950919157	2.435142311980818e-09
SEPSECS	-0.2618210252991815	3.9706923841375735e-18
SPATA13	-0.22928109844240002	0.008010645623721323
LGI2	0.427086196261653	0.060730585008730145
SOD3	-1.320189073408182	3.823872557205734e-68
EIPR1	0.1219459249985941	1.3148070953344005e-12
MTMR12	-0.19886359042650809	3.7584637371746576e-11
GNG7	-0.5236591524413199	7.607408669053373e-26
MIPEP	0.1271087010878592	0.00021801383184971002
LCORL	-0.31866032196322214	2.0500008787692807e-06
DCAF16	0.06938188372385148	0.08856140782535167
ZG16B	0.23094127680180576	0.32612293425135097
SACS	-0.10233311806402395	0.03696668289632355
KANK1	-0.3468900354678808	4.59665831703401e-20
FGFBP1	0.21525703249644357	0.07743307071229848
FSCN1	-0.21114183160006833	1.8719196922803376e-05
FBXL18	0.11985327010468388	8.74410557182902e-05
MICU2	0.3157227009000495	8.998145176419591e-14
CPEB2	-0.12179909292877811	0.027414138528368607
FAM177A1	0.016688596486399757	0.6833345820228021
DEAF1	0.24711234166169938	0.0004434368528455039
WDR1	-0.02205169916749218	0.2971472585957673
ARHGAP5	0.08172557974036551	0.005206635517471582
SEMA5A	-1.0256236110338026	7.026398118191993e-22
SAP18	0.46996811971248303	1.49186269079886e-56
NYNRIN	-0.38965360881229244	2.1546261100779951e-16
DNAJC19	0.45204495533333955	1.0483979071319666e-19
LATS2	-0.60666144098336	7.481944154686799e-16
SIRT3	-0.06942021834213292	0.17824285974608517
CLCN7	0.2684020988691705	1.1008701982294639e-15
URB1	0.207950582321269	7.635085436406012e-15
TMEM128	0.008650806440029942	0.8212631490316618
EEF1AKMT1	-0.24273731840640184	3.7403143904481314e-10
BET1L	0.9655564852918075	2.374437792490141e-40
SERPINB5	0.35275383047332953	0.03673246653098744
HGFAC	-0.8531266509193839	1.4070412697077598e-48
GJB2	0.41064865672337575	0.11502669765040945
ZMYM2	0.32298180633259177	3.858347275379604e-23
NELFA	0.3162712988866322	1.1551561919268464e-30
NSD2	0.27398532532310665	4.857964728929917e-08
UTY	-0.07611577857020059	0.5124535735248578
TMEM129	-0.47733860049119264	4.8504865734899755e-14
CTIF	-0.4621788755919546	1.3364021374313812e-43
SNRNP25	0.11863185087625003	0.24543833046045416
ZBTB38	0.008429109768032156	0.951562400824047
STAG1	-0.2235764295119853	3.004993096304799e-19
NEK11	-0.5474015867567167	5.183490489617392e-07
CCDC125	-0.0715982956665755	0.7586528927321533
HMCES	0.3178625472346183	8.175781987663968e-18
ARHGAP28	-0.5109163359082585	5.64757275330997e-23
HACD2	0.18239830559816197	0.00030222127033653043
GTPBP8	-0.21582121956768863	0.006130399217398654
VGLL3	-1.0092797201952357	8.739884647544706e-05
EOGT	-0.24461776310464234	4.604774542155454e-14
METTL6	-0.1541564331568816	0.30848558044735525
SH3BP5	-0.10550474988487395	0.0013686222936708857
CCDC174	0.059837032863332466	0.049519147512217594
CRELD1	0.14668297853371995	0.002959340634948985
RPUSD3	-0.11065676260706755	0.08013884998128262
SRGAP3	-0.29780195076932414	3.021232488208711e-06
SETMAR	-0.3835632380596804	1.6563496303309483e-26
GOLM1	1.2547614614133518	2.9197990198278933e-47
MRPL2	0.8927607266763278	4.25039734069699e-19
NKIRAS1	-0.13841231958285116	3.793711681760186e-05
UFSP1	-0.12247576013660467	0.05164328194600019
RUFY2	0.07033908596040185	0.01498103779341353
ADGRG1	0.4849598452545433	7.128777780547308e-13
ADAMTS7	0.6227433298491036	1.6230661339954196e-11
METTL14	0.22932250151646794	5.162800328680895e-13
GPX3	-0.7674251912880199	1.1131707135627455e-35
KRT18	0.47468655267091775	6.423194307068871e-14
TXNRD1	0.15611284933631173	0.015454374127038933
SELENOH	0.32511364113059965	6.693165170064188e-21
STAB2	-0.17920665610934206	0.07294535924600637
CCDC158	-0.3571940814687261	2.8289281866648294e-08
ACVRL1	-0.9839316449793568	4.202971422237706e-41
MAB21L4	-1.1882978032806353	6.795653379533631e-50
LRRK1	-0.27071007539183733	5.696071320474867e-13
HYKK	-0.0372690996822886	0.6340041220440691
NCBP3	0.19608687320282905	1.0539497269112403e-11
BORCS6	-0.26489234098710107	4.0820348281181854e-29
STK38L	-0.33330988575616205	2.068943920536568e-29
DUOX2	0.8373165380742564	0.05255599814993992
TRIP12	0.27841359915954456	2.583306233332919e-32
TRIP12	-0.3440874561685104	2.443092295423399e-16
ALK	0.26286983175763456	0.3756152235399805
DIAPH1	0.15116502719200087	5.455828138679848e-08
SACM1L	-0.4515951703518698	4.829165985070528e-30
DCP2	0.01754652075930373	0.4925873680459071
DENND5B	-0.5497161007834566	2.3368682070504023e-11
RNF20	0.2065743637449903	2.8143181579108615e-23
LOXL2	0.756708991282393	4.6505040709373726e-21
FAM169A	0.1218042339037121	0.08389459701658383
DNAH2	-0.41446157035055997	0.0004926416252969405
RAPGEF3	-0.6934363570438395	1.9373536568593792e-10
UNKL	0.2120918925332323	2.1373291040460608e-06
USP5	-0.0014003186260596254	0.9518148725870731
DNM2	-0.22550057564545845	2.666437469364156e-06
GARS1	0.6069517178870015	5.732038621795365e-42
FANCA	0.2534671392732508	0.3267027372893018
SMTNL2	-1.0570769115046215	5.350380997067093e-20
BICDL2	0.34752012903544915	6.030289983601111e-08
ATXN7L3	0.2217016103020401	1.979125642043777e-05
VPS9D1	0.001608790367691508	0.9750256525851309
DNAH6	0.22603340970368624	0.12455955109340533
VWA3A	-0.6419218919282501	2.037316181854911e-07
PTPRN2	0.6277257322040273	0.07129083843648744
LAMA4	-0.8306095149673595	1.1348380119650143e-50
SMYD5	0.2639908349436645	2.3426279778693734e-21
KMT2A	-0.021193592669491217	0.3762861813016107
TANC2	0.29691620761290005	2.998965456067427e-15
SDK1	-0.03864970878145003	0.47011288909502524
CAMSAP1	0.033624300055765916	0.09750420770721616
EP400	0.04796797570261304	0.004123732649264317
ESYT3	-0.6992355397218741	5.948558409884947e-11
ALKBH8	-0.06563695783155638	0.025337961657275237
GPX2	0.16696886503587238	0.31541891304278225
GXYLT2	-0.3719320639198592	0.0001546508199301611
CRYBG3	-0.043332530407230174	0.13848312720276706
SSC5D	-0.5102700822587034	1.0990490172735531e-13
RTF1	0.26077373476904253	4.228438290791932e-26
LAMA1	0.16853866685653968	0.4788624983227406
TSN	0.10433301594858574	0.00017928664570626107
HAGHL	-0.22152614834587747	0.010640760395649596
EXOSC8	0.17618206490541008	3.0446431290005614e-13
ARNTL	-0.0636971003839836	0.05195100729466611
ZXDC	0.14216280626882036	0.03300508296690331
SPTB	-0.7601855644946115	1.3179106306011308e-08
SPTB	-1.4853509529682085	3.1626277632715818e-50
TRMT44	-0.09012634571956253	0.1483679413134201
TRMT61A	0.31039389053299343	4.642071724097673e-17
PKP4	-0.09982230046471524	0.0066461354362907475
LYST	-0.3250252843886049	1.813526384566407e-33
SQSTM1	0.7112051697370934	3.3538066441241593e-26
TMEM87A	0.3802543070649065	6.589910558242319e-19
UVSSA	0.32782929689124435	1.1520633507367031e-10
CCDC88C	0.05074051041940908	0.17580600365507304
CCNK	0.4560029185027802	2.2871997186351386e-46
RNF216	-0.004291969347177673	0.9300992692686968
COX16	-0.14815255649807427	0.09270843431511396
FAM168B	0.017597173540829035	0.6377113535306613
DDX42	0.2713891711083244	1.6375605178566702e-40
MS4A1	0.3766456761941108	9.945223008888239e-05
SYTL2	0.20798202297472496	0.0002679401851171829
IGKC	-0.43300150361071443	6.527189086539601e-11
IGKV4-1	-0.23888729956543261	0.005875614888579197
IGKV5-2	-0.618347291245802	0.001197130571302949
IGKV3-7	-0.6154374922554788	1.9085086112345417e-17
IGKV6-21	-0.8702959633264058	1.0260517550950608e-05
IGKV3D-20	-0.7277361053737711	1.0188411378753838e-16
IGLV4-69	-0.5835178250297708	2.9179463272876365e-09
IGLV8-61	-0.7359027065544886	3.3494254501389096e-09
IGLV4-60	-0.5357205911444134	7.305773309369256e-05
IGLV6-57	-0.34266112781720476	1.9974112661608435e-05
IGLV5-52	-0.286134656932825	0.38897470843397425
IGLV1-51	-0.38667044133554657	2.4304770587244354e-06
IGLV1-50	-0.4339322216461952	0.029691893850341357
IGLV5-48	-0.2709560417177715	0.13715290201665906
IGLV1-47	-0.3147270053415389	2.9311737327030064e-06
IGLV7-46	-0.5920967978254201	2.43633225042235e-07
IGLV5-45	-0.5004868527072851	8.150748782036207e-06
IGLV1-44	-0.23996871465013855	0.004144646011560449
IGLV7-43	-0.5125476527228721	1.6158203465522952e-07
IGLV1-40	-0.2595137990452022	0.003793378081266819
IGLV5-37	-0.6010007666167508	0.004087241362513948
IGLV1-36	-0.7263642941240444	2.976169655088711e-19
IGLV3-27	-0.21223068432766007	0.17524576411339648
IGLV3-25	-0.2229550986890314	0.062277542269782854
IGLV2-23	-0.5866902448079007	0.0007679838147713592
IGLV3-22	-0.39507008265396226	0.12044606245405384
IGLV3-21	-0.39826367228307413	1.2775897956916987e-05
IGLV3-19	-0.20806383978243892	0.016467531343372865
IGLV2-18	-0.33053519829300226	2.8099918618960982e-05
IGLV3-16	-0.42002199138387986	0.023117962856343967
IGLV2-14	-0.3233754169313474	0.0001632048592954428
IGLV3-12	-0.13172814775831881	0.26837136518771115
IGLV2-11	-0.521222380409795	4.942210355263526e-08
IGLV3-10	-0.40059401346295015	0.0001152195541845884
IGLV3-9	-0.19222813369776687	0.011644255371909268
IGLV4-3	-0.5623386492227784	1.068719578116013e-06
IGLV3-1	-0.8609713753984594	3.4996261044952136e-12
IGLC7	-0.2691389908462619	0.019551843341691133
IGHG1	-0.5522035654403644	1.677315166534509e-14
IGHV6-1	-0.5300086134532904	1.958501566366955e-13
IGHV1-2	-0.4163778075031016	7.442450130233901e-07
IGHV1-3	-0.433468432814897	1.724668126980847e-08
IGHV2-5	-0.46277144629034483	3.052363890902007e-13
IGHV3-7	-0.6811596353205402	3.039057338088301e-16
IGHV3-11	-0.8414110137640807	6.727893266203265e-19
IGHV3-13	-0.6307880187403124	2.2410262631268e-25
IGHV3-15	-0.5054885309964404	1.7382692420448977e-11
IGHV3-16	-0.5819535381553061	1.1900214927230235e-05
IGHV1-18	-0.4093601186068554	9.348328383448273e-11
IGHV3-20	-0.3518110007401641	7.852426643617845e-06
IGHV3-21	-0.6701706221734378	6.717933243054098e-25
IGHV3-23	-0.7016792814133874	1.7462491833453193e-26
IGHV1-24	-0.481411057624627	2.1888711419316702e-14
IGHV2-26	-0.46782068581763936	1.2292026003356073e-06
IGHV4-28	-0.4179926511407007	1.1515276903876293e-13
IGHV3-33	-0.1158642644541061	0.6003791238458288
IGHV4-34	-0.3579591640307967	1.6658350865297122e-05
IGHV3-35	-0.5146936302956959	1.1152411507324492e-15
IGHV3-38	-0.6653636143930687	1.107323055559129e-26
IGHV4-39	-0.6655124749833393	8.416565627595467e-14
IGHV1-45	-0.30547672334180703	0.005827714117892973
IGHV1-46	-0.2908910002150812	2.152281470944712e-05
IGHV3-48	-0.7467278320337585	1.4643750884972737e-22
IGHV3-49	-0.4272778172437155	1.108246051239958e-07
IGHV5-51	-0.4892610567441801	2.2324228715349052e-12
IGHV3-53	-0.6944254783258983	2.5281395684020276e-11
IGHV1-58	-0.714870701544239	1.518915342310354e-05
IGHV3-66	-0.4223607364468748	0.008537742811814752
IGHV2-70D	-0.811171672576793	9.463650456330857e-06
IGHV3-73	-0.27022874961632004	0.015983160740022876
HCAR2	-0.5185691805711427	8.188690237619328e-05
BCAS3	-0.16060092898531192	1.0457296268132371e-19
EID2	0.016135789522887106	0.7881753757684713
PPP2R3B	0.4211118513430459	0.005430834767626979
BORA	-0.26359774485910314	0.07777790092832967
RTL8A	0.07839170007391404	0.5359985322362916
ZNF552	0.27754834348439095	0.00013539309096324733
ZNF628	0.3570004539240247	0.1299362725532973
DNAAF3	-0.5128897911686787	0.00011715411042813682
LILRB4	0.09509564822505112	0.45112696347035935
LILRB4	0.2672142018415626	4.271111507047254e-05
TFPT	-0.21900132765379854	0.0003319340077785122
MYADM	-0.553508781189568	3.021939990641202e-42
KLK7	0.634838934292014	0.27740790528479126
PTOV1	0.29530250377876155	0.0022056658570551216
PRMT1	0.3573645790644482	2.504864997750727e-25
RPL13A	0.049963061287161256	0.10671574393427966
PGBD5	0.16951034230516782	0.10867826123377991
GUK1	-0.1338255244707144	4.172960647233665e-09
FUT2	0.08634945210354611	0.7060493892774296
CARD8	-0.23532462197928353	6.539659130709852e-10
DACT3	-0.47083199446451446	3.0346228542057613e-12
ERCC2	0.1854096014503805	2.998723233508376e-16
KLC3	0.35771765264622624	3.2690326438060105e-07
PPP1R12B	-0.9065813136617327	3.414749129045201e-45
LAD1	1.2525008852859594	1.276678142322082e-40
MTERF4	0.23455114453475528	3.7448082249979625e-05
LRRFIP1	-0.2273865988365387	5.538588395998984e-17
HNRNPUL1	0.24495239409300132	1.7360786061246075e-18
ATG16L1	0.03979788287807241	0.06890509403251878
AKT2	0.09704280572114557	6.0155269399024196e-05
SP140	0.052785913440693485	0.5223955375036096
PID1	-0.9254251279558328	1.5183879634815937e-52
SAMD4A	-0.08154119447763489	0.061175462082918144
PDCD2	0.021913050496844742	0.5044921756175249
AFDN	-1.0771878177736516	1.5341074158802924e-41
CD247	-0.0014502964814490371	0.9900818033737585
XRCC5	0.13328848881116745	1.181359082180473e-12
SNX9	-0.0031506335158708806	0.9108443546215673
COX6B1	0.19951517885148878	4.180839730101061e-11
FAM117B	0.22466085218998752	3.980729273118065e-08
CASP8	0.37276141082606296	0.02546071600711507
URI1	0.2493579000248164	1.6885717700379522e-17
PPIL3	0.12663423745907432	0.00019059295079374477
WDR45B	0.2132982424560716	5.37690450369815e-12
CSNK1D	0.2532963327634675	1.9584010878801377e-20
SLC16A3	0.7370663113554671	5.2466547981621464e-34
HOMER3	-0.3119755325673691	8.237490138847226e-18
GPS1	-0.11474132918430117	1.0522873448920176e-13
RAN	0.04443651834805636	0.026660623318182076
CALCRL	-1.6839360503233385	2.41491826082939e-76
CRLF1	0.36012410771622483	0.010003041991529201
PIGX	-0.09176687725827498	0.11283686007175311
ASH1L	0.22836276966729183	0.009567718477419643
UBE2E3	0.851664029017378	5.989141907129965e-07
MB21D2	-0.022631399199299483	0.4529771329639189
CCDC50	-0.1878127612074994	0.015178303438873372
CCDC50	-0.4186614194137913	2.667917556433375e-32
SEC14L1	-0.25662038620689614	6.456290593008841e-18
CIT	0.5475469237867054	8.502395906105465e-07
HNRNPA3	0.33617636432161335	2.9652631279186713e-32
TAOK3	-0.006188828340238504	0.7820679720650637
LLGL2	-0.6285777767290066	6.118785697406998e-32
NUDT14	-0.09917968636474922	0.03553562874611208
PLD4	-0.45424536965744555	1.8225897136345234e-13
RAB37	-0.6987569322823941	1.525719021146339e-26
GPRC5C	0.6336930055313821	3.8083374321093425e-13
INF2	-0.24214458870350475	1.4773773276154743e-11
ARMC2	0.2897303135953796	0.0072141210888115904
SDK2	-0.4340937413070314	1.755095828421923e-05
SPRR2A	0.4166969040166728	0.38880668437260024
ABCA5	0.026992997005910846	0.8636279298981705
TIRAP	-0.4188961330533628	3.4085808531608026e-06
ECT2	0.3697684707714078	7.880502429337377e-07
GALNT3	0.5062653853079774	8.924176042148064e-16
STT3A	0.44125215821338387	5.640963312814775e-21
TRAF3	0.06169801159256106	0.052153241950765566
VWA5A	-0.1846681955471553	4.9398630647602794e-05
PDCD10	-0.1590378543669221	9.964642651163836e-14
CEP112	-0.24959492929503294	2.0968897124375036e-14
BAZ2B	0.049506806706328885	0.19406614356300902
TMEM119	-0.8034151167361261	1.9509230247015455e-34
ORC3	0.19981353841115593	1.2739101860336809e-12
GRK5	-1.0855325547560304	4.689816683435715e-78
NT5DC3	0.3026140280165567	9.001791363209595e-09
EVL	-0.2852212929580076	4.190826531638542e-08
STRADA	-0.12795635702908464	6.222413179285999e-06
TAGLN	-0.6503909113985075	2.3988225903847353e-26
ABLIM1	-1.1497850000647194	1.1029202743884496e-64
DBNDD1	-0.19197265034046734	0.006130058676825123
VWA2	0.1973277816870345	0.004026320715833513
FILIP1	-0.7565334592386035	8.102409923722386e-37
FAIM	0.06595015297592975	0.04996742688889425
PTRH2	0.7182038663743656	2.4053363796428628e-39
PIAS3	0.14032727264720132	0.006133658727445407
TMPO	0.08664687520753628	0.2487909031411216
DBH	-0.879877640899352	1.3394036314670848e-25
POU2AF1	0.33507218456730375	0.009574326468033271
VTI1A	0.20672049781226604	3.2510316030177757e-10
SERPINA3	-1.0036781428212573	1.4404362253242596e-35
MTPN	-0.1777004644963138	1.50268038178273e-09
CUL5	-0.11686608446330822	2.658415588939578e-07
NR2C2	-0.11771954918744838	1.987309976689641e-07
STEAP3	0.2613673124920133	5.469537912241087e-08
CYREN	-0.11994352898497415	0.11172166730833752
CALD1	-0.4816804241213761	6.973603759436686e-16
MKS1	-0.4009055284494697	2.5959599431413483e-10
MRPL42	0.1725608704052278	7.75306695946318e-05
PTGFRN	0.21170604666396026	2.489261286774575e-06
CPA5	0.3804086676310654	0.35929656110010694
TMCC1	0.07362677331396458	0.056705690700277755
FBXW9	-0.04884184680236463	0.1578875624885881
CAPS2	-0.6886776156454232	0.000261750986300373
BCL2L15	0.7654870734781115	7.267103442417309e-16
ME3	-0.27746738446693386	2.9606349100139828e-09
MAPK9	-0.19228237975209544	2.777292997765416e-12
AASS	-0.09075166299486426	0.17916957297905464
PTPRZ1	-0.01196910925260946	0.9323057671524804
PRCP	-0.4904537098955488	7.186265549317717e-31
PLXNA1	-0.2854141714411272	6.904302782155479e-22
AAMDC	-0.38485293270028254	3.789105781586912e-11
LONRF2	0.04562140122817357	0.7830673961664634
SFXN3	0.09345008883661524	0.035532991939421436
SLC12A8	0.09907518958685715	0.4395558343008878
LIPT1	-0.32408734905044256	0.012095611439085654
PHLPP2	-0.12361829636263559	0.22655727804370868
SORBS2	-0.6504895830444297	1.5544763267400077e-13
ANKRD39	0.18982902968958132	2.006585151576872e-06
HYDIN	-0.614502796384994	2.0266722623090637e-07
IRF2	0.07164656879882733	0.01057311991438651
FAM50A	0.4986665634119648	5.479876804335788e-33
ARAP1	-0.38050280786231283	1.6197724725911426e-42
MON2	0.17946201723545552	2.5286488067617676e-12
GOLGB1	0.5795798962678556	3.79941640207458e-64
NUMA1	0.06911035739570348	0.01248486389987068
RENBP	-0.2115621792692179	4.448185592564752e-06
FDX2	0.1416531967262154	0.0002822890011492479
DDX60	-0.23512958122183614	2.5244915838621964e-08
ERGIC1	0.39730375356244246	1.6671222322788574e-11
ARHGAP9	-0.09454238885096036	0.004081038226503333
UBTD2	-0.1933019003470426	3.0628042621414e-08
PSMC3IP	0.2999753054401474	0.13909320627221233
PPP6R3	0.2586266330458057	1.747137734249054e-24
SLC35B2	0.6460880085713512	4.63349049987523e-38
COASY	0.08161311576149866	0.0026231509291655764
SFTPB	-0.2570429924917116	0.0014859942110011539
NDUFA4L2	0.2317856582511557	0.07751302933675754
DPEP2	-0.8210088972282834	7.14010841861004e-13
SUCLG1	0.029882340210069067	0.37565476874300446
CNP	0.07486111677993931	0.0016169219373515884
MRPL19	0.5272003403064607	2.074997493257642e-29
PHLDB2	-1.0569917540062557	1.6539049581943235e-11
PHLDB2	-0.6775233929131441	2.084854740232043e-49
ZNF414	-0.0020430866670435102	0.9571110854655037
DQX1	-0.2920418398058425	0.41796786405200365
PC	0.6370117890647098	2.320107838171727e-21
C1QTNF2	-1.9357953556161078	1.6821525264150983e-16
FABP6	0.7874924440238409	8.90443043582352e-12
CBLB	0.022741411487702097	0.49856197789981904
ESYT1	-0.18668709170161707	5.465430674367727e-09
MTHFD2	0.5929072223199781	1.0420263498668235e-15
RPL24	0.17570321979255715	0.001251608790997477
SENP7	0.023625769396587466	0.26880786919915245
CMTM4	-0.15896877679827404	0.012234229561664834
NIT2	0.010944474445833338	0.6185272632381977
TBC1D23	0.25967430037347067	1.2220832129555193e-28
FHL1	-1.6353751905779919	9.266619824561594e-39
ST3GAL6	-0.5114775362294832	1.553038380038589e-05
NR2F2	-0.4727375065177848	1.9907791184025782e-20
CHD2	0.2558675451794179	6.731294856770618e-26
ARL13B	-0.46027370798514566	2.467669992143094e-12
NDUFC1	0.3445356170325897	1.0036744317605164e-11
SIPA1	-0.13147581007828907	7.215819373288768e-08
MIEN1	0.17409193093491718	0.00017357925588495405
SYNPO	-0.1500231490907981	0.02071558734565499
RCCD1	-0.10279201135692972	0.002523670082191449
FAM122A	-0.09986360210178355	0.0003634218219022222
HDDC3	-0.0728877630095534	0.06847083405259202
UNC45A	-0.016161823011994432	0.46333831420620275
ANXA4	-0.35304963621552055	1.9814960961721477e-14
FAT4	-0.5688290108051275	5.723161035341312e-42
RPL23	0.5684880504750003	1.002106144189639e-55
STK26	0.13735679872279197	0.00026516485920005304
SRSF5	0.3357341087370759	7.912728037365887e-24
FBXO38	0.39595702858137544	2.8014292970353045e-05
CIAPIN1	0.5120458504998557	1.899870320735548e-46
KIF7	0.3219384987956779	4.941957519079979e-07
ACTN1	-0.25990339215056585	2.291883831457434e-16
RSPRY1	0.2683925568141294	2.5430244641135987e-14
UTP14A	0.47955358435699136	1.3080903608958692e-31
LARS1	0.4414126469397126	7.443211746954203e-48
CCT4	0.16251563683446393	2.2065817421279419e-13
GTF2F1	0.3939862310516041	2.2930763515471408e-42
REL	0.28894358173780316	7.170576350220551e-18
MT1X	0.7723268203703364	5.073006049821948e-12
AKAP13	-0.01810527048179686	0.4923640955083548
CAMK2D	-0.16129960521446401	0.010776629211285969
PCDH1	-0.9655989188766527	0.00017263176214981515
DNASE1L3	-1.1218660050990252	1.2168207316093664e-08
CFI	-0.8970740159330033	1.3357438642445458e-37
IRX5	0.280553180404177	0.0023499727433184767
SRI	0.13349786273073913	0.005886017596310013
TMEM98	-0.8811746907622842	1.4912474846129825e-08
MCUB	0.30126718482713666	5.06330233580628e-08
IL16	-0.18550272337778523	8.801681123748068e-06
RPL34	0.19380498078068484	8.052920194071295e-05
ACYP2	-0.35587867504337756	2.2150453432911068e-14
ZNF207	0.3924174804166714	3.5419263264703228e-12
BRD7	0.13928031208480907	2.27749009904238e-09
ZBTB25	0.15716903774037627	0.23385625686501352
ANKHD1	0.02610760524793121	0.5524048005119704
RAB11FIP4	0.34363541832766337	1.4465784731082724e-11
SFMBT1	-0.10764132809738414	0.07168761525340474
CAMK2G	-0.8260800676385167	4.0147092848245725e-42
CXXC4	-0.09939589426524365	0.5909623543897794
EML3	-0.18722476522886763	1.7990748414537561e-16
GNL3	0.4623855170831739	5.9321800975347435e-31
ZBTB3	0.13312846995809355	0.13145097437772063
MYLK3	-0.6422693166095002	0.008690439743363275
SYNPO2L	0.32273091186812186	0.25041731824601604
KRT80	0.9337973866880943	1.6586215489724028e-20
RAB3IL1	-0.25743190567774266	7.662014615018444e-13
PPP3CA	-0.052064956460578814	0.020468458857446085
PPP3CA	-1.1214390674354744	1.1302136866232957e-14
DNAJA4	-0.42535124274138814	5.531264833987344e-14
TGFB1I1	-0.7608511364496784	2.3574077357451858e-45
CDC23	0.1155963315928725	4.116102367307851e-10
KIF20A	0.47541103524189837	5.068700582512343e-08
TKFC	-0.03252077482843793	0.3246616489979549
SLC11A2	0.4499788907823504	1.3329270891764727e-12
FLOT2	-0.17141056451726125	3.1803880060118916e-05
PSAP	0.1505944485226806	0.0061368961097952295
LIMA1	0.12815843195812907	0.0034742505962749373
GPT	-0.4491202898752446	1.3825704347146406e-07
VSIR	-0.6357413522515861	1.0654965608689897e-33
SMARCD1	0.03278572742175045	0.2210877921462179
VKORC1	0.835634420549287	7.809983131670914e-26
SMIM29	0.0017208133010285231	0.9826117366021808
SOS1	-0.0074666504987339	0.6441106458360317
ZBTB9	0.2931983539423061	0.008337867709523885
CLK3	-0.06801339851397908	0.046172697848088695
MSANTD3	-0.705851751297793	0.0036684045001098196
LPXN	-0.05303394351066411	0.17680379386670225
SPP1	0.8268207973531254	7.848057429300224e-15
PML	-0.13944829625697888	0.04648555157795527
CLDN3	0.6643267424547555	1.15799869660807e-14
AFF1	0.2244124940067499	1.131803699763858e-08
TIMM9	0.7354012075202812	1.9271778830210467e-44
MAPK10	-0.5040434327869343	9.045593255714123e-10
DNAJC30	0.2447207180336618	9.581046539590982e-07
ARHGAP24	-0.6948027947641363	5.279882216364631e-52
AIMP2	0.7173340955380876	1.2255341108227192e-11
RAB34	0.25842806036747756	0.0058370031397955175
CDK1	0.9631408490873243	1.4337992321467205e-24
KTN1	0.2324035232871873	1.3810725528445005e-08
LBH	-0.4855882385484258	1.4836943944469105e-38
CRCP	0.31750684303613796	1.888277983772903e-10
QPRT	0.18033990812126943	0.014634591852398994
HLA-DRA	-0.4680500976666154	1.1974933594659294e-15
IFT20	0.1379854631031783	0.00022645969274852853
CHCHD2	0.5888291818483069	1.1710261826115455e-39
LAT	-0.4646076221632968	0.0014653628082952003
MAPK1IP1L	0.14316354415154697	5.016514162763202e-06
WDR6	-0.08712113800391012	0.00015972394617330666
TWF1	0.416690662778818	1.0210343144683736e-37
DHRS7B	0.08944582329129146	0.059385026089828055
GCH1	-0.1152017725671555	0.11945828666227407
COBL	-0.653853863796696	5.046877776582482e-32
PPHLN1	0.4146674752838517	2.5600271808999077e-38
SNTB1	-0.4582078345179888	3.871044156678952e-23
ERO1A	1.2399217346310252	4.2691650589586096e-46
CCDC51	0.16973765902658408	4.95859808147757e-05
PURB	0.12235414890214467	1.2761394748961936e-05
SDAD1	0.30714652729786174	4.0229530612586198e-25
BTC	-0.3755746843876847	1.8576383858265891e-09
PPP6R2	-0.16566002276524483	5.360989745124399e-18
AREG	0.524011881537112	0.037867018130094555
CXCL1	0.13683655506338255	0.1278381779411759
APIP	-0.05857178057464775	0.11006376133654334
TNRC6A	0.39226980687892177	9.589522798916343e-26
VCPKMT	0.07315833913798746	0.3387632646061996
ATP6V1C1	0.14413834744340884	1.5192251887892064e-05
UBFD1	0.4079960296578842	3.819887527628156e-28
HECW1	0.27380926326731697	0.0562427210351797
GLI3	0.13477876982957288	0.08576040550659397
ABHD16A	0.04573410670273978	0.17424509850204226
BCAS1	0.32393009728133587	0.012063891365125378
FAM172A	-0.14026437036783138	3.6966881188834017e-05
NFATC2	0.014360001434955024	0.664703329682923
METTL9	0.07554009001881995	0.030573453680674496
ANXA2	-0.8945035550741616	9.733221584573594e-59
ZNF501	-0.7056854617291244	3.7593114402446107e-07
ZNF35	-0.4588289474887498	0.0005087563620904056
GTF2A2	0.24097917027015606	4.001830973550582e-11
GCNT3	0.46161801441321126	0.00015255552265096444
LPIN1	-0.09486165377131817	0.008557742419656981
NDUFAF6	0.024022055966963246	0.6299888732493939
JMY	0.04856855358022379	0.10296873795073443
ZNF418	0.9733909878538095	0.005876418371109447
FAF1	0.045226131561286756	0.03132394720497586
ZNF134	-0.06589469568012363	0.536088683013578
DDX39B	0.20180138956859314	2.458128027781153e-23
UEVLD	0.04665593295968747	0.02807552737279929
TAX1BP1	0.38573248271065985	0.0008196342194932677
MYH11	-1.187754172440783	6.347226271592241e-22
MYD88	0.04913625993359383	0.004155150549478417
NDE1	0.024490839086180466	0.38486276711336004
ETV6	0.24082224182693057	6.482804968863833e-17
TUBB	-0.6865320868098425	3.2090037506230515e-05
PSMA1	0.0922793818603777	5.609727427716338e-08
PGM5	-1.5499150305257965	1.7888586951072312e-75
NAGA	0.088815544566963	0.017282388692650343
PDXDC1	0.7238375541591882	3.1777357689064507e-43
OSBPL3	0.44882099122181607	6.532307162521115e-06
OSBPL3	0.6709578089083416	2.3513287556947263e-27
ARHGAP21	-0.243057533188187	4.730634627270563e-19
IPP	-0.43245943668450354	0.0039441620388985365
MPDU1	0.11376334672147209	0.034913345596136014
EIF4G2	0.22232446267342598	4.55893580877392e-06
AMPD3	0.10278384343470683	0.00534487309233027
OSBPL10	0.16044842710899948	1.989101105850996e-07
COL4A3	-0.8623447522864535	2.191853960485075e-44
SLC30A5	0.40041143815838554	1.904422965188925e-25
GNE	0.26377991508048315	2.5989126147867376e-17
ZNF143	0.2706122645052268	4.115709237110393e-15
ADHFE1	-0.7862442147035247	3.779313796984474e-19
COL4A4	-1.2230198132036207	1.4519510590315043e-44
RPS8	0.4131518580079764	4.1760898072041385e-27
AP1S3	-0.1687976275495305	0.0012865254848793398
GATM	0.047973233333220115	0.48991151459167587
TMEM106B	0.5468761128728273	2.557329679311992e-28
ICA1	0.39088279213488397	1.1677411983601233e-15
UBE2E2	0.13166577593202827	0.015978314966184973
BICRA	-0.11127466746815044	0.0013104653483117204
STK16	0.2617598591468742	2.3257965166262603e-15
LTBP4	-0.7291921420535508	8.426995938573981e-33
DDX17	0.3601906121185279	2.2956266406047947e-48
FITM2	0.09540438654418369	0.1613929245294646
EAF1	-0.7095383404984328	9.724507763276026e-14
ZSCAN32	0.2612301150956208	0.0013021259676361675
MAP4K1	-0.12594706695806793	0.0030672651083888144
TIGD7	-0.476212621316651	0.059616171581924865
IRF9	0.09699833581621531	0.004639519105167589
ZNF213	-0.3197985626542714	0.0008240316300688732
PROSER3	0.046694356791895056	0.7836033654945636
CARD11	0.260488810949872	6.493914999554085e-08
MOCS2	-0.11147745315073476	0.006198261855032224
SCNN1A	-0.43073125704844817	0.001545755367257818
ZSCAN29	0.33872885674534414	0.2523642922139404
UBE2G1	0.24346789638125738	2.750391823565084e-16
GPAT4	0.33713269635458654	8.034210172662051e-13
HFE	-0.37539502023841553	5.441367350456354e-16
ITGA4	-0.12922603882420652	0.0003371604650090416
ATP2A3	0.09104935008238707	0.1302872477910463
RALGAPB	-0.45684537041969686	4.8332011834247204e-11
ATP2A3	0.22780494250721753	0.5743457384354078
NUDT19	-0.2921863310686976	3.929370619778072e-12
CEBPZOS	0.3520428342915837	3.257558481855578e-10
TM2D2	-0.37576983777355055	0.00025428662184750074
TMEM267	-0.5055164201363722	0.0007009780178402011
RAPGEF4	-0.8337315052588632	3.268558508556784e-56
ZNF99	-0.7590802433489428	0.008423556465701212
MLST8	0.03657766772330585	0.09287892059336059
TULP3	-0.20012492081191408	1.3859097791876264e-08
ITIH5	-1.3077919113815724	1.022143339079947e-76
SMU1	0.08299860770707584	1.190228048544265e-07
NGDN	0.621450806547554	4.841092712085754e-42
DDHD2	-0.3088296246348773	1.4957091580718185e-20
PAXIP1	0.08567695611742925	0.0015411177703163284
PAFAH1B1	-0.21744115415240728	3.2246593842238104e-26
AGAP3	-0.19137840138683102	1.4513112422338863e-14
ARPC4	-0.07102973307376402	0.02839199576236081
PLA2G4F	-0.8047595892954309	1.4236000683815305e-35
APOL1	-0.9909561644906228	1.8645674093526777e-44
REPIN1	0.5961375101226156	4.308139858681411e-36
PLAA	0.13122687949542985	2.8820773809776704e-07
JMJD7	-0.9604606481892133	4.300249693564649e-37
DDX51	0.18663464524846182	9.121301456869665e-13
HAGH	-0.4644069731960358	4.652146906120386e-34
CAPSL	-0.9667335840220497	1.749001857843222e-17
TSPAN4	-0.7009313715560356	1.1256944625946226e-40
AKAP8L	0.38340688529067246	1.037903197745073e-29
BLOC1S5	0.3476798894454517	2.1020888001813808e-32
NCKAP5	-0.6457391706804096	7.88863032777966e-15
ARL16	-0.2961262266268011	0.07918580674695024
STK24	-0.21649331460638838	3.8048681806779125e-20
CEP250	-0.08912940819654666	5.03450984782411e-06
CCDC40	-0.5530073372068017	2.2035487138706043e-06
BICDL1	-0.1254260531650083	0.34728395499609566
KDM7A	-0.06049590160903913	0.5166914769481845
NFIB	-0.6320177010290403	0.0001543099278028354
RASSF7	-0.09010056746954456	0.022442583344006624
CDYL	0.19662365480093857	7.487834661395219e-13
FAM98B	0.0390292776579289	0.0919361142323085
TMEM209	0.26068891947337913	1.2980245369584183e-16
JMJD6	0.13097392450996917	0.0003532446395224416
MORC2	0.2119139807392404	1.4572383146930535e-13
TCTN1	-0.16877395962801436	0.02347324882188146
ALG3	1.070214056502388	2.794148698048397e-23
PDCD1LG2	-0.5799753837435346	6.134228686198792e-07
MET	0.4658026634094499	1.9395278176542358e-09
PDLIM2	-1.302173526662957	3.712118472752342e-82
RAB2B	-0.1189295971856219	0.0002410745951292233
COL6A2	-0.6564728052097162	1.9516468753245366e-19
SLC66A2	-0.22527147577728512	1.7560221234290276e-06
MED13	0.09028743038684228	0.00048571904765037785
SH3KBP1	0.011398461337557203	0.7487202685768579
ARHGEF12	-0.2691567179081911	1.8000681819357447e-18
THOC5	0.3798901537011463	1.018691230957367e-40
CRMP1	-0.804934448566592	6.225071157477872e-36
SUMO3	0.2989388417941825	9.038509401678651e-08
KIAA1211L	-0.07784975431619755	0.15272295514005438
CHMP1A	0.22754855682797193	8.600538528253103e-14
TTC28	-0.463544400451657	6.854559181686386e-51
NAV3	0.055256505876364534	0.5806398418829543
MUC16	0.22658110648341234	0.09335188408711668
PRKRIP1	0.13680683282259962	6.519961963675084e-09
TRPM2	0.08881484419833566	0.4780717257147756
STK32A	0.039789067778040386	0.6802799251455122
SOCS6	-0.29642652582318174	5.484566024509938e-10
CFAP410	-0.21977567696506256	5.3567484481496355e-09
INTS10	0.22904541796216932	9.333251042008563e-24
MAP2K7	-0.11447113006107526	3.8843810480060965e-08
RNASE4	-0.60826888774177	4.011298188737638e-15
FRS2	-0.10144125834440253	0.26495591744152885
DIPK2B	-0.5953233068326016	1.9355263928851679e-07
SLC35E3	-0.48514504256572366	3.349316013673548e-05
PIP4P1	-0.10167211760597784	0.01082531351411703
CTDSP2	0.1886376293507091	0.0002562853151000167
MBLAC1	-0.03747236580601058	0.5379325588156476
RELCH	-0.29426613213680003	1.879996173171824e-06
KHSRP	0.1886791935568472	1.647365797214183e-19
HDDC2	-0.24250322008822048	1.2541197576656205e-11
HM13	-0.41796859464775105	2.312919751603974e-06
APOF	-1.1315820590408707	1.7727576799319483e-44
PYM1	0.29298303181119756	2.752749540308856e-08
SELENOS	0.21903021827646166	2.163620260569532e-05
CHTF8	0.5327091645607465	2.8801405151795725e-06
NSF	0.32320404841066647	4.765171501630573e-32
ZFP90	-0.003539674725739378	0.9726471059291888
CGGBP1	-0.10069006866721952	0.0001068537119258673
LARP4	0.8352358831029534	1.8908743894108913e-48
CHD9	0.02792036705078097	0.41080338525276383
MSL1	-0.16916050237665753	1.9988066383293706e-09
FRMD4B	-0.31306195584353913	6.476849859880525e-10
CFAP53	-0.6224424085965763	4.1633756829188166e-10
USP34	0.20974227983291227	1.5857778943634846e-19
PCDHGB7	-1.068189749781008	1.634341712500454e-05
MX1	0.30773482277356784	0.0003188685435073467
SFTPA1	-0.8529365178123951	2.6675504072083816e-19
SLC38A1	0.2937659060751959	0.004282443177016073
DOT1L	0.3108920490963685	0.00041839021924490905
RBM4	-0.5563538760759164	8.815291820190584e-06
ZSWIM8	-0.05308192826611553	0.006112246132261015
SHARPIN	0.04925031846613661	0.041614416282455595
PRAME	0.505320506373794	0.05738756314632026
PARP3	0.0529832626796593	0.6075775587860077
HSDL2	-0.2820293597908681	1.4287026313261332e-08
GRB10	0.1654159603559119	0.0007118619331624306
SEC24A	0.4918401472003331	3.192457807374357e-45
ATL3	-0.10095712084882608	0.0014790992702392585
TOMM6	-0.0693624909747665	0.09752602199265578
MROH6	0.1186382138885928	0.693283988620361
SMCO3	-0.7731503946556707	4.1174351887185653e-29
NAA15	0.3115229182471523	1.547737098864405e-06
MGARP	-1.1712545478886602	1.211606464118591e-11
CRK	-0.27873244167684796	0.00017227183460850754
SPTLC3	-0.030173399328468353	0.5690100582144395
LCMT1	0.10368117894848271	1.0039440487522171e-05
DTNA	-0.6955434973000919	2.084543799365712e-36
COL25A1	1.2327184771300173	0.06931828590539871
EVPLL	-0.32032419107830723	0.003889125117130518
ALKBH5	0.3483116618902835	6.138044044567956e-26
DOP1B	0.31391808514708924	1.377688154682636e-15
MYO5A	-0.21778187723467615	6.950683191794989e-08
MYO5A	0.029684344261898216	0.34329249485520896
JMJD1C	0.02561601724822344	0.252189607092415
TMEM26	-0.2889268188769859	0.2947232639007316
RBM12B	0.3042088334568013	1.277472777386533e-29
MRPS6	0.5218247600525809	3.0165448965353305e-30
HECTD1	0.18241934830750534	2.267360942928916e-19
ITSN1	-0.3885208105807181	1.2538428783149275e-23
ITSN1	-0.32472155982905504	4.055123224080433e-26
SDR39U1	-0.16709683585263221	0.00010463022822955752
GLB1	0.3884473205070835	8.293524279398754e-21
ABCC1	0.09216405638375225	0.008749165676697389
COL28A1	-0.9421274145804877	7.857219631368387e-13
ANKRD28	0.09749101366639643	4.78526664655221e-05
MAP3K1	0.16873205088066856	9.444857433085456e-09
TNRC18	0.13345146454007917	2.96907932985091e-06
RADIL	-1.2014413670716753	5.9781044218570545e-65
UBXN2B	0.039308825504310675	0.2149431395087629
CDIP1	-0.11394232004762715	0.036213895014900875
SCIMP	-0.22273566797349822	0.0011346888521978227
POLR1D	-0.007430468951642469	0.921946638335593
FAM166B	-0.9609893350738877	2.0046475160824994e-15
KDM5A	0.021660165084666158	0.31587493111411813
ROCK1	-0.3002874858149873	8.094472685233825e-32
IFITM3	0.0030295723801498364	0.9344821066284863
C5orf49	-0.38544727939126705	0.0003478637110342516
IFITM2	-0.23587702091587506	5.7750696453683745e-08
WDR19	-0.482797026058962	3.7482782484441024e-38
ODF3B	-0.8008854477342789	3.5576494772171154e-20
USP16	0.19294783628789852	4.781296317966481e-20
CHD8	0.1887233235849745	2.465262854313651e-14
VAPA	0.14099644913387477	0.00011635871406276413
TJP1	-1.1381428788771668	1.2910236860563555e-38
EPB41L3	-0.5002763004937214	0.02441211108892391
ARGLU1	0.27862479023697906	3.4706103330488257e-15
CSNK2A1	0.1981000131455422	3.0655259547104247e-12
DEPDC5	-0.1756158396019079	3.396715631523747e-08
COLEC12	-0.37829493890899946	3.4981904640653025e-11
SFI1	0.20680082116150725	0.004460325603075047
SELENOM	0.13060533259139806	0.0001105437648636963
PCBP3	-0.30068556009529623	5.481833523968109e-07
NEDD4L	-0.1995679589917215	3.0083576585257294e-06
SGSM1	-0.23208397535370068	0.007429101092188203
DSCAM	0.2406564536914036	0.10201437278698679
MORC3	0.06252964735674113	0.006455064437791296
TXNRD2	-0.03513936642854031	0.38837507432470925
GP1BB	-1.3626986572561193	1.032942836776902e-34
PPP4R1	0.1308824474338227	1.0757872702864598e-07
SAMSN1	0.31150640777873007	9.163764339460708e-10
ZDHHC20	-0.09990557134298374	0.0021404021634659786
C9orf152	0.41049323845986896	0.0045288897714345225
KLHDC7A	-0.24902726867991462	0.0009872358750523808
ZG16	-0.27213986840330334	0.0029744029878210837
TMEM242	-0.582872766929583	0.004206559579536531
CCNL2	0.05983861143378356	0.07720000999338984
MASP2	-1.1952282661778701	7.914781118036838e-53
PRKCZ	-0.8264356350986495	1.659747682744164e-56
RPRD2	-0.2355518826798063	0.3022925574416637
MMACHC	0.1200966434348289	0.07406306573949831
KIAA1522	0.23018493982379873	2.040447876973396e-09
SZRD1	0.04184355941794751	0.1582595189153391
SLC8A1	-0.31563833800283025	6.296103900971451e-17
TFIP11	0.19776695947418924	1.4010659404775537e-18
MATN3	-0.11292292980661023	0.15655809169225607
UBAC2	0.39237152607180237	2.2934159548416733e-16
MAPRE3	0.018760143844163295	0.7771539573723205
RASGRP3	0.011260060088128868	0.9410028823929081
GP5	-1.2509531939331775	3.000094662407418e-48
CRELD2	1.0242468606602402	1.0402425408460896e-39
SETD5	0.051581888228053534	0.5626806671766883
SUN2	-0.36261693078080853	3.214140818347285e-20
CERT1	0.009821998909574171	0.6642698492651352
HMGA2	0.8144858137804066	5.632585120386192e-07
CCDC85A	-1.6400994299294804	1.911922388114489e-61
NCAM1	-0.6327925893956643	3.013782421249915e-12
EFR3B	-0.8490993077169531	2.0389175088064346e-10
DTNB	-0.24088205842633317	1.251509128098698e-05
SUN1	-0.030397750192039313	0.4200414789936096
C16orf86	-0.4251316936972381	1.863021410621764e-06
GUCD1	-0.27617120768520803	0.00502155867370423
FRMD5	0.34320800897085046	0.037026764581798675
EHBP1	-0.2396063611029725	1.934079082077723e-20
RBM33	0.30912223723754917	2.442114228623516e-41
FBLN2	-0.0769446156870121	0.1479536899321048
ZFPM2	-0.21930416881030618	0.021581617849382683
SCFD2	0.051434071113823476	0.011927163443744464
CASTOR1	-0.33651287700536536	2.8501399732277985e-12
INO80D	-0.06375850700837767	0.324553516946373
PRKG1	-0.9273998386962792	2.961158381124764e-57
NCOR2	-0.10205024090341791	0.06768833840993586
MADD	0.023871576070170028	0.34034882203915534
PSME4	0.3461623590191475	1.77618307391791e-26
WWC2	-0.9308727825497247	1.663116510633007e-84
ATG4B	-0.0063339005807466	0.819034519374372
WDR60	-0.08140587867170014	0.04333509713926084
ACY1	-0.08294360397403681	0.16813589993973363
WDR43	0.575543775920111	1.7883763992273083e-44
TPM1	-0.5456473779117772	8.131583760260216e-40
GDPD3	-0.17660882793818253	0.038054768420657956
EXOC7	-0.13620807517156508	1.5580171850497627e-15
METTL15	-0.0441189528373308	0.3948392162955631
KCTD17	-0.2518474755076864	3.87952392015902e-05
MEX3D	0.21932885327132423	3.364691353318631e-07
CHKB	-0.14637777503317487	6.2700036106168774e-06
PARG	0.11582111941414452	8.872564953034474e-07
ITIH4	-1.1097641784018362	5.27974406023859e-52
HYPK	0.23764546739840325	7.837172404002806e-22
CLDN5	-1.2218209741616648	6.332290158060704e-25
ADGRV1	-1.2925440806747144	5.269740030017309e-11
STON1	-0.4541593264692454	3.953690711176697e-16
NLK	0.11551453156799209	0.699893786598542
CTNNA2	-0.3140041011372612	0.4142286511731444
MTMR3	-0.02226573531494444	0.352695105702499
HDAC9	-0.44624372936547685	1.4158434974195142e-05
INO80	0.005055970744630302	0.824846235373008
ALB	-2.148769883852377	4.680980875884025e-46
PRDM6	-0.7206984321999979	8.175042321511946e-17
FBXO11	0.0323636742034702	0.20209286347424615
FAM104A	-0.12170796571847825	0.013518547418391156
XPO1	0.2344625408427086	1.1723695146122984e-31
CYRIB	0.23734444015139394	1.159281583601303e-14
IFI30	-0.3724250829413447	2.812842734909374e-13
ERLIN1	-0.034579537232928184	0.3994906174132854
EML4	0.4429265958330243	1.5476380804365e-08
STAT3	-0.15766186782005	0.00019656607401346933
WIPI2	-0.19426933411093317	2.22720966804088e-15
URGCP	0.33971854282721414	6.676239914387251e-22
F11	-0.5288580042268863	6.544514563962181e-24
CHCHD10	0.6491120828954495	2.094203715894516e-25
KIF2A	0.27125518050266706	5.725052343239052e-26
THAP4	-0.211096185134793	0.000333503848139331
RPS7	0.5783811040133613	1.3248805290403222e-65
SMCR8	-0.23613209035327754	5.800356376945653e-13
SLC22A23	0.1779295419754428	0.28003602387595394
TCL1A	-0.07809617871615376	0.5478288065581958
PPFIA2	-0.05415971411658854	0.6218689730038501
ZNF792	0.24535445218014612	0.030538409928020895
TPM1	-0.8757537029709326	1.484759974049636e-35
FEZ2	0.1580891587751017	4.1707534231808535e-08
FAM161A	0.16000883916358594	0.07395176216424204
NUCB1	0.322610106264441	5.236167221207726e-25
NT5C3A	0.5251251995876246	8.274195544837108e-18
ELAVL1	0.16356741660211432	2.544881990036304e-19
ELFN2	0.19047573366641132	0.6331743715068454
TAPT1	-0.08869017792497037	0.06853592545966054
LTBP1	-0.4132460121192285	0.0007817731694358223
NOLC1	0.39177529035058956	1.7990317062512725e-08
SAR1B	0.36019042677910834	1.0565678149486201e-24
MAGI1	-0.5733764167207757	9.66585456700447e-44
CRPPA	-0.5479232686418893	3.976489640572416e-34
FBLN1	-0.5581436036733465	6.169095715064831e-18
KIF26B	0.6021564055267783	5.049044185797119e-16
ANTXR2	-0.1736332996614652	2.9883430443818083e-06
KIAA1841	-0.2300378887194398	0.0092387905167647
IQCE	-0.16423553987537592	0.08314199360617419
PDE7A	-0.35279187648142546	1.1676326099203478e-10
ARHGAP35	0.030791752651315736	0.3038125438098986
INTS1	0.1676299782294899	8.819352375506916e-19
EWSR1	0.17328179316201373	2.1229729350819608e-15
MAST4	-0.28908382308434005	2.7093439634283157e-16
SMS	0.27012363781490756	1.8653086174091452e-10
CHEK2	0.7005529144198663	1.0201678908753195e-28
MTA3	0.47472398262510407	3.589553550205745e-30
R3HDM2	-0.0056135891314237525	0.9102978530733052
PARD3B	-0.7389572793928945	2.8294592384980263e-60
EFTUD2	0.2748570816181285	2.0513890596547858e-48
NAA60	0.34517426166971366	0.00034522423964651497
RMDN1	0.017579123484440247	0.6405850930081787
FGA	0.6995321343001095	0.04041740859034825
TBL1X	0.16700545797616356	1.0570634682523968e-05
THADA	0.15975127681860343	3.699624703824593e-10
MYH6	-0.5120838580104848	0.000986314681705665
LTBP1	0.028616356116910935	0.547068563011572
AP1B1	0.14824891345218055	2.9372279597156486e-15
CPE	-0.055353898329338236	0.5642590474292274
POLD2	0.23438615115796307	6.103647187308825e-15
RAP1GDS1	0.17997969477402226	9.130089755915912e-12
PYM1	0.6384613045787453	4.038599116118497e-51
CEBPD	-0.3383324932344384	8.77821147673055e-15
TTC30B	-0.3669055103595453	3.1587335379588145e-06
DAB2IP	-0.662045331443045	9.82737759163999e-62
ZBED8	-0.14128418478104088	0.011317682955139532
MYO3B	0.1256636602087166	0.5370718367547076
RAP1GDS1	0.15786729289703635	3.533154664863795e-07
RBM34	0.3825944150257845	3.945808447924925e-14
RGS14	-0.19474068606972014	4.566801674471084e-09
TONSL	0.2938583226398358	4.493994003446309e-08
FAM126A	-0.3280310018113378	2.096996036897135e-26
TMEM237	0.044249692442860436	0.6683296542520305
APOL6	0.03137754822694697	0.6895274500223487
ALAD	-0.9127847238126102	4.8143538853469705e-49
SPATS2L	0.7276402668169327	8.987985107964991e-38
MYO7A	-0.06388232624703494	0.6520657689262443
RBMS1	-0.1658731097541185	0.019448939795731007
C2orf49	0.06295913016013337	0.03593932038305484
CD207	0.46146649276835294	0.0010788692288046335
IL1R1	-0.38200745936432334	4.257684617213357e-08
PXMP4	-0.4601022833484639	1.5528041469038822e-08
DCTN1	-0.3303310078286559	1.8012098494679743e-12
PLEKHB2	-0.060144078290573416	0.4489511166990709
SERPINE2	0.04972017269680451	0.5214666563869642
MZT2B	-0.40006019758123634	4.369953083378004e-10
PIP5K1A	-0.16709803183158917	4.993264147571194e-10
CYSRT1	0.09321227506859286	0.7614135837326766
AAK1	-0.0009740834684228011	0.9539943482923402
R3HDM1	0.2677191907378765	1.1757604410328746e-06
PRPF40A	0.4512594530221448	5.650433686570615e-54
MYO7B	0.24782519887524213	0.25970177493834373
BZW1	0.733172276547212	6.516216767443698e-67
CLEC16A	0.16720181713028218	0.1584410839299403
RAD54L2	-0.16901669007691464	7.384170863904517e-12
SMPD4	0.2014781365295682	3.0211606270674087e-12
TBC1D10B	0.20551845402836055	1.953243595942329e-19
PSMD14	0.2580358032066879	2.260146558992934e-45
FAM174C	-0.3652515719005322	0.05862723839577592
TMEM131L	0.2430601355177632	0.003184825259107115
DYNC1I2	-0.10477623004335213	4.7594224572344005e-09
WDR81	-0.2787948045068839	2.984664218305255e-30
ZC3H12D	0.3484725904578147	9.038160065379973e-06
ELOB	0.37603849083272123	3.237185774543254e-53
DYSF	-0.6288497345304773	3.077673499924156e-30
DOCK10	0.28685114580170734	0.007655773954575132
FCHSD2	-0.07134243061597977	0.003374349539109369
KCMF1	0.20183038327661926	6.16528976028924e-20
CHN1	-0.748755108922833	6.698898125043735e-46
SETD2	0.06404224223080685	0.0003263983972332939
DNAH10	-0.28582604025032277	0.08954337318674509
GPATCH11	0.31003041496143174	1.8127959192245507e-16
INPP4A	-0.0677496231175363	0.0030691580124713154
MLPH	0.011363721923971528	0.9075164218039423
POTEF	-1.1170819051716516	1.8133314627597317e-51
DCTN1	-0.2363241543530208	2.1199548133132754e-31
ARHGAP25	-0.8081576582932684	8.150796939091326e-06
CCDC14	0.26507172317712735	0.0005864744810979011
TET3	0.5010359526140757	5.201564745827304e-06
DCDC2B	-0.6635413764545308	1.620177767894334e-13
AFMID	-0.13015925442426096	0.01136874787102742
ITGA6	-1.0561072456904363	4.7595795763248586e-08
ARHGAP25	-0.1837607718736729	2.0896904871495792e-06
TBC1D14	-0.2086364342514827	8.115536116008134e-05
UAP1L1	-0.09196624913797344	0.026649915943624414
IPO11	0.16602999257182333	1.0047152625278234e-13
CWC22	0.40004326404382695	1.3249798262342522e-46
FAT3	0.3971929144304454	0.32613805493136583
JPT1	0.8053202570922855	2.644789382895704e-40
HNRNPLL	0.20660712675903992	4.70541320805996e-22
TPRN	-0.5047943347866212	1.2816666961701984e-36
CLEC16A	0.09193710013328157	4.0288318108970096e-07
ALDH7A1	0.03285994786337876	0.40312399474060073
PMS1	0.053801457662227714	0.10331058252107092
POTEJ	-0.7976880578938672	1.7459167889390063e-50
PGGHG	-0.07939837672751911	0.027570038081864694
SPIRE1	-0.15940175555135874	1.1332376790684953e-06
PSTPIP2	-0.027173561912168326	0.48162511251590956
IMMT	-0.03081139239513689	0.5439124250471649
LIMS1	-0.5840090826662144	7.355823581330409e-22
RAB1A	0.32508685172231494	3.600645086326878e-29
NOTUM	0.06669662118289175	0.7806527019110608
ITPRID2	-0.6032948234672505	3.715303935525867e-16
EIF4E2	-0.6008555956615926	3.190052948361437e-07
SBNO1	0.22440591544226096	1.7343691722873293e-14
PWP1	0.24579829753888555	2.9574244282333336e-20
NECAB1	-0.8944077241001726	6.891806095967248e-23
ATF7	-0.08614321736430126	0.03851381191339014
ZBTB10	0.21255511261847546	0.00036387120912026027
CIAO2B	0.029669079073752852	0.28851852000006356
RBM26	-0.573986295807978	7.080340828615744e-11
IRGQ	0.16436643950174787	1.0487458461161842e-06
CAND2	-0.5093119945609824	5.141274515445846e-25
PCYOX1	-0.6912799699652941	2.5340612309332367e-71
CREB1	-0.18610425370264266	1.2396878447415382e-11
TMPRSS13	0.6528548204266367	0.004869128613109905
PAIP1	0.40972132204014877	2.6017285629677296e-29
PARN	0.36177985715952254	7.621566261264165e-36
IFFO2	0.22194938781005885	0.004487077442030518
WDR73	-0.19287159292885425	5.462112241869175e-08
UBA52	1.4266673670366785	2.4218240897960252e-49
PLEC	-0.08468299204450247	0.015191258524337527
PAN2	-0.1647155108889889	2.1372323944930446e-15
TSTD1	0.18219953156154628	0.0013322656693534754
ZNF845	0.050690688365111536	0.6587361277929675
CTU2	0.30050111481974145	1.485441845707938e-17
SYPL1	-0.13931669094124924	1.077434027399951e-05
CLINT1	0.48313618083556253	2.56012055007371e-27
NSUN5	0.17635397529793956	3.8279929152654864e-10
TMEM219	-0.05981737856882153	0.34482523197879533
CNOT4	0.1141434766179269	4.930085323985631e-06
CASP4	0.18399025138446137	2.764786994521426e-07
EOMES	-0.5188441917612397	4.3054271562786584e-08
CHEK1	0.33531713217187464	1.3818175856629147e-05
SLC25A12	-0.006090944925740676	0.8695889914257814
ICAM2	-0.8247225356764619	1.2814388950807628e-49
ITPRID2	-0.1829376910756317	7.646504840831409e-08
C2CD5	-0.04980783147873077	0.017605442789862185
ARPC1B	0.20928142911312228	5.848516009823766e-13
FXR1	0.5831836023720838	8.0076960304369e-10
CLUH	-0.24359922450868077	0.048350711222996216
CPLANE1	-0.7938907300156228	2.905916969707374e-10
NAGK	0.021840214774933517	0.47449785416014434
RPL23A	0.29031307839415965	3.0820831377792357e-18
GLYCTK	-0.9650264020269554	1.0786880828597237e-07
RPP30	0.3258571935112226	2.1186532384972536e-31
HMGCL	0.27857880720538314	0.12956020057279177
CHCHD3	0.28758666687903045	1.992690197956319e-18
STK11IP	-0.12372601326188508	1.6241264851522626e-05
TMCO3	0.48241696454190036	3.417124247304427e-18
CCDC17	-0.9165108826971873	1.0182772814952904e-06
AP1S2	-0.5656929478946282	0.002237190789171376
SEMA5B	0.4358866963305999	0.028253067744148302
EIF4E	0.3535802269145881	3.723418633522093e-40
DPY19L4	0.11288566062774608	0.07571120224740588
EEF2KMT	0.02409090417360169	0.8584823776685324
MAP4K4	-0.7756167209292032	5.696199336159139e-18
PLEKHF1	0.030285164926657226	0.4381580208392524
ACAD10	0.34925882654344703	1.7031510816056369e-13
RAP1GAP2	-0.1360335465036604	0.0033274804671055143
CD44	-0.2926305918390581	8.666838505200057e-14
ZNF852	0.10298009059167265	0.16172278694119316
ELN	-0.45729311474554746	0.004950997026433295
PLEKHM1	-0.1309805463985351	2.081859208335784e-05
NT5C3B	0.14432171873219402	0.00012018350781661884
TMEM67	-0.37487374427326997	7.517163900139974e-09
CTU1	0.40326773713622677	5.062374540989276e-21
HLA-DOB	0.5430201085861373	0.00024815120908040246
HERC1	0.12785161558301453	1.1705753984602617e-09
CCDC141	-0.7609107850552244	4.971585643704262e-24
RBM26	0.2939610384706732	1.4163251817438517e-27
GLYR1	-0.15685208412713464	0.002266064452310516
CACNA2D2	-1.0524876532098153	2.1245385119359955e-30
SIK3	-0.22370273316617267	0.002551947171075552
CES1	-1.3605288947607843	9.395777081822421e-33
STK3	0.25034876310688337	2.3471919619987948e-09
SLC14A1	-1.3198074123019854	2.783987073339972e-28
SLC25A17	-0.15469162920146806	0.06401710912618112
SMIM19	-0.0006857939813655484	0.9899890206616301
SCFD1	0.25067408531373214	1.0397447707015228e-22
FBXO32	-0.46622284975459294	0.00016330759854163378
CCDC90B	0.16308681417571227	4.3282554214742434e-05
DMKN	-0.11022280125823693	0.3647086901419997
ZNF302	0.45284420205277626	3.523155088249737e-06
RDH13	-0.049293163814511626	0.27042564829411325
DENND4A	-0.21391921398657998	2.440137891826355e-17
SEPTIN9	1.0031850314426576	3.5390812946965554e-28
SEPTIN5	0.18130025302850672	0.18367234242799857
SH3GL3	-0.9885081877006405	5.240840966017994e-07
MT1G	0.39722993659788947	0.007148175072920522
RNPC3	0.08225183201693287	0.0023954540995743995
ASXL2	0.029916831591195018	0.4213607940610256
PARVG	0.01946482541317742	0.6581003345303927
MXRA7	-0.12902511506057152	0.35668472967947
TKT	0.33936271575341026	2.34294050063661e-12
PNMA6A	-0.25851713158651723	0.006815884154290446
AGR2	1.058768637691742	2.8902250324273708e-19
CCDC173	-0.18432190107456975	0.3215133673147846
DENND6B	0.14727267951345435	0.3407113162329995
PEX5	-0.3468746478982047	3.0836150282168534e-32
MTMR11	-0.45359045777375906	6.707124618952411e-08
JAK3	-0.029351066878905634	0.5312348278075736
PISD	-0.09853969952567354	0.011649407077050837
APLN	-0.2353307665153444	0.4871133421633811
TRIM26	0.14656725022874892	6.334178360873735e-09
EIF4G1	0.6012024817822483	6.39546451990093e-66
EEF1D	0.5361804610358114	2.750085271653971e-71
PTK2B	-0.21646923756840714	4.4364023629342076e-13
CHD7	0.09610888397022165	0.1654417638870056
REPS1	-0.03218905403862968	0.0927974862648034
DIP2A	-0.21130766434503212	3.5261649644710455e-22
ZNF146	0.4328127250222742	3.828855350765965e-14
PET100	-0.07032621120044884	0.21555403605096987
IFRD2	0.12090411744504895	0.004464740360957614
DYNC1I1	-0.3405758863297035	6.385933686449944e-17
PSMG4	-0.0505249870051524	0.10407429151159073
CCM2L	-0.9537324352255384	1.047975739472466e-13
PUS1	0.5409570492832027	3.348782568850841e-31
FAM219A	0.07630333751138915	0.07129091652006551
NISCH	-0.49723796280277854	3.680943993998412e-18
PLPP5	-0.20086012004641973	0.5861811595033858
DHX30	-0.9109531746025314	2.786771743571619e-14
POTEI	-0.4084167757206785	1.0844389043686798e-42
PIK3R5	-0.3482683624424748	1.7133006564331443e-08
GPSM1	-0.43720027263172634	5.8916734425069796e-33
MAP4K4	0.05360988705631169	0.14334376804671628
HSBP1	0.03913543952305468	0.19850007018027868
PLEKHG2	0.10559107205852233	0.02739068477593004
POLR2H	0.6105305404291752	2.3364161385107455e-59
LAYN	-1.553927419933407	2.3388719106852667e-07
SMARCE1	-0.23208831475662478	0.0014035263418928465
ZNF185	-0.4091461873235356	0.001476939544796444
HTATIP2	0.48328129166152073	4.2562648322361035e-17
TOX4	0.3781151579107298	8.244049489135002e-36
MAPKBP1	-0.18305976375738858	2.274701246994706e-05
HNRNPU	0.6619241350103348	3.5845532095761527e-09
DCAF1	0.12101392064922814	4.466204744816511e-06
RPS18	0.15568372994755306	0.0002806668194387907
ZNF7	0.2981388211007955	0.0013564143151334463
FGFR1	-0.25182203320653196	0.0003581624072990305
EPS15L1	-0.13034510027026933	3.1621001908848016e-15
TMX1	0.42797466063141054	1.7289145617861224e-20
EIF4E3	-0.533534142609331	6.497364850783607e-36
KIF5C	0.19500266121489246	0.024181131325257836
RPL35A	0.6968128992064758	2.7740792965204956e-41
TENT2	-0.017250911856415627	0.6136319203633221
IFT27	0.27887714504339656	6.65063830857557e-13
HLA-DPA1	-0.19713524605675886	0.009781675869806454
LRCH3	-0.1521337058937066	1.5327154705934965e-13
CEP131	0.5137935768611941	1.409392113330737e-26
BIRC6	0.20375768186566784	3.032427470724265e-25
FAM126B	-0.14405239209352036	2.9407097833688435e-06
SESN1	-0.443112694745193	3.234627118217139e-27
FCHO2	-0.0854106744853279	0.005100154165279424
PPP1R3G	0.37784409057952284	2.8315271707965515e-06
ZNF506	0.566624709266651	0.004027369558999175
BLOC1S3	0.13467996567299337	1.2591304375526291e-08
PLA2G10	0.03659164655628547	0.7475049520999916
AHSG	-0.9988019215848836	1.6266374967359079e-55
NEBL	-1.3329752086115394	2.0601156587937718e-81
RUSC2	-0.45881383440278156	1.2145436942405573e-05
KIFC1	0.16814737293714782	0.010219744190352705
PPHLN1	0.22933437595858946	3.419166835511291e-08
GDI1	-0.17066848258981196	6.791824613542547e-09
PCBP2	0.506299392499546	1.0235141468734822e-18
CDKN2AIPNL	-0.023416037972407953	0.5413881493515189
CNEP1R1	-0.07043554913263621	0.19407719255957043
DIXDC1	-0.0655233737396457	0.5689684068233242
KCTD15	-0.3041458027635406	1.1295026796053667e-10
ANAPC7	0.12800934916236997	4.105132934026964e-09
EIF2B4	0.04536289994027354	0.36807508108550396
IGHV3-74	-0.31301301722467784	0.022478609891366373
PRR12	-0.09891860219240121	0.0002319211023486477
IFI35	0.3484632318483982	4.187844513322252e-17
DHX30	0.13314821289879905	1.5653489602574464e-10
DAZAP2	-0.49767632598700684	7.419143657106684e-19
ZNF516	0.16860735301056215	0.0003406962792318888
SENP1	0.030777907277898517	0.1920912381786879
DOCK8	-0.010741103596139744	0.785983790308695
TIAL1	0.22783520684677272	6.387784709308112e-26
ORM2	-0.9956700371040297	3.0298679937309984e-38
ZNF746	0.10201324777479268	0.12609575832395858
TACC2	-0.19313083893488847	0.0005092613107645313
GALNT11	0.08281753954874738	0.0773999662357624
SYNPO2	-1.2798534910569757	1.728889073254917e-43
EARS2	0.23130729707347938	2.4965243279091966e-08
TMEM68	0.0007177467263708992	0.9876902560659859
ZNF185	-0.13589046925690046	0.009776607551137378
RETREG2	0.1494505912813065	3.2889732614481724e-05
ZBED9	-1.5860977463595092	3.1497354860682556e-17
USP19	0.017452041850995033	0.32333874483723807
C9orf116	-0.5848516111113738	0.007526792477222669
TMEM100	-1.6161075689552549	2.902513416808568e-42
FAM185A	-0.17089514096460204	1.2722888157954262e-05
PUF60	-0.17587583027794332	3.397413567155335e-06
RECQL	0.015573807721820265	0.6177299660512676
MAN2B1	0.21393863764110976	3.9051463143614776e-11
OTUD4	0.04155002870726748	0.04572144808969327
MECP2	-0.5289554085422352	1.150612585479994e-36
ELOA	0.251081758472225	7.014445219662539e-13
PML	0.47953165023746425	3.088375141631838e-08
THRA	-0.2395256990817078	0.0010344268044898228
IGHV4-31	-0.4303419716498118	2.2224061740021782e-05
TAPBP	0.20848835593385381	0.00015188256372246977
FMR1	0.06806430242328428	0.3945545646456028
SORBS2	-1.0771385383917929	2.1303346459002912e-36
SYNE1	-0.49496332857298897	7.809145513017696e-23
PCED1B	0.2896343489371438	0.0014771828511016335
ACKR2	0.9634455046095282	0.09063759553680269
IK	0.36693767175057374	2.4321875968003517e-49
DHFR	0.8249328540029831	7.431623784388369e-27
HLA-DQB2	0.13111398058240953	0.12876173455239961
TCF3	0.6342729533284008	3.0276082307954206e-26
ARL6IP4	0.4237898794793768	5.115890343485721e-30
NUP214	0.051478138816292124	0.2732697056221729
GLB1L3	0.4265623759473286	0.04896543964869845
FTSJ3	0.5032262039013832	6.742779695059769e-33
C4A	-0.8238978757376593	5.525946446694368e-32
TOP2B	0.20487630178366567	6.851041985741405e-18
NTM	-0.5859656862094872	4.022760451595872e-08
ARL6IP4	-0.004356419569013855	0.9742689012003837
KANSL3	-0.009315809141753716	0.6782023227037502
NFIC	-0.05834571727380205	0.20256342793245663
FKBP11	0.7905530875140514	3.2487586863328944e-26
IMMT	0.13327268608203893	6.224295798922205e-06
BAHD1	0.4155231823314127	9.807690616687191e-06
TENT4B	0.18445318756154305	2.348471848832141e-09
MCF2	0.7515662288340816	0.0012275221740480605
SELENBP1	-1.010655526791811	5.418395339337586e-29
MUC15	-0.37222513708256894	0.0014640131447038614
C19orf25	-0.11346648869079232	0.00039867902315517334
TSC22D1	-0.2698940620435754	1.28857310631693e-16
COG6	0.2760006291300119	8.576541355982526e-31
UBE2W	-0.19556773623026108	0.1270939270554857
DUSP22	-0.45476537534699657	1.1865753029810052e-24
SORBS2	-1.5583211796252376	1.1576825155004024e-53
ACTL6A	0.18158051115131435	9.282696763234574e-19
RAPH1	-0.13788659828135094	0.26714819562252423
SMARCA4	-0.3627418693518475	6.643172569599409e-07
TMA7	0.27577705136529035	0.0010577094305298056
PET117	0.0468490221644227	0.3754053119354112
PLEKHA8	-0.1533610283831328	0.01662199892270082
CROCC2	-1.0169260286779531	2.2415698960833044e-25
CASK	0.49302087365841063	5.450574851478917e-06
FAHD1	-0.15432953322302392	0.0011467746144590177
ZBED5	-0.21497446814640675	0.0003619173674281111
E2F5	1.1800754316150854	3.262181662650485e-19
GSPT1	0.5108682989580637	1.4635945354463049e-49
INTS9	0.14075713817947888	2.1992386401230072e-09
SP140	-0.16231353715397742	0.008967917666917725
TTC21A	0.5998782611602494	0.04767368961817764
RBBP4	0.2889020074603833	0.0073864480881682465
NCOA7	-0.21810570279331234	0.6135716080138607
SOX5	-0.5890588849755749	0.0005601985075576574
C11orf68	-0.03425783764244009	0.11615952245003668
EIF4A2	-0.12338865282653158	5.781564212842269e-07
FAM133B	0.1048162095717863	0.31056613179227727
KDM8	-0.08507604290288709	0.0020226928559647843
CADPS2	0.42535380883340324	1.523453325119005e-06
TAMM41	-0.12617559348286692	0.0003885134562075495
EXOSC6	0.3233645760508447	2.485654678801024e-26
ARL13A	-0.04382452514703053	0.8644457371793466
NUB1	0.14869631360086819	6.753913693644147e-06
CHID1	0.14119345648995493	0.00023583766219321893
CCN1	0.0859909486255956	0.16139519962866564
SNX13	-0.0442893830137071	0.2819104263520153
ZNF142	0.014789302368734922	0.9476816699342381
TSTA3	0.20488758809020008	1.2657430881217812e-05
PHF21A	0.04925526203472853	0.032031300229721386
KMT2B	0.2514503107318598	1.0611022231155054e-10
BRPF1	0.03417558018974118	0.1547624557387332
CDK12	0.495837709022383	1.624639550030439e-46
DOHH	-0.08706157527903415	0.001875257407332522
HLA-DMB	-0.06517425990703024	0.39484835041943467
SGCE	-0.48449319066482566	3.256670868096132e-23
PLS3	-0.34505772974379467	4.08231111934991e-05
FCHSD1	-0.0005581747014642945	0.9834319995911022
CCR2	-0.29617196129655704	0.011562058539810682
C3orf52	0.18697969116938618	0.04011927610893113
SPRY4	-0.022612935923751035	0.6903999692319375
POC5	-0.3377426241215912	9.941149096638013e-18
CNBP	0.8605355370781146	6.8504543503802e-27
TNIK	-0.4555345210853119	4.86890117574412e-09
MBIP	0.20716655833954972	4.958098521320743e-09
RUFY3	-0.13212927918669085	0.001242184869717403
IGHV3-43	-0.5926829795664119	4.737978364066998e-14
ADD1	-0.02234110787007282	0.8973066525508419
ZNF839	0.030476000713596935	0.8542423612605161
NBEAL1	-0.1841219046497481	2.47248687170932e-08
NCOA2	0.08847652646506966	0.0009423605435919957
PPP2R2D	-0.38255418892379534	5.572768564596028e-34
PTPRJ	-0.17078549449356997	2.705069195992533e-06
ZDHHC13	0.4618270603508029	1.7028165980569717e-24
CENPT	-0.4553359785033516	0.0063216268678845805
B3GNT9	0.38861479003095684	5.344026019533407e-08
RHOA	0.043750829742126615	0.11111523617609485
NDUFAF8	0.7765931181580391	7.129112022252652e-25
ITGB4	-0.05970527582342325	0.31491134971587015
NCOR2	0.2765664842517761	1.0316774724712111e-30
ULK3	-0.13215548958117318	7.073630125385531e-05
SNX27	0.041809655733635306	0.03156757425943862
LAMA2	-0.2706659101608967	4.567743881275797e-08
ERAP2	-0.20643492740293895	0.09771922883598634
CADPS2	0.3380824230258156	1.943991307501714e-11
NFRKB	0.05314639058835354	0.0007367203226994113
FASTKD1	-0.14186323661543193	0.009876552556542774
SNRPE	0.013757395712606355	0.6075323866228897
PNPT1	0.40611339629004134	1.9938442113516314e-16
IQCD	-0.040623874022187895	0.8800115657489276
EXOC3L2	-0.41539587514099996	1.0775189745125529e-23
GNA13	-0.2779491711160123	1.4812867054951456e-19
AARSD1	0.5504975372180463	1.3677021664404325e-26
CAPNS2	0.4297058071241928	0.2050820314781829
SUMO2	0.6492555731879286	1.9519528430751862e-36
UBE2L3	0.09434447661301117	2.4768134708137505e-05
MYBPC1	-1.1560338931485539	0.00022756369487174973
SLAIN1	0.19473268725593468	0.012919078655893854
SUMF2	0.24517784748685684	5.311369051368307e-07
IQCJ-SCHIP1	-0.27788886479533687	0.00012068672936037681
CAPZB	0.0838769706376062	2.0358559182170304e-06
NOL8	0.43995176406019393	1.1549392841729805e-38
CBLL1	0.14924754637097776	1.4788962694629273e-10
SHC1	0.24646034232466427	3.924045114313856e-20
FSIP2	-0.5644191183980865	0.0011032182160787313
PGAP6	-0.24362718274743317	0.0020106496116330044
C15orf41	-0.40663600972066866	0.02142049110289895
VPS53	0.030723931527702204	0.04478285614473478
LDB3	-1.5230606277020113	5.21279902003939e-72
ERN1	-0.09526795718140016	0.02872692559671459
NAPRT	-0.31048873033889735	2.764781888462756e-10
DNAH1	-0.008454748658201512	0.9416796427543576
IGHV3-64	-0.60098335723336	6.189739113987288e-14
ISOC2	-0.09069292720524604	0.0058909188226630846
ECHDC1	-0.6990725180155667	2.787163080458921e-36
PSMC6	0.16446480766149124	4.8197052473604106e-20
KBTBD8	-0.16457191936986293	0.05265099492079859
TNRC6B	0.1925791139097806	1.1342167467971143e-20
DOCK9	-0.500108103626133	6.298603476424625e-33
MAVS	-0.022972919594823768	0.40472887332601465
PDZD2	-1.0612780819434957	1.030799895071242e-55
PLEKHA6	0.39692128876720567	1.912492558208585e-10
WEE1	0.19635920299497753	5.004002977713466e-05
VSIG1	0.7339497992964926	0.07109076440835246
LAPTM4B	0.6026147769956148	0.04241334490594857
RPF2	0.5022499549069306	2.0523328604434153e-16
COPG2	0.2761186517432001	3.956366422513031e-15
NLRP2	-0.2763173834602439	0.0020640424689821395
CPAMD8	-0.16263405436127562	0.045508440926518144
SMG1	0.16379515577507975	7.578836621975862e-22
MTMR10	-0.4130022000827051	4.346806107495343e-43
OTUB1	0.1560673313637465	7.284869956553476e-13
ELOVL7	0.0065729638537703056	0.9531574114856485
WDR83	0.15206830040634842	8.949776656489297e-06
TREML1	-0.7817781398236667	5.713639499883729e-19
SLC9A3R2	-0.8604848853499318	2.0222849684584612e-55
PLCL1	-0.8509338079190396	1.4568988911632801e-67
NPNT	-0.7153234567943794	6.218503736235206e-30
CCNQ	0.3364859256910522	0.00948200569762221
MAP10	0.06902934642107798	0.5519270459371063
SH3BP2	-0.13217042114981933	8.72300975868198e-05
ARHGAP27	-0.07954622810220814	0.001264449689768471
PAX7	0.22646168166901748	0.3806782882787409
FAM126A	-0.5011027523113255	2.3339416565780195e-12
ZDHHC17	0.050366751035549384	0.1724990454949328
CCPG1	0.2609759344481859	3.3729117062353654e-11
TMEM150C	0.2887024636016665	0.20878277745989354
CC2D2A	-0.5514495652165423	2.046881015718772e-15
BRAP	0.1156156314705564	1.944430502416993e-08
IGKV3D-15	-0.7532179306878146	9.30723051746402e-14
NABP1	-0.07445738771167408	0.30380757731237373
TRRAP	0.12555116206175856	1.0125477727463996e-15
FBXO10	-0.3761588300951054	0.005245692241753665
NACA	0.30817387580433064	8.577267498367638e-33
RPP21	-0.34952223458841036	9.460235986678303e-10
SCN7A	-1.3747092687321323	1.8799269246545134e-63
POLR2F	0.5910213147567964	7.053768338473695e-15
CD163	-0.019572366697690528	0.7266888627632798
DISC1	-0.16060180902704774	0.008000630925633589
TBCEL	-0.43928172840416935	2.657132626117623e-54
MBTD1	-0.09280035825274333	0.028776050815530557
SUPT5H	0.38424092762889483	1.3416877275838832e-36
TMED4	0.5272719350292876	2.645024419191327e-28
DNAJB5	-0.2619324635012574	1.4774287195734861e-08
ILF3	0.34846767458552164	2.27979999417887e-55
CEP170B	0.32794113241484124	6.792780055266913e-11
DOCK4	-0.7827534051032978	2.0629616725899871e-69
EFHC2	-0.8881931497613873	2.7205803280323296e-21
LILRA5	0.1534249248531237	0.4635884242345393
TCAF2	-0.050484474481669483	0.3671913318128161
ARMCX4	0.06947554561124707	0.5884084885343783
DNAJB14	0.029606626623590697	0.35089279415039754
CCBE1	-1.8765549216015587	2.7580424585295152e-43
AFDN	0.4349490088246907	8.93466499897248e-07
EZH1	-0.09877949574894937	0.003716771792401134
PGGT1B	-0.08537805242638123	0.001854974007310809
NAALADL2	0.3282224135995937	2.609710121646157e-07
EPHB6	0.41282504989066526	0.03640442075422389
RANBP3	-0.9926671513033211	2.3258568820295277e-06
HNRNPC	0.2113965072847051	1.4090296789718672e-06
TECPR1	-0.06546747444511214	0.005030222385684921
TMEM120B	-0.11339990332943842	0.011579953811451089
SEMA3E	-0.1558680098413176	0.3750122546214001
TRAPPC9	-0.11696229069824358	2.728495609452814e-10
DHX57	0.2274734954967657	8.376858842948005e-14
DUT	-1.4798188957293679	1.9903294004018525e-09
SPANXB1	-0.05994191195619064	0.8858442337394503
AKAP7	-0.49721419588236543	3.8681586452625865e-19
OXR1	-0.15786088653313574	0.003910807282596364
MSR1	-0.4187323236944842	4.972928105049113e-14
LRRFIP2	-0.2836816755975297	2.0735999289557997e-30
PPP1R9A	-0.17784882139537925	4.6884404458317736e-05
LTF	-0.26405546676520786	0.03143092291159338
POM121	0.15252719800510184	0.00019130695459155522
GPI	0.4599115241575221	6.142224774212368e-29
TBL1XR1	0.3627134052841907	2.2993887951020934e-33
CLMP	-0.13121251101142198	0.20290623814427838
SLC4A2	-0.139217900500817	0.0005429683174338355
ARMC10	-0.5620266954471338	2.8429761702837396e-09
NOL7	0.23831802597900373	7.035217245087318e-16
ACIN1	0.3422105183202244	6.505803949607625e-49
ESRP1	0.9040395595833258	2.2807167994057105e-48
SEPTIN9	0.05251752379055112	0.015699887681146434
TMED7	0.8249496652101489	1.7812302952616722e-32
RASGRF1	-0.28385809098880116	0.27052142232125026
IFT140	-0.42363377900105637	7.3233973639042e-32
EPM2AIP1	-0.2812965476189325	1.0907916914903468e-19
ARL6IP4	0.7835219165419226	1.6426938037199744e-22
POLD1	0.19978336182705847	1.2824308887899935e-12
ZNF160	-0.5293284018040446	0.07931824402977289
EPN1	-0.9339115619233898	3.4237742692822577e-07
FAT1	0.10208519389793634	0.00992364948709502
TCEA3	0.3319059458326362	6.792422686819391e-08
ADGRA2	-0.4610220113130734	2.2669851384362338e-10
DNAJC7	0.4466318536948162	7.17505170212605e-41
THSD7A	-0.8904798448671264	1.9642281102766057e-51
HPF1	0.027472888802218046	0.2570443802154877
NUDT4	0.09361912443653783	0.033203750809984924
GTF2IRD2	-0.7903556167066337	0.024304729409343435
CRY2	-0.24009868746008248	3.167022882208892e-06
MUC6	-0.18219641517114216	0.39580733955128566
TMEM41A	0.20183497220597996	7.548193387319537e-06
NT5DC2	0.2990039127699641	1.2389871691349515e-11
DYSF	-0.10152246504644774	0.27072327995098733
NIPAL2	0.3371920087714024	1.2315245141980688e-05
RAP1GDS1	0.1260228962924708	9.981909086117714e-05
OSBPL9	-0.1816082007111308	5.0429019163185735e-15
CEP170B	0.19873639324928422	3.4768474639232344e-09
PTPN13	-0.3649820765540992	8.024154272737375e-08
ESRP1	0.5356764261589284	4.078849595370619e-09
GPX1	-0.029058819645853724	0.37414711278583346
SLC4A7	0.4615709365367541	8.141189799371928e-17
UNC45A	0.43302112970963025	1.2918293107336636e-09
PNPLA6	-0.4514174647880683	1.041388997558296e-39
FNBP1	-0.2166197744413288	4.903789778878256e-10
GAS7	-0.48633476157653605	1.5617541838366583e-28
MAP4	-0.21896635373855344	1.6868571355407332e-16
HOMER2	-0.5468662212624135	6.454259002958052e-17
MAPRE2	1.4174695708755616	4.4982044506212715e-18
CSDE1	0.2010166391988851	0.00014202187141449196
PPIL6	-1.0370972164119332	1.2636672371283086e-25
MIDEAS	-0.08240857181410592	0.0008681936601902224
IMMT	0.11906074105895431	0.001122100025697795
USP46	0.07285869710818133	0.09751042912547257
MYH14	-0.73093506973512	5.773533468839496e-35
PEX10	0.09200748776587409	0.2850494612866544
SLC9A3R2	-1.0060884862120976	3.4845939206332814e-59
NEK1	-0.19516551358488676	9.283122670479513e-15
WDR26	0.07353484610204622	3.591913230088607e-06
HLA-DPB1	-0.2585314303279713	7.683835336775464e-07
CYTH2	0.13156828195340614	0.0013159848861578275
PFN2	0.32748925929465655	2.7657120949051047e-08
PPP1R3E	-0.17374581857691385	0.014957220709101637
RFC5	0.4058228361708939	7.354444745186031e-30
PRAM1	-0.6268113774006536	6.201126777697814e-32
PPP2R5C	0.6308896660883891	0.00014182773072349224
HNRNPA3	0.4288786423050286	1.2112635745232503e-19
IMPA1	-0.05228376987496747	0.11694390029676699
PRKCA	-0.19696791235302163	1.1170420457802077e-05
NUGGC	0.8656875808267898	8.599476146349877e-10
CCDC124	0.2017289863419528	2.7008403730850362e-14
MCRIP1	0.182712925097752	1.0269552386832201e-08
CALU	0.6956635663739199	8.808944853994513e-30
PCBP2	0.18447723975643573	3.920760506879714e-12
TOM1L1	0.18478683481034644	0.00010608229766156485
KIF5A	0.5108576319091079	1.765816108184873e-14
TBRG1	-0.7090775313502586	1.0251403204496132e-09
FAM135A	-0.031081366793823718	0.7986944915024736
TRAPPC13	0.32855566192516295	3.758725372253375e-08
PSMA8	-0.0460147958117252	0.7269778717205398
APBA2	-0.04165708963331602	0.5035059274994381
RBM18	-0.014207375136148549	0.7756889397114681
GSN	-0.566507151427362	0.00031498367413285806
CRACR2A	0.13903020453157233	0.01923446690554137
ZNF740	0.10848313192461195	0.006659199340533141
ARRB1	-0.6213684210425721	2.7375218816483017e-45
TMEM159	0.45349804028752194	2.6461272656286065e-10
VPS52	-0.006176978158398842	0.6828632827965102
CFAP97	-0.027070822010873373	0.4830082968547326
CAPN5	0.20893997514305518	0.0011683728199953364
CASP1	-0.24492471956751163	1.6714140241246816e-10
VEZT	0.41992010870178265	5.856128315365258e-20
ABTB2	-0.1688416575513078	0.017049472706678746
AK9	-0.3448060749376631	0.003288327878203421
CMSS1	0.46112194079216634	4.0566276854328486e-22
SIMC1	-0.2665476675227452	1.9945001934806007e-05
CCDC88A	-0.025924589482771127	0.6071374950704581
NEDD4	-0.5359591279943402	8.448539914896314e-54
IGHV4-4	-0.3342710647913343	0.01555226410485797
SFRP4	0.8346501627843748	2.8468659710438465e-20
LSM5	0.11079872803484903	0.00019418450867368366
ATXN7L1	-0.25038897720765496	0.06157814115423972
GBE1	-0.08228194930716853	0.0027751350285084
TSPYL4	-0.1891367603279493	0.00589022031167485
MOGS	0.13993651260437392	9.990566155837645e-07
DNTTIP2	0.33709200596545763	5.996522213065431e-34
RAPH1	-0.30341537124320594	3.845967960062037e-06
ZNF623	0.22024053588939602	0.0008217727605326087
MRPL22	0.5028484884871701	4.074441451696436e-27
TBC1D9	-0.32045793987998483	8.014887961737498e-13
CDKN1C	-0.7639432860846431	1.7571105975418363e-33
MARK3	-0.03369274723031246	0.08355654458858572
TNC	0.36218221283746865	0.008020145901265261
ABCF3	0.27272915899722844	7.295732783367983e-26
TOP2A	1.1709935028014056	2.4773202540586048e-29
KCTD7	-0.3275906092896228	7.359593877667825e-08
PDE2A	-1.0202264418186013	2.7933404008828964e-67
DBNL	0.04399671456022965	0.04301781165641411
MPST	-0.26792393735091774	3.8241431935186725e-14
PDCD6IP	-0.13306556843088316	2.126892063678561e-07
MARCHF8	0.4336232936438791	0.029170753376648515
CPNE4	0.04097216503314073	0.7321833922274091
MRVI1	-0.3259970020582894	1.1572254002913614e-11
CCDC121	-1.4886499932708104	8.201077153501754e-32
BSDC1	0.32906110130658567	4.7952713831699266e-26
PGAM4	0.15873348263402076	0.07236547563733482
MBD3	0.35736521369574314	7.079899674758843e-17
GSKIP	0.5217094203841818	6.673961723171732e-35
RMND1	0.06822080576967729	0.10053446253049456
PTBP2	-0.1706092233540514	0.0028898517490828796
SLMAP	-0.06905909288069488	0.2951392846947575
ZNF805	-0.709482196842643	6.564785293713773e-15
C7orf25	-0.1484443765006732	4.0949332096553946e-08
RBFOX2	-0.21823112036496245	2.6681727434510452e-15
C16orf91	0.625047536435172	1.3513309234370156e-18
C1orf226	-0.40810857563131187	9.989414960088175e-14
FKBP7	0.24052369279118457	2.3853238203441205e-10
NAXD	-0.4105765647785963	8.800114933349976e-23
FAM160A1	0.02928430691281967	0.46340203295631216
PRXL2B	-0.4473411401652814	2.929681877223936e-26
AP2A2	-0.14687924586191348	6.14784528842837e-10
OSBPL9	0.07005774543591396	0.0005721556806891577
IGKV6D-21	-0.24270281474847338	0.4827801232770781
KIAA1324L	-0.8678161416038379	7.253811820743922e-31
KRT3	0.4420942684217651	0.3775278190092356
INTS11	0.09968548620799834	6.749953570540592e-08
HID1	0.6214739585168508	5.5209638070046745e-25
NLE1	0.366166044910223	4.772564524440945e-27
DOCK7	0.08088436392640373	4.1646167412718346e-05
STXBP2	0.7115235810123566	0.014477706671913514
AHCYL2	-0.2082039238704391	2.9475017274800265e-08
FAM222B	-0.4474682982037786	2.3977811813803037e-09
TOM1	-0.1308098685186019	7.178142890478104e-08
INPP5K	-0.4086976701572625	2.5914520753762226e-30
LSM14A	0.35764471874506565	9.467518291740233e-30
NRBP2	-0.46728374621943236	1.42735358967815e-27
SDHAF3	0.32859867768380613	8.160973388696488e-09
ST3GAL1	-0.013628971440671198	0.8238619606798271
HJURP	0.299749200844292	0.2731150015825584
PPP6R1	-0.0931424653366725	8.013900857969394e-06
INTS2	0.19773583515948684	7.817527960013811e-21
MST1	-0.6283131527692278	2.8523426247808812e-27
SRSF12	-0.17752901103471724	0.1433751713234153
CFAP300	-0.7700168390763262	1.4415538538984624e-09
GOSR1	0.7204299370275413	3.171394268034458e-26
IGLV9-49	-0.3518664913250373	0.0019490711322018234
ABHD4	-0.22795866470896484	6.525676809704014e-08
EFCC1	-0.9823745805108184	1.8799792648610447e-21
PRPSAP1	0.03442651605773567	0.170141186106566
LRRC34	-0.8638631456449628	0.002578454336511981
ELP2	0.17753485023514487	1.8436821559348543e-16
PTGES3	0.4586343546039802	8.41836383766175e-36
CTSO	0.13242149933670525	0.028711332971823718
NBEAL2	-0.06712763385861191	0.05162841357730449
KBTBD4	0.028538015808030087	0.4005585083082537
CBFB	0.4566934096631252	5.654281327076518e-36
SPATA18	-1.3184454187018493	2.7729291259864663e-14
SESTD1	-0.7252915071856454	9.093589080864108e-62
GTSE1	0.5010782262572665	1.547615054761979e-05
KANSL2	0.1399875567615938	1.3888671441824893e-05
PROM1	-0.24529885512431182	0.006703165876484853
DCAF11	-0.044605660295675476	0.1258110169076862
SMARCAD1	0.23875517647247146	2.031415526290341e-17
OAS1	0.15759346397603308	0.517461405901907
ITIH3	-0.8924856174286624	9.297189548288642e-31
ZNF732	-0.5944090530519884	0.04053912673900397
ATXN1L	-0.07720292481015248	0.0006910336692287305
ZNF276	0.25248879966627025	1.8858412668142423e-08
C4B	-0.8196573876944699	9.728411753647193e-34
TREX1	-0.3633785753649983	2.251629746400269e-18
MICAL3	-0.3150530359592484	5.582719299591049e-22
TMPRSS4	0.2947285743032293	0.0006387836912967644
APOBR	-0.30330509284368773	6.563373230009221e-12
GOLGA2	0.5294100932189715	1.6019300623594064e-64
ARHGEF38	0.25318334443053864	1.879517297645892e-06
TMEM238	0.12618706307642563	0.01900131252229114
EIF2B1	0.24110184439702909	5.364380388994223e-22
SLC2A1	-0.8141914301715214	8.210883306742968e-20
TGFBI	0.03400333121983699	0.5223314331773166
FDXR	0.020884940082011312	0.6752809661044454
DDX46	0.3899369453839666	1.4296052249340738e-61
CRTC3	-0.455907476201053	5.324322405851068e-05
DERA	-0.31167321185409386	1.5714316779909954e-23
ATRN	-0.1915456152099737	0.1507088187132455
NME6	0.059271582892034	0.13750064946669324
RIC1	-0.26588148696661307	1.436707725151632e-09
ACTBL2	-0.4643187004104161	5.817113261301184e-46
CAMSAP3	0.7505994877803202	4.6309306366061766e-07
OARD1	0.06453268998610207	0.061873784838235336
FAM160A2	-0.21636853404398215	3.9448202607847635e-17
ZC3H18	0.48391090408615123	8.95282640041459e-43
TRA2B	0.3812535623258523	5.10706459096752e-44
DCTN4	-0.1449948006121717	2.8979565738693554e-18
PLEKHM3	0.14604141856880962	0.16257954044355277
EBP	0.0664983285773656	0.3948261755865604
CFAP74	-0.2190622855341511	0.057324168850616176
DHX36	0.25922801994214406	2.186581439652341e-21
IGKJ4	-0.49181818542708045	7.625692109535062e-08
BAP1	-0.06725121188661416	0.01230931574996949
VAPB	0.17190172056959113	2.135268867996607e-05
MUCL3	0.7862802596011489	0.08109767493863196
DUSP7	-0.43236028623524103	1.6857726168366107e-10
VWA1	-0.38176537887713063	7.086424541080755e-25
ATPAF2	-0.08644671421246636	0.020188261983262724
EIF2A	0.5253138046440712	1.0449009106441177e-45
FNDC3A	0.43894068449648527	3.6635041048749713e-25
KLF8	0.15047101252879977	0.30565770424466376
IGKV1-16	-0.47532182325016903	2.49363427398362e-09
GOLIM4	0.1750201595571957	2.1281533582406986e-05
HELZ2	0.16727457290452663	6.327998933053755e-06
RRP1	0.39942087596075404	5.0744668731164984e-23
FHIT	0.04037042746573428	0.2751578810434678
EFCAB10	-1.0037543968581788	7.485623756860033e-06
MUC4	0.2962101571648518	0.014495146941623974
PLCH1	0.3377965746250841	3.419527848057149e-09
TASOR	0.0502756982105821	0.005709161277176905
MGAM	-0.5066570996061034	3.1467193160609365e-07
DNAJC24	-0.1835066489082335	0.0015477482474377372
STIM2	-0.07429181374190605	0.01106552921039549
YIPF6	0.22171317725368989	1.6689371333773888e-07
IAH1	-0.03848534152919088	0.1875699344820366
ST6GALNAC5	-0.7818071287557955	1.4431343568556532e-13
FBXL2	-0.5739015923334256	5.472958232661396e-20
DBNL	0.32816924908761536	3.2491953262562744e-13
SLC35A5	0.057746502709302525	0.37562653436268506
PPM1L	-0.17052051228247161	0.0048775973089689095
ZBTB8OS	0.2517644150145505	1.744556211518841e-08
DCUN1D2	-0.35490668023817806	3.1644718801019497e-05
DDI2	-0.598678142104669	1.4404456004316868e-36
NAA10	0.37551517156781394	2.4858777052872168e-39
ALG2	-0.030281121343891264	0.27241676307169155
SMIM4	-0.140875707791487	0.16694135583321798
ITIH4	-1.3770926356376605	3.040867695425806e-44
NAA50	0.42457059459628393	1.2648976522756425e-34
ANP32A	0.26514041767806096	8.506598884153734e-12
RASA4B	-0.39984255819091336	0.0009673066963082098
MECOM	0.005103304112875143	0.9323610750948945
VWA3B	0.6276369885752061	8.935684037756481e-05
CCDC39	-0.3696228588059287	0.005373102133607355
IGKV1D-43	-0.46720916973838156	0.00018391425532414797
PPP2R5D	-0.019506562981665067	0.33658634671397153
EHMT1	0.12282117046084534	1.4810420078594994e-08
NECTIN3	-0.5491244383111094	2.5352183803375345e-13
RPL37A	0.48468127461525506	3.4174169744637957e-41
DNAH12	-0.427296618736141	0.0011008740066324523
SPRR2F	0.22517641218890644	0.4676864038588908
PARP14	0.19300795334691162	4.957666304140772e-10
IGKV1D-16	-0.4675763205636896	2.413525057005843e-09
NUB1	-0.062065405716810323	0.6996145759048777
COL6A3	-1.2623176924210209	3.1522196686956544e-41
CIAO1	0.20699986362889505	1.8466899951879502e-18
IGKV1D-17	0.27102561941778625	0.38989486676698276
CMC1	0.5777355005659849	2.8108898754276823e-23
IGKV1-17	0.04139216108861735	0.7150609448125432
ZC3HAV1	0.3234294742246511	3.7134527126382495e-41
IVD	-0.17783014806264652	1.2397008331894687e-05
SRPRB	0.7942943533506377	2.725053156015528e-46
NDUFA3	0.2769491832943893	1.0762947917399303e-12
LIN9	-0.20119163855196398	8.535625235723808e-08
NUP58	0.019605909119828804	0.33448132817970005
U2SURP	0.34182401624778835	3.0199259368475035e-42
NCEH1	-0.2761089103585346	1.03388451225388e-05
SNX21	-0.19040061916531892	0.0003219675454040434
UBN2	0.4560004404832209	2.9983034159996435e-27
IGKV3-20	-0.6654145988688922	7.674888236067223e-15
PTRH1	-0.16942022892015207	6.131595762266471e-05
SEPHS2	0.22237667129470473	3.2087983676142824e-11
RWDD2B	-0.12015296871006143	0.0012178289201572455
MYSM1	0.04299176443851122	0.16826619976509302
SH3GLB1	0.6799115785274745	0.00046461256456146544
ESRP2	0.3188711421829944	8.526636158350752e-12
LYRM4	0.21397372546772814	5.510975070024486e-07
TIMMDC1	0.18182151024135737	4.152063457443938e-05
SELENOK	0.9398347424103306	2.612018785890175e-53
FTO	0.10414729616021087	0.0001212238729787032
NDUFA6	0.2231179076033577	1.0606001583965224e-08
RAD51B	0.4314520963448424	0.006126349309666485
ZNF322	-0.589222348119623	0.0010243895695454092
IGKV1-27	-0.3845242580098175	1.574399857556447e-07
SELENOT	0.08587059060268884	0.04498236140420857
PEG10	-0.2850827030463789	0.05374754003189757
IGKV2D-30	-0.7393345035109257	0.001395778947203058
KCNAB1	-1.1465650213898138	8.080085489556996e-33
KIDINS220	0.4654558703968491	5.452999279945007e-27
LSAMP	-0.8841514650876345	1.3573695373767178e-41
PARP9	0.3985465379293077	2.9093201730930293e-23
UTP25	0.6149793169456417	4.2233616359455476e-42
GFM1	0.4346476009100003	1.1006707176175593e-23
BRAF	-0.06510168445181648	0.06600814393149552
CALML4	-0.24898827348851676	0.02966781902012578
C10orf88	0.21896856124983693	0.0029527088720268354
ZBTB20	-0.049756569010210625	0.1914945480277211
SMYD3	0.1392965907015601	0.0017526392785234546
IGKV1-8	-0.4461445627027204	0.00564233600199158
TCAF1	-0.18567924495776078	4.345949468070617e-11
ALCAM	-0.15386440808873486	0.006208859989628837
FXN	0.09737506213806849	0.012143220727809942
TTC26	-0.3727523516173116	4.125927516219942e-21
CLASP2	-0.07538442852234684	0.02852434685100911
MALSU1	0.841542554494377	5.078338713728769e-37
AZI2	-0.2664785325204648	5.01452171320573e-22
CLIC3	-1.3138012752970343	3.555853593458189e-49
CDNF	-0.07378702854031359	0.3069438111195694
ARMC8	-0.01047656307725714	0.569202073974559
C1orf52	0.039859207404152136	0.33830189800779953
ADAM9	0.5676547226844114	3.53473150508023e-29
EIF1	0.21573505448399197	1.629499140266184e-17
COMMD2	-0.30647627663705446	9.414183274321279e-34
RYBP	0.056021899885390414	0.07383319610088046
LRRC75A	-0.24702079147243106	0.0023665756717803983
HACD4	-0.6595111822516507	4.6048351350922547e-20
GIMAP4	-0.6009272954639495	0.000535851362797198
DPH3	-0.08964463130768967	0.012145179598173295
TUT1	0.3071854981122737	3.8483828322790774e-15
NCK1	-0.196622047776373	0.019215239352394956
TTC12	-0.14035623282826765	0.0052868206752366064
RXRA	-0.127748853565076	3.720707463397899e-05
STK26	0.016196201445600383	0.8268375106444651
NSUN4	0.36170818206993716	9.148957322049533e-22
IGHJ2	-0.5586183799099224	0.07229564450684203
BRD9	0.1040674008697039	2.403828609612252e-05
CDK5	0.3469112475449594	1.4127884881574335e-32
GMPS	0.40911641425114564	2.8159817297553827e-35
CDS2	-0.22572302286103657	3.589905458315125e-08
KLF6	0.015980190912603484	0.8003214547010279
POR	-0.06143451069246763	0.1126619190505536
TNIK	0.07177176905537815	0.47771529096659787
ZMYND8	0.45373073450890367	5.577865754057795e-47
IGKV3-11	-0.494059839921685	1.09146254653217e-15
RAB9A	-0.040677420189656956	0.1539039492784661
POLE4	0.5631409258030831	1.6328468936276119e-22
CASR	-0.15435452583320725	0.6635448334747807
RGL2	-0.4484051619272319	3.902673821788487e-45
FLNB	0.025753625916020408	0.5220937412436649
UHMK1	-0.4230878287015818	0.020467771701277424
PHC3	-0.02477341229067376	0.4396902781179095
IGKV1D-8	-0.780272966648017	4.979055033554989e-19
ROBO1	-0.19251054721746785	3.9655737388183134e-07
MBNL1	-0.1687934350466354	0.002516846032139838
RWDD1	0.12254593373695542	1.163859821355791e-07
IGKV1-6	-0.5610114576868617	5.041682308018399e-07
CST7	-0.4630082089552991	1.3311015549036232e-09
ZNF398	0.1648290828569873	0.2858935987422156
JAM2	-1.4586907592786953	5.165602719161085e-80
IGKV1-5	-0.45353422954719713	2.3511153017457964e-10
AHCYL2	0.2802553791351705	3.801571922332077e-05
NACAD	-0.026741883133243514	0.7216000990896448
ABI3BP	-1.38574892866286	1.7468011608782166e-60
TFAM	0.3342853583903259	6.99584556606878e-16
TFDP2	-0.10283028671677132	0.009218594421167068
KLHL29	-0.16099302815689293	0.057942242326521995
TBC1D15	0.13083145711326974	4.974455298553674e-06
QTRT2	0.12501911278624625	1.3377704225753816e-05
MRPS14	0.28816696546362586	1.1962175249020875e-09
ABLIM3	-1.4507274154842555	4.111002794275973e-61
ATPSCKMT	-0.239128944504354	0.09265900358078782
PDK2	-0.29839593164558664	3.853566634250832e-12
ADGRL3	-0.6818741756606328	8.469864481321973e-17
SELENOP	-0.9821187439572581	1.8440112697756946e-51
CAST	-0.2590903507503452	0.00038917572892836446
MAML3	0.42394374970084114	5.945319866782285e-08
ABLIM3	-1.1587739455838866	2.741390623763318e-31
CNBP	0.7501393832016217	1.5242558499869007e-46
ATP2C1	0.2111994913382088	1.1008511568097e-08
SNF8	-0.005455726527549845	0.8096844339731329
PGM3	-0.0727618931077172	0.6037757358652505
XPNPEP1	0.10594268610940823	3.226954291263275e-06
ALYREF	0.616844549907705	2.92035758059494e-54
SEC31A	0.399801077257845	2.350602845969786e-57
DOK3	-0.0944210555408834	0.008921590326248242
CSNK1A1	-0.06088486351527209	0.1782770039270527
LMNA	-0.07599084872322837	0.14080928556697317
TNFAIP8	0.13404999254279562	0.00034531399973917006
ZNF672	0.3054723060138656	2.3875757414427053e-09
HMGXB3	0.2393886400889222	0.00046817105184151846
PAQR3	0.01540198128074688	0.9217693336972526
FNIP1	-0.028837347842043306	0.48272888397199004
U2SURP	0.2809436726261691	0.0002191935869847826
CNBP	-0.006296024496205706	0.9461196949397833
FAM193B	0.17409455267047452	0.010098492312130055
SORCS2	-0.1812230621656468	0.009971410147667092
MEF2C	-0.04926560600674894	0.2264839060670576
PDGFC	0.3834964467376573	2.9344900901099107e-08
TMEM33	0.22527419950007194	1.2261534789874357e-09
NPNT	-0.6032676984331236	6.150157160293949e-11
TTC39B	0.03496922524832355	0.4276130039653797
ADAMTS12	0.7124788857065278	1.608973727002961e-15
SELENOW	0.1355069720875309	0.032448373378747716
ERBIN	0.15925391215880422	4.2806753817161276e-08
ALB	-0.8134504777047604	1.33505208220391e-25
FRAS1	-0.8319333280880489	1.0236617808290074e-30
RNASET2	0.3714688267113491	7.564221876638088e-10
OCIAD2	1.4264618455970062	6.042869395870046e-56
SLC34A2	0.5075141240418153	6.331693662403388e-05
WDR36	0.4153331487256631	1.3217128360274773e-35
PDE4D	-0.7730771508853083	0.0002955148826254722
SPAG9	-0.21014285735433672	0.08085762453427942
DYNC1I2	-1.2194926005321618	3.870808839766228e-18
ABL2	0.09347110219344831	0.32226091280179103
DEK	0.29047403714690023	2.3062683390059073e-19
MARK2	0.10487751980793555	1.2000417766715591e-06
PCDHA4	-0.3501274370733151	0.035076365569197056
CAMK2D	-0.049003801009209036	0.28276596251324626
DAPP1	-0.13490164469553484	0.0008536365999955002
FBXL7	-0.747150707189899	9.5850947610707e-08
CDK18	-0.27203151562458955	1.7774043985989172e-12
NDUFA13	0.2794547604983578	8.661653308251216e-10
KIF2A	0.7757609244542121	2.119281225730824e-31
GPX8	0.7463810309586966	8.348728199602192e-26
FAM13C	-0.7341443559251425	1.1110020091271958e-13
THUMPD2	0.28470263440562626	2.0021915500054968e-09
TRIM36	-0.01570814390084983	0.7483803054303358
EIF4E	0.21011923404935234	0.000521779652285977
PALLD	-0.25576113787074545	5.5927009539306686e-08
KCTD16	-0.29817306367405977	0.11797334383833506
LAMTOR3	-0.22234435110784506	1.2512112891698865e-11
TENM3	-0.06898009509921793	0.5225482071869433
MRPS30	0.2744005764608045	2.1966797960871032e-13
PDLIM5	-1.1547832247133718	7.049802655759107e-50
PLRG1	0.25792768547301953	3.7291258945889215e-32
LIMCH1	-1.0699644479970112	5.350882071793916e-57
ZNF827	0.16904913033048918	0.002438268595928339
TMEM167A	-0.09259748791601992	0.10397520278921675
MTX3	-0.12137116404066506	0.004883457640164175
PDE4D	0.015137830111419837	0.8267546948287751
SRP19	0.6544481176399914	9.531972466708152e-50
PGM3	-0.09930621978846954	0.02430904722445125
CNOT6L	0.04603966922157263	0.042814605645750965
HSD17B4	-0.49571403885666987	2.3802472935804355e-22
CCSER1	0.5548061276286432	4.386112431336635e-12
DTWD2	0.05976031320833729	0.13340481410925725
ATG12	0.22101441461941307	6.932842668235335e-08
ANK3	-0.21765073081712422	5.563741821142446e-06
UGT2A1	0.7910286387376229	0.16892726731297936
LIMCH1	-1.1555984043619878	1.1768800444199023e-71
ANKRD50	-0.08958851563482825	0.002785438432259267
CCDC149	-0.08488559929199943	0.019858786008866293
CAST	-0.1253865598741267	0.0005438574334353925
PGM3	0.42676920565947757	6.7063847301682115e-31
FYB1	0.04002000502223908	0.4094183355118056
BORCS8	-0.28509001225076425	1.6411592655116264e-21
SLAIN2	0.09464459647419232	0.07366152179714416
RNF213	0.3924487526674316	0.0036946300528518813
SPINK2	1.1181899110753064	0.0006406689249254753
ADH1C	-1.7205014205535414	1.470150354949482e-29
SERINC5	-0.38302037322868393	1.352707912278705e-06
ACSL1	-0.4038616811127785	0.011100227374900882
PCP4L1	0.8704907846643861	3.934726687322433e-09
TNIP3	-0.08957808635701846	0.5728980603601457
ETFDH	0.145748174070155	1.3687742220200463e-05
SMAD5	-0.12542927811662588	7.619057181215317e-05
ACTN3	-0.44017190854818183	4.0845242733811457e-11
SIL1	0.7384133367379286	9.949638259259793e-40
RACK1	0.4238369110105161	3.213906912503745e-72
PALLD	0.02225709431406903	0.6599296268127631
CDKN2AIP	0.30895988778713834	2.7781846504812583e-21
ANKRD13D	-0.22259049341230905	6.660148811933588e-10
CXCL2	-0.536422735454879	0.005884890612969366
SREK1IP1	0.23363996889145322	1.3106206883343691e-05
SMIM20	0.21401918580810925	3.6476001569881823e-06
SPCS3	0.6089263248392291	5.905795311695516e-21
TCOF1	0.21870112377013656	6.41030471760385e-08
CEBPA	-0.3595694550037025	6.404107866714216e-09
CEP192	-0.08405839045906116	0.0003631610481104654
C4orf54	-0.5965101366704398	2.1963370901630214e-06
CA1	-2.3183222241950387	1.2678107231027913e-19
NACA2	-0.213043682072501	0.06514126760775088
KIF13B	-0.06161504866611531	0.14994976066619514
RANBP17	-0.07864766360712318	0.4223714037811388
DPYSL2	-0.9085662734286164	5.919588458538091e-67
PIK3R1	-0.24050848249448634	4.228314635553898e-20
ATXN7	0.30760635554646215	3.5529327611861157e-10
ERLIN2	-0.11266223434454578	0.009320330340758206
MTDH	-0.46347310522048424	8.84557436642565e-05
SDCBP	-0.5380518307767305	2.690716642134995e-20
UBE2V2	-0.08673704645458259	0.0014371037724924176
FER1L6	0.4920815787952812	0.005476442354009045
SPSB2	-0.20655047210255448	0.10322493035559124
LYN	0.15000419353280914	0.0006204823276096867
TCEA1	0.3107107579826701	2.530575349950302e-21
SMIM12	0.5235543776522694	2.9747989502257287e-32
NAIP	0.1574180804236221	0.0019037221521349648
RALYL	1.0349397963590596	0.35150864560583633
DENND3	-0.8311873792321067	1.3210767580892289e-67
RUNX1T1	-0.562826552877244	2.2347690635273582e-07
CRYBG2	-0.1487901637301845	0.17434165496720685
STAU2	0.5301541582141162	7.121047648950705e-34
CLDN23	0.04553892686265014	0.6118871924482854
VDAC3	-0.5632736231594371	0.16221250755825314
FAM83A	0.48321378637297185	2.0030530500061538e-06
LYN	0.24923044236713227	3.8770691872787655e-05
TENM2	-0.6954237879239535	5.105873836088572e-07
CCNC	-0.011502815942815173	0.7983713640756814
PTK2	-0.014624630908728356	0.6899599328715992
SLC25A30	0.03051505736762747	0.5678283340513777
SLC25A37	0.30014069405400956	0.014788918230520427
NUDT16	-0.21673296092617794	3.20936392296251e-15
TMEM125	-0.20861147782369638	0.2216192272005603
DOCK2	-0.1538925697120519	0.00018613904030171361
EIF2B4	0.13113615074408408	5.254268604068119e-13
PNMA2	0.20509242468623093	0.008267653073004881
ANGPT1	-1.019853318711934	3.1734548384513352e-43
FAM92A	-0.8438673694338232	2.765415063980364e-43
C1orf210	0.11622838890599295	0.07982322342612169
ENY2	0.2095779074344145	9.346998197499332e-14
ANKRD6	-0.6571928696410476	9.852080553012863e-11
CLINT1	0.2528728514793026	1.4160249586753898e-21
ASAP1	-0.20851541660275624	8.028111236054923e-17
TPD52	0.5684563756698547	4.8572549257798435e-27
MATN2	-0.502042934039721	5.75244256994743e-16
ATXN7L3B	0.07301920944470625	0.04850650200204546
LYRM2	0.18200082560165928	0.0006589194273668842
TXNRD3	-0.17452931747125103	6.775290763931537e-08
CEP170	-0.5376588005886529	0.015677236958802722
ALG11	-0.15795831616439193	1.9353695370733154e-06
SBSN	-0.1287898493934414	0.09657121563220811
SFTPC	-0.543709939198332	0.014947696437388637
EPHX2	-0.6527203446840458	1.366249657473837e-25
INTS8	0.12074899941787436	4.615069601034269e-09
PLCD1	-0.6208569994592703	8.272292627825802e-34
SFTPC	-1.8427760100508164	1.3810963540095054e-43
ANXA6	-0.03129761648392505	0.4669422479984168
HDAC2	0.24094159949967503	1.061322049944445e-17
IDO1	-0.432981547690116	6.762589706756323e-05
PTDSS1	-0.047101452155133464	0.20842007197349385
IKBKB	0.04835006299517194	0.06929323446992366
TFF3	0.6413646134209865	0.001839527970238599
CCDC71L	0.429152097259274	7.72754300635802e-08
PCM1	-0.23880046882406009	0.004007763666487245
LMO7	-0.856763230169161	1.2897216470149416e-54
C1QTNF5	-0.02726208024064115	0.6519898805874506
IGLL5	-0.4726510138441974	5.544321410304394e-08
API5	-0.10330181373288207	0.29942265981319693
CD3G	-0.0723840748394704	0.23176050319870606
HSF1	0.360921650341001	4.711029898181098e-25
PARP10	-0.07128458532331748	0.0008028896622706123
SEC16B	0.25760534891438336	0.09940247528426165
EEF1D	0.5718896100892874	5.1478794885576666e-26
ADAR	0.29425661766756506	2.662616794014305e-07
EIF3F	0.12626829976703063	1.1897141129243435e-15
FAU	0.30385263168357596	5.148843980500883e-10
USP35	0.004767851420202404	0.9509625803388126
BBIP1	-0.2746483202168569	5.646439494537478e-05
SAMD1	0.18449088327135474	3.236279312754164e-08
RIC8A	0.12024127996048269	4.44368226066772e-09
ANKHD1-EIF4EBP3	-0.1558403500389793	0.0027453803846934446
RDX	-1.008234128169256	1.0837044587659217e-72
KBTBD3	-0.06444489805395053	0.3905446145037512
CHMP1B	0.09313400827095311	0.04552394675587815
RPS6KA1	-0.1915232087075568	0.0022400157611583236
BRK1	-0.33912747478159844	1.5820832629250852e-27
SAAL1	0.2523789991940202	8.026516847195282e-10
C11orf98	0.22303901160995876	4.253319086000777e-09
RELA	0.21653147165197395	1.861080728199001e-20
SMTNL1	0.8864807408085398	0.06106046604192785
CDKN2A	0.1350512264234128	0.6205748951450869
FAM118B	0.26499920357536455	0.0011902120765120876
ARHGAP27	-0.7941111433406243	1.8814105295230915e-16
CKAP5	0.31288110065587726	5.673923375865337e-29
DPP3	0.2389531331737109	3.072022886393974e-14
MANF	0.8952212375424087	8.779269802479759e-46
MEX3A	-0.07274264665880395	0.26794655005282014
SIRT3	-0.0007863211019323579	0.9936133113969191
MPZ	-0.569038516483815	0.011540751119817371
TMEM41B	0.05116090755400551	0.4101569351657733
USP47	-0.08521957877729952	2.8757482129310904e-05
EMSY	0.0516602469559496	0.017034439272875613
FAM118B	-0.13100580920969898	9.567508138455489e-05
TMEM9B	0.04182431222528107	0.2793969373145372
PDE4DIP	0.25081879049777533	6.679989735624407e-23
ARL15	-0.17020999524357008	1.912958180084912e-07
CREBZF	-0.28838847645589005	0.01790359383174933
RAB15	0.5659081735959359	1.4025141644608044e-08
FLI1	-0.5814091514233009	2.3613272663312356e-50
GRK6	-0.19558741961403578	1.1369340346583515e-10
ATG13	0.050463629314726206	0.07063947313521286
NCAPD3	0.304233259741134	1.789275299066144e-08
DDX6	0.2734152159400406	3.5014431988170288e-28
CYHR1	0.34656386786460835	1.5196826002247106e-23
RPS3	0.501086593973494	1.1717203254682034e-65
CLNS1A	0.12831567228589888	5.5425677794979185e-05
PLEC	-0.4534194439707118	1.5424067857557442e-13
H2AX	0.1618381817174598	0.0040067595633059725
FZD4	-0.03536992609093084	0.8381979283000651
KLK12	1.0614975105199476	0.06610026784908404
GPR68	-0.33242016618834525	0.11852827761368201
GRP	-1.199879270881594	1.4481718039269753e-14
TPD52L1	0.229843378233761	0.0017796186883981063
CASP1	-1.0233723988383243	5.4127682673673056e-05
PUF60	0.3718079931032694	8.165614885773122e-52
ARFGAP2	0.22339366348314144	1.668087539494488e-19
INTS4	0.07937926420638791	2.9411195472886463e-05
SLC43A3	-0.03792117232021907	0.5294565405890543
MAML2	-0.22731266462567035	9.664377099847058e-10
PLEC	-0.9224760339316492	6.365225635335155e-10
RNF170	0.10410817066294822	0.019467125856949437
CTNND1	-0.5558011018278454	1.126256532970011e-28
BCLAF1	0.45357760405017733	7.873775854702107e-48
NRK	0.8184409401501163	1.432125767875947e-05
CLP1	0.19179684206014255	3.0356924207909695e-14
RPS25	0.6740714160168486	5.7017406746531055e-39
KIAA0408	-1.2904854188299568	1.0785570145113483e-55
TEAD1	-0.16545235566867755	1.9082330379796754e-06
PAFAH1B2	-0.08580591367007323	0.00012413035195109063
CRACR2B	-0.19542527696812728	7.077450933489893e-05
RTL1	0.03752751665691145	0.911990507830277
SMPD1	-0.05793226177506323	0.14205799445689501
TOR1AIP1	-0.0799073504576025	0.6667477525922871
PLEKHA7	-0.18031319030182388	2.4008769526067208e-05
RPS6KA1	-0.6293473415807562	8.735647813267488e-08
RPS13	0.584357934379145	2.3188489464290664e-44
SAMD12	0.18286548899880714	2.387246842538133e-05
TRAPPC4	-0.18227226848271327	4.888180741552384e-19
PCDHA9	-0.2605986395094338	0.0324772475510296
EIF3M	0.2300656291506352	2.514832337335309e-28
PSMD13	0.14021899684641204	2.67220686843854e-15
DGKZ	-0.2043417066838752	6.528186769851407e-22
CCS	-0.32803956063767264	8.321890982768389e-19
EPB41L2	-1.3421539095903041	8.973385794149348e-30
NAP1L4	0.13926467995744346	6.7359661143592886e-12
C8orf82	0.06103672895953702	0.15013989555290116
SAC3D1	0.20792134806192092	0.00036758778539856335
KIAA0100	-0.016813002815604064	0.4413721853726523
MUC5B	0.5328383954942869	0.005703325516453077
CELF1	0.47793421167716693	2.4801902504661117e-44
DPF2	0.22393994922978483	4.396330093956628e-22
MS4A6A	-0.0927421371558203	0.09822391662779825
MYO18A	0.13309805898790275	3.229927120269804e-08
ATXN3	-0.187678718553606	1.5093091818089402e-10
PPP2R1B	0.14870827290512306	0.0004785811834398237
CDC27	-0.21996448526802478	0.17973907991785049
FBXL17	0.19286913113656026	2.7774947420883035e-06
PHC1	-0.34127574699830876	7.398709713336857e-08
SYT7	0.44601491916891656	1.3275001033759848e-08
SCEL	-1.1084091237532914	6.305128073004254e-11
LIMS1	-0.5452780725075369	1.0494703746287617e-33
POSTN	0.831929024914624	4.339603537516407e-14
HIF1A	0.824573758780849	7.648222163854982e-15
HEATR5A	0.2121506090995402	1.7305210603954858e-11
GGA3	-0.023276112337501945	0.29569367998322005
TPCN1	0.12129074850288155	0.00016879875661451578
AP4S1	0.1863054742801389	3.242669475334799e-06
MANSC1	-0.580230955807373	4.988956981727246e-05
TRMT112	0.03277598607807647	0.1827797441949279
IST1	0.023974440815183386	0.3140021775641048
TIMM8B	0.7061702751533283	7.13895853027096e-32
FZD10	0.5909081194760384	1.507271126447101e-06
PGAM5	0.5053066017484661	5.32581829543024e-22
SALL2	0.2550233565531278	0.000233997911670034
FLII	-0.2971096084942305	1.1415569972232742e-21
ACADVL	-0.10754740399395209	0.0038406596823960496
CUL7	0.08404794670121588	0.0011729158365314921
PACC1	-0.09819536416460628	0.2840154996619309
NOVA1	0.4320048223750068	0.028357590904622487
HAUS5	-0.022827786799111394	0.4320631843558926
DCTN2	-0.3674969771059571	6.209934941634527e-11
JPH4	-0.6591621315954592	2.3074007013796982e-06
RHOT1	-0.12375099527537244	3.383176530468688e-05
TMEM106A	0.4343961329157044	3.987089381918098e-12
CHERP	0.29220573124815863	1.628049607537923e-36
ATP2A2	0.5378744369246897	2.4303513061870825e-32
TDRD3	-0.019832035093475787	0.37496878161435965
UBAP1L	-0.3919704160635409	8.660687176591038e-06
SH2B2	-0.12934906965440146	0.043182172250858256
MCF2L	-0.4699576726374022	1.961036162559405e-31
CHD4	0.11479421875933488	1.9652680380479704e-06
PSMD9	-0.14729523698665667	5.916903265720094e-09
KIAA1958	-0.533971239805386	0.00024270285200466335
TBC1D30	0.29362161945989323	0.00011698846171440533
TLR5	-0.43924368096079064	1.8432725708123502e-09
SYTL1	0.1748186188001025	8.131702475623457e-05
F11R	-0.535128587152399	0.11493129596915364
BCAT1	1.2323550041296594	0.0028336668601299654
EVI5	-0.11623447479391011	7.094446050177171e-06
RTN3	-0.010070565000997678	0.8695753251090224
ATE1	-0.18843272493211646	6.353402376908157e-11
GRAMD1A	0.45315534131278234	5.909303351513359e-22
AKAP7	-0.41738469598981276	0.001155413927308488
CLTCL1	-0.374522837146993	2.0076461974721267e-06
ABLIM2	-0.9832737237030253	3.515251916902389e-51
MARVELD1	0.10289008517718555	0.14106029847489632
CLPB	0.08276327395617536	0.001404206688962071
CLASP1	0.1326524572519185	1.0445518239648576e-11
ITGAM	-0.16377734289164023	0.005971691686222155
CXorf56	0.4368774282215051	7.570957779185162e-32
SALL3	1.8799798073589948	2.999382008031018e-07
HPR	-1.1081057085129102	1.3719948873921988e-33
PHB2	0.2516604902669895	1.327738891586474e-11
SESN3	-0.14668263491882833	0.008442805429261025
PCYT2	-0.23029989144784535	4.200300683889733e-11
CDCA3	0.274990990007719	0.01524813702143656
EPB41L3	-0.3002634307749167	5.126761654605184e-13
MMAA	0.12936026392244282	0.0006128348020429986
CAND1	0.16044467742625101	2.0463094284779048e-08
PTK6	0.1559824276712734	0.015063095716001992
POLG2	0.2461076525177293	3.157799895866177e-08
HNRNPC	0.6951563046228566	2.7783239291652533e-58
MSLN	-0.2364148706360929	0.06194855425001111
FAM180B	-0.6612131739512518	1.372550865809108e-06
TMEM258	0.5026772307328846	9.026079103875779e-13
FAM92B	-0.4459856568060737	3.1507298683842007e-06
BCAT1	0.5221142876059504	9.449881033273695e-11
ACTN2	-0.9327766078067696	2.570037577805066e-07
TBC1D10C	-0.36645732536071696	5.255174063784062e-22
CORO2B	-0.995994125150349	4.115563277092513e-62
BCAR1	-0.052210467903265126	0.08932293688348009
CELF2	-0.26578781954498976	3.349470609076244e-14
MAZ	-0.25461814701166935	0.013057078778579655
ADK	0.2705888259136653	9.141294373817635e-10
SUDS3	0.15349070500723808	3.5625588543576885e-13
CRACD	0.2554608738586018	1.7977002791363826e-07
RFLNA	0.19524019522014652	0.017448212906588923
POLR1B	0.46124113969349373	3.4330198588593075e-32
C1R	-0.38276022603849524	9.315780090389164e-16
BANP	-0.0649195058295401	0.012416972769105061
ZNF185	-0.7050492316171917	2.8697980473689603e-22
SLC1A5	0.38047253918929524	4.175850746828029e-11
ATP1A3	1.199905782282629	2.105180165056235e-11
NAP1L1	0.05403568002825426	0.5958412256846767
USO1	0.5641903118409612	3.8595200328158587e-63
USP28	-0.4518187209467613	1.897046576552926e-05
FRY	-0.6797328427348408	1.1444998801478638e-54
GTF2H3	0.01331593049646352	0.6377084158813834
LDHA	1.00766774927647	2.168702338111536e-71
ABR	-0.6172322833222293	0.0004151046661305767
SLC5A8	0.746326128256465	0.012608630147284373
SMARCE1	0.8029706247135564	1.201918797593219e-48
RABEP1	-0.2265907233852087	7.254524923735995e-24
CACNB3	-0.083257640167761	0.11814791719501208
CLIP1	0.01667473491773591	0.4433664239491573
CDKN3	0.438432373725072	0.3442579751777782
KIF21A	0.10998958581017512	0.00156723192672169
ANKRD65	-0.7031867166388144	7.688160637575526e-20
DENND11	0.025925550173630386	0.41287310597494314
TIMM50	0.4619382951253027	3.3076322550936444e-19
SLC39A11	0.30856698476561206	2.596277160015225e-12
H2BC18	-1.0648156355159184	3.3091991657769754e-05
MPHOSPH9	0.4654012197741514	0.0002844043171284094
BCL7A	0.25388290320225226	4.0611905528529457e-07
MMAB	-0.23702216667893017	0.00010359755264009923
METTL26	0.09711651615308645	0.0020509857793703026
CMIP	0.05022412642783094	0.1361660764565276
PCSK5	-0.15428507190507212	0.04593727408064256
FICD	0.140262222629822	0.21623864201748222
IRAK4	-0.03995013492133375	0.07173892501816587
MYL6B	-0.1485765578737765	4.956311437819839e-06
MYL6	-0.4950483242232967	2.6739732328510056e-06
BICD1	-0.11592905833297103	0.003361374992403004
CLEC5A	0.23516934237661816	0.0006517196698290021
MYL6	-0.5765444124086152	2.4875118451305927e-45
RPL18	0.2949248935234611	4.0000244164169375e-18
C12orf45	0.6298131196628066	4.9578357440509356e-37
VPS29	-0.019798021556829262	0.26308778464964416
NAP1L1	-0.18060229337827582	3.0166474599949594e-07
PRKAG1	0.008638640177457267	0.7565779669188228
FMNL3	-0.5368123758500961	2.003368388603941e-41
LIN7A	-0.8570438315689121	6.920204054423426e-55
BLOC1S1	0.09309916351200381	0.0012066711728144395
PCBP2	0.1766684467571262	0.00021287812364830883
DCTN2	-0.2457389969746134	5.775178844609048e-33
ZBED6	-0.15678692491213345	0.14503014592533986
CHURC1	-0.17233844687408098	5.6753186768971395e-08
PRPF40B	-0.19143570791946274	0.007652866220977631
NAP1L1	0.5717799893611715	4.503202468519662e-21
TBC1D15	0.21470414144229416	0.11628640549227957
KRT4	-1.5615205257412095	2.489245725218135e-38
BRF1	0.09780543013808807	0.0037784378713839385
RASAL1	0.5359421939464019	4.290692419952389e-11
PDE1B	-0.29257917754327073	0.0004201164471671947
C12orf75	-0.591838869456128	2.6872841241136706e-16
HNRNPA1	0.6877855240539714	1.6058049560225378e-31
C17orf49	0.03917618475595598	0.4775932537077578
PCBP2	0.072655836227463	6.604367949924207e-05
CHPT1	0.3999008566449016	0.06373850708977416
GIT2	-0.28273103253029197	2.250322932767936e-10
FGD4	-0.37765677485305876	1.6096227936681627e-24
COPZ1	0.4400186671928778	9.538539042797286e-43
MAPKAPK5	-0.07971338072269565	0.04552074281849217
TRIAP1	0.4272448963308815	6.063044256560404e-21
METAP2	0.2408684893819218	0.0003317400827980825
NPAS3	-0.720165497242961	0.04479735056354255
DNM1L	0.0480844205255323	0.059393506097650664
CEP95	-0.22570621603305363	0.0001486356696175078
DPF3	-0.2823415806726948	0.007213437102090347
TMPO	0.18013126324800038	1.3277038545043054e-08
KLC1	-0.17972866639597024	6.562026132380569e-05
VTI1B	0.05733555348352532	0.04326302037287126
ZFYVE1	0.04052187026324139	0.06668793507955248
TMEM30B	-0.014234782319808143	0.8225883722543958
PPP4R3A	0.3035489554768826	3.919508814921225e-29
ZBTB1	-0.0027321455253147137	0.9220748478863067
ERH	0.44477969015923546	2.4067130786385297e-50
MYO5A	-0.5081707307059925	7.986257085174425e-16
NPC2	0.04980223967023604	0.5064129357575657
KLC1	-0.15612998838392872	0.005103193751872984
CEP170B	0.7231602519054293	2.5448259155923846e-26
UBE2J1	0.6966637441654964	1.3307876960512904e-28
ACIN1	0.3338870974132906	1.1020875366360146e-13
PAPLN	-0.8287338827217889	4.014291898223577e-45
LIN52	-0.2002123813677721	7.086209485538886e-07
SMIM13	0.2678984896968447	0.025339392777831093
PRAF2	0.48883312888174546	5.161922712925901e-12
ISCA2	0.2747112502266102	5.843836607911682e-11
DNAL1	-0.24424066664667626	1.522728334488488e-08
ITGA7	-0.7462814972058203	7.638732176981874e-42
MIA2	0.3241746071135394	8.358350001371893e-14
GTF2A1	0.12306786089729382	6.908936180679072e-05
TRAJ61	-0.17442874748632017	0.16123042276269725
ZC3H14	0.7634911334208592	7.569992944341e-26
NAA30	0.03985662081995837	0.1175834847283895
IGKV2D-28	-0.23224293896482906	0.313190614380351
RNF111	0.04954423876690339	0.6445618806397735
PSTPIP1	-0.04662759136658875	0.15995250506807937
ETFA	0.25591387436326046	6.245753895035932e-10
ITGB3	-0.69298057776762	9.158904932590317e-12
RASGRP1	0.4561623041357177	5.8549906425298804e-08
MINDY2	-0.7874254754929397	1.7313256623311864e-66
TLE3	0.15157753759610318	0.005391417577346784
TLE3	0.4764958357066381	8.9025745704387e-43
MEF2A	-0.5829897126242438	1.332495195711749e-29
GALK2	0.11722823944825592	0.00046884754407317946
SHF	0.16665137981312675	0.026982869555542455
TRPM7	-0.1891771034490674	4.7797280231696196e-05
ADAM8	0.2921086789530539	5.0072249576249593e-08
TMEM185B	-0.06683854486002251	0.6216511695978638
ACAN	-0.02567835694404405	0.7443208632544421
TLN2	-0.5412353296132446	1.742835985772931e-29
SNX1	-0.16389372751452372	1.2091795587792657e-15
SECISBP2L	-0.13463353087162183	5.6956597714721245e-08
C5orf63	-0.4854153478918634	0.007205857988073753
CCDC9B	-0.43008911153779444	4.393249319349384e-15
LDLR	-0.3978645046023964	1.1022813334858954e-12
AP5B1	-0.34497078449137347	8.55005300792575e-29
ARPP19	-0.10557852383548053	0.0001154690645097313
TBC1D24	-0.15411290466024513	0.0025603308598094944
RBM15B	0.035490629316589736	0.06275894734969106
CDYL2	0.22251119253637974	7.447721096278641e-05
C8orf88	-0.705207151191424	4.049094453897511e-12
TBL3	0.38897047139020824	1.881412208933293e-32
TERF2	0.18270144284217088	0.10357886997012106
METRN	-0.7786190382225135	0.00029465976889004935
BOP1	0.3584437597737432	2.0007193130664176e-30
MACF1	-0.5991686028395318	7.34288015029429e-45
FUS	0.21415659017253147	0.002460655034335778
ZNF598	0.28208427323511376	2.504650742547536e-31
GTF3C1	0.2987393356454147	3.3524350856786215e-32
ZNF853	0.07472733563011905	0.5526472392833566
CNOT1	-0.22474021963132162	0.0022373010158961227
STMND1	-0.5944777197912758	0.04271027817788506
TCF4	-0.5056167973035424	0.0008311401821200149
DYNLRB2	-0.9202545628063044	8.544584065605793e-17
MRC1	-0.7481825314610775	7.0691743476733e-26
CMC2	0.5512624747724206	0.0008909292640747153
TUBB8	-0.30662185881621984	0.0008931134191933062
ADAL	-0.23461803190881075	5.670000904593176e-09
CNTROB	-0.34705058520453014	2.2123887464964023e-30
SNX29	0.0160854584428171	0.4556573661032062
SMIM1	-0.28778069482230895	1.2199671464681736e-05
RAB11A	1.061179666289179	0.028459171511603407
PHKB	0.3036149259268949	4.415840394985636e-24
KLHL36	-0.34419133841193833	6.947037225040308e-23
ZNF106	0.12505877391537423	0.0009886421754863024
SLC9A3R2	-1.1554658285078636	4.536185650676665e-58
INO80E	-0.17751391757934815	7.1229730705636955e-06
SPINT1	0.8811651666358288	9.508614332945078e-23
WWOX	-0.09137296520586544	0.018331810050816476
OGFOD1	0.24611048269164337	2.926732271748984e-14
PECAM1	-1.2518059489293925	5.3207192387380085e-79
NFAT5	-0.4271001633427315	0.0032810606494564566
ATXN2L	0.01371172757145276	0.8830828222945349
JPT2	0.632396122671097	8.611690067661567e-51
ZNF865	-0.19839190088136435	0.01735737396992311
SLC25A24	-0.3865169149427685	7.599529084193734e-14
PYGO1	-0.009636445735048831	0.9080655287380365
SAXO2	-1.481773726639095	5.61235853381267e-05
ACTG1	-0.12287585210207438	2.1789569520794648e-08
MMP12	0.9849389035720928	2.006925461297076e-13
CIC	-0.3153816263092184	0.0005704631209732248
MYH11	-1.2157053413064194	5.358917770720017e-35
TNK1	-0.10404283346573534	0.013513221896859875
AC119396.1	-0.6067339260417122	3.982590891879334e-06
NUP88	0.26460598176778916	5.523628979784882e-36
EPN2	-0.25017751718769093	1.261776139809653e-05
SRGAP2	-0.18201260322556545	5.899881678311892e-11
CIC	0.03696993319790532	0.05682465513173122
ANKFY1	-0.11381875227015391	0.032895453194019944
NAA38	-0.03871751374086789	0.27714928019421986
SPON1	-1.0153375708880261	1.5999495828208956e-43
PELP1	-0.0001811408042066559	0.9929082333263729
NLRP1	-0.29351309452342766	2.6007013404782743e-11
RSL1D1	0.6776519833254944	1.0068319914205445e-29
BAIAP2	-0.15993645694934627	0.0011813213813653505
OVCA2	-0.11946349240811062	8.155683555101946e-05
JRK	-0.05634610358886302	0.5674564672409518
POLR2A	0.08883126241513242	1.8697619992795157e-10
MRPS21	0.8937082776270002	1.023655836767622e-45
RAB31	-0.08880485093016266	0.025584824863520976
MICAL3	-0.6220745328476378	0.0324684722639779
ZFP92	0.06374001487419953	0.37331392339423436
RASSF5	-0.1519282509586714	1.7906340346253526e-06
SAP30BP	0.2744660364092327	5.787619184969026e-28
KIAA0040	-0.3830773519633216	0.0006504549291011155
PDE4DIP	-0.3217877919129495	1.580649956806518e-08
RPL26	0.3551087830742976	5.540101112492557e-06
ENGASE	-0.28284559955603894	6.816935948731407e-21
VEZF1	0.3932594614898708	2.861338938460368e-21
TXNIP	-0.37067130335505655	9.201829086557242e-14
RASSF5	-0.31987748952548	0.010931950480557376
POLI	-0.2697041146123101	3.7215692668078362e-09
TEX2	-0.14853158434176314	1.9157693901207964e-08
SEPTIN4	-0.6983793606227344	2.5297751139592048e-08
OTUD7B	-0.1830905683398616	1.6234853358148754e-13
CHST9	-0.5994533457150819	3.2196756185190115e-06
ANXA8	-0.9660237998284573	1.6163049920166025e-15
TEFM	0.25166172380083784	1.2882203532356792e-07
KCTD1	-0.3230342285155523	1.325663968213991e-05
CDK11B	0.40245155842709207	1.8162760720782716e-29
RBM8A	0.2556736052005792	1.2454936019560153e-30
MSMB	-0.02512122907296832	0.9499386251784024
ANP32E	0.5096447954953996	4.078787235609388e-18
C19orf47	0.33311926529659674	3.1725925607552933e-21
SEC22B	0.28395976755783137	9.525416965675409e-15
FLOT2	-0.6062037908559538	0.0024153174105750793
ACP6	0.45907433506118966	5.46719545945437e-21
PITPNC1	0.0896187247251501	0.05984040950843059
RNF115	0.8731341434199328	8.653718856949965e-37
MYLK	-0.9573788782242743	1.871289499634587e-39
GJA5	-0.8948055865998927	3.4213636058922117e-37
YTHDC1	0.4843020282949059	1.5254916518645654e-52
IKBKE	0.07533188659491906	0.056809239565851724
RNF213	0.4838764483942042	3.3002225757433427e-25
GDF10	-1.295494161045195	4.998564611018405e-34
RER1	0.4444844956096194	1.7843167963033272e-23
SLC25A35	0.011190310180275664	0.8288334102522519
LLGL2	-0.1677833883778426	0.03847707220518129
HELZ	-0.150471268719284	0.405102078316021
TIMM23	0.4291650510889659	3.078852239505876e-20
POLR2E	0.24338878635153233	1.2359410114411367e-30
UNK	0.0885326927020915	9.774738605017959e-05
SPC24	0.26323260508860913	8.560056745443337e-06
CIRBP	0.14786492956363703	0.07488217362004725
GOSR1	0.2574434843315695	6.842415581779695e-05
FBF1	-0.2759986374201563	2.805667408552993e-05
POP4	0.5782061263679854	7.034020141476577e-28
APOC1	-1.092931190703387	6.572245629711352e-37
KIF18B	0.48327368210159805	0.004312398366644719
STX10	0.07410683597408617	0.01726223145689261
TJP3	-0.06364421643094025	0.12724481221412695
C19orf53	-0.346576826167304	3.223444644686067e-07
PTPRS	-0.9090785972721415	1.680424754022342e-76
FMNL1	-0.29226900284339613	9.720212202981693e-06
C18orf21	0.2108323244442039	3.569977945868715e-05
LONP1	0.5939753770862263	5.762306985745181e-15
PLIN3	0.618986194589005	7.286176930579702e-12
KANK2	-1.0350044022331562	2.5106472437044246e-61
AP1M2	0.5754490206991674	0.00042360730599001533
SEMA6B	-0.34848905642194566	0.026618835337918676
SLC16A2	-0.6394813321107334	0.0005712848244918288
POLRMT	0.09537036561987203	0.03973386353470147
RASGRP4	-0.5152998606734749	4.487875086604609e-28
CAPS	-0.7984862988888697	1.4253068656813818e-12
MPPE1	-0.1753352551112946	0.029075688237476055
RPS15	0.6047021099166128	2.019219848021049e-57
BCAS3	-0.2024346043712407	0.001979958583536828
PRKCSH	0.48370905486761684	1.8302596169433194e-50
PDCD5	0.21301554019402147	6.542992465828276e-09
NFIX	-0.6917315539315894	8.26692493887969e-24
CYP4F3	-0.2978336764002663	0.005142982854330432
TLE2	-0.39192524836169157	2.46672777983775e-09
NFIC	-0.14925145250334207	0.11250976448704264
EPS8L1	0.9165962891398252	1.0096014178616363e-07
RHBDF2	0.3315518400032539	3.037778712327224e-14
WTIP	-0.5315495569205504	1.5816775354002837e-16
STAT3	0.44580102808816413	5.3526352337737354e-21
RAD23A	-0.7449955591414319	2.2354566042444458e-38
GMIP	-0.34004070404353876	0.002507658396818697
PWWP3A	-0.4353656298751124	5.449594515077743e-15
RINL	-0.09326842378375834	0.07947582718179105
TTN	-0.5701753531999844	1.78582888566413e-10
RFX2	-0.3150560818742021	0.058286216727454265
ABCA8	-1.5283451664169498	2.1455427825270826e-81
PODNL1	0.06909916673623542	0.339981949142993
NFIX	-0.5897129294710355	0.0013194929589190258
CC2D1A	-0.47774007353997294	0.0007019705349699539
GPATCH8	0.35566918682039095	2.940407362106162e-45
ANKRD62	1.121358187396408	9.470342193230622e-13
IGFLR1	-0.59113779666928	0.00168355133389704
NFIX	-0.5663993768117399	1.944089041539833e-30
KANK2	-0.7097608292330138	1.5026386631880412e-13
SARM1	-0.3566462437967328	1.2458336007928293e-21
ILF3	0.6600751163488756	6.936486921700032e-32
KDSR	-0.1866945442423199	1.6720050602416879e-07
APOC4	-0.9262878922492254	6.153691908151998e-30
FAM20A	0.4753593529190218	7.337976214541529e-07
EML2	-0.1542441737662695	1.0363411621138088e-05
MAP2K6	-0.23723544421052367	6.778252487497951e-09
MFAP4	-1.188660186437811	1.2493550342155603e-29
SEC11C	0.9136551094901455	1.6044511568040209e-22
PLEKHH3	-0.3782225261634492	2.159013985048634e-07
DNM2	0.14060883747449585	0.00117832914522862
JOSD2	-0.17563032830124609	1.8906473716727046e-06
STAP2	0.5286232996391457	4.1221241327488594e-27
RPS19	0.5110443461604566	3.0301146017315452e-58
PNMA3	0.6354705464443157	0.2384850059645565
LSM4	0.22635665799602828	8.348810579708427e-21
PLA2G4C	-0.38266979719348515	1.0103695676949085e-12
ZFP36	-0.4837662688373887	8.467856355857617e-12
SHANK2	-0.387968444993517	3.1904198611147503e-23
TAZ	-0.20042712190433687	0.0005402837149827936
NOSIP	0.3411292230277475	3.75063917330903e-24
UPF1	0.1769406882431202	6.532218916210985e-25
DTNA	-0.15770413957941565	0.17190072490988612
PRICKLE3	0.5953749986247311	2.4768936598394433e-10
CCDC120	0.03003055419888093	0.5889953615047964
KLK13	0.06575850568198842	0.8235842728791317
EMG1	0.236187050753734	1.3587763669455234e-10
SLC35E1	0.6219410698440639	1.2242619399054276e-35
MED25	0.18472492592404943	3.179709843631223e-12
ARHGEF1	-0.11063819391452281	8.018608578621242e-06
SLC6A14	0.27405620042474865	0.008798466574903381
ZNF616	-0.22378279913649354	0.30225844571611565
IKBKG	0.028386592187213004	0.16877455190727036
MAGIX	-0.5211361372669794	2.94671028289844e-24
MYO9B	-0.004886305200833517	0.8360321486568087
CCDC61	-0.15334002925047666	1.5533009059495223e-06
EPS15L1	-0.6043620095521678	6.096891333251177e-08
SLC38A5	0.4688909744005257	9.331565054126231e-05
FKBP8	0.1747754801396755	1.0325066293541836e-09
MPND	-0.16517362889937043	2.6814028341710927e-05
NAV1	0.24294501062187712	3.8334257458905204e-05
ZNF446	0.1281652231052814	0.0036027569582418074
GMFG	-0.4062525449362764	5.498718498989535e-24
ZNF358	-0.01697222124559817	0.8020111279950866
ARL14EPL	-1.3453573248646302	0.0002940157515974536
CXCL17	0.06471609749174284	0.5324283492767222
RPS28	0.5662837502803982	7.842436975885727e-50
DCDC1	-0.2785425845498928	0.3407849033279664
SHKBP1	0.06896974539394687	0.0635539631556711
VAV1	0.016389496492424934	0.6611703346427295
SYNM	-0.5855995937361915	4.37725005878575e-22
SNRNP70	0.47001064393918324	1.0408828422805358e-60
FSD1	-0.3491942077076329	0.0998763446008219
PNMA8B	-0.44520757978885234	3.9435645947635676e-11
RUVBL2	0.1713158491917065	9.068038222091454e-13
PTP4A2	-0.1609435504674861	0.001114630242955845
SH3GLB1	-0.07174256390220682	0.0009661813434077951
NELFCD	0.13952378758048475	2.7586615259028285e-09
FBLL1	0.07120021987437349	0.08461137714102387
DENND4C	0.10473280320286613	0.2772974924308831
YTHDF3	0.4466534136887039	2.521551404418337e-35
DENND4C	-0.2878999895679103	5.6617545197936454e-24
DNAJC3	0.6132358610579484	8.958459273689813e-41
MMP28	-0.9101366685457871	5.313803853899412e-36
SRGAP2	-0.6662752776932683	2.4790850145875135e-27
TMEM120A	0.1380002506245089	0.0013234126157016222
IGHV4OR15-8	-0.16648466686725788	0.18528001447081416
ALDH3B1	-0.9619533352079621	2.1363578174038308e-42
GAS2L2	-1.0056957240285118	3.305626319150084e-14
IGHV3OR16-12	-0.5195288879362622	5.7241438488455084e-15
DYNC2LI1	-0.1520452010487056	0.3001378048980091
TAF15	0.6087031308663732	7.561820879501153e-49
AC136428.1	-0.41952147120596733	0.06085311278664368
CCL5	-0.4160611213301669	2.92609511245859e-09
IGKV1OR2-108	-0.3677590083857008	3.821289668886577e-05
LIX1L	-0.30628903494456444	1.9310599193675067e-19
IGHV3OR15-7	-0.42359726084541	1.7318362204062174e-08
IGHV3-30	-0.31072257932413844	0.017778687989689828
SLC22A31	-0.051160926130551704	0.7967965924794481
IGHV1OR15-9	-0.9244896359963468	2.760852384716225e-13
IGHV3OR16-13	-0.42647525338935643	0.006524067479447334
IGHV3OR16-10	-0.24191180686530955	0.03408748852083491
IGHV3OR16-8	-0.4682135840570121	0.1393678153642991
NOLC1	0.7455972176808416	1.1457732313363783e-42
IGHV3OR16-9	-0.6925336509511497	3.1400951882522606e-16
ASDURF	0.6629476090957407	1.5467132193116537e-13
SLC37A4	0.17939170921175124	5.7846026101320413e-05
CWC15	0.457702481129995	2.1267092837503906e-47
CSNK1G1	-0.10382379470744278	0.012767830666810576
HEBP2	-0.04495534190495341	0.21680201235553548
NFIB	-0.4353195453650003	4.227376414544864e-18
SORBS1	-0.919692385412598	1.486698766079615e-31
CNKSR3	0.062105499798205475	0.6868042296427573
POLDIP2	0.454387050055994	1.2009239875845698e-30
COPS9	-0.04386036687351083	0.284435229172771
GTF2H5	0.13887932840618433	1.895842321414748e-05
WDR18	0.27338851708625234	1.0670557883350814e-26
NUDT3	-0.2962701419329074	2.8679211472012064e-13
UQCC2	0.47925977388110286	1.3095571117278643e-21
FRK	0.34526422410682567	2.0227471578066382e-13
SIRT5	-0.041546996655055776	0.16933302506731135
POM121C	0.143092002051949	1.832709329408242e-05
FBXW2	-0.3264752122795581	9.497045248152069e-33
DCP1A	-0.03638044184013952	0.05217536631335572
USP6NL	-0.404259146779115	4.797567675088898e-28
NT5C3A	0.42190908333371413	7.642380918505342e-06
ATXN2	0.2899048569882856	2.7478485309848662e-21
TOR1AIP1	0.1991376839116299	2.085084606768436e-09
SLC25A16	0.2482625626882371	7.990402380576449e-08
RPAP2	0.2994809761530345	1.3453251867801535e-19
H3-2	-0.21244111486819828	0.1837133112343247
DYNLL2	-0.1397356334671449	0.0004642865192277165
JMJD8	-0.4398217131582112	1.0854324810437509e-08
RIOX1	0.1704807690761136	1.2673790858248888e-07
UBXN8	-0.5192197008309395	4.643680557007381e-15
SCARF2	-0.0624396033510593	0.20790622752100565
HMOX2	0.25453141888620684	1.7386350486698504e-08
CPNE3	-0.018256594632696327	0.4870914453428468
LYNX1	-0.21688391950794014	0.05881150101075053
DUSP14	-0.24968496101351323	0.005143972947435935
ZNF316	0.49646503362715866	1.9666565155312176e-32
TADA2A	-0.42905554179437744	2.3319970467046637e-07
ZNF8	-0.1193658299276066	0.03928422430695107
IFI27	0.00541555744078415	0.9435744357984788
C1orf158	-0.5814078471739275	1.6673155111532557e-06
GTF2I	0.32668474136141	8.405650648468509e-24
ZNF282	-0.002598710623890943	0.9898567892489407
AATF	0.5541770000411854	1.4716393420252986e-35
GIMAP1-GIMAP5	-0.252909148208383	0.04792013377751831
TPM1	0.3774811675829167	1.939831427408655e-09
IQSEC1	-0.45912450453250186	0.0012927870481773877
CCL16	-0.49686411106117023	1.1472335723826176e-14
MARCKS	-0.04366164589996802	0.24050709511471502
CWC25	0.2295746808883567	9.08654605471567e-13
ACD	-0.2821624431384552	1.0157744461930606e-11
VPS13D	-0.13528339537161152	2.0699372234772552e-10
CPSF1	0.2572233103420264	1.0159970151558532e-34
ALMS1	-0.30518744157186656	1.754113512343663e-27
CASP8AP2	0.027115644507256606	0.8097514976354673
GGNBP2	0.08506526886272976	0.01670790601252835
MTHFD1L	0.42392538039365146	1.9317308251032319e-16
PCDHGB5	-0.047657264137176136	0.7577779296897474
NPRL3	0.021876915138429168	0.5142294443472467
SPPL2B	-0.08203452400986513	0.11395969903677314
SPCS1	0.4967850457131043	5.401927837124882e-21
SRRT	0.42483561840336703	5.4466526993559206e-48
GAS2L1	-0.2914128080012748	2.505551972655186e-07
NATD1	-0.43322626067763054	2.1428132733922146e-16
FADS6	0.7309956441868071	3.549941315554882e-07
PLCL2	-0.35995085128752063	1.761737721355817e-23
ACACA	0.13402129726175094	0.00011543610782905224
ZNF787	0.37801320922458204	7.465826493774626e-23
CYP1B1	0.3296589055257222	0.00039684261506017614
TTC25	-0.7982941200333201	1.279451158804941e-25
P3H3	0.3140290598064981	9.373138672021911e-11
TPSB2	-1.0401031065986837	5.547692702595707e-07
SEC14L2	0.1402762733979766	0.006936327921905396
SIRPA	-0.2743646891938801	0.015101727193249561
PPP1R9B	-0.1889036958168721	1.8614917485205506e-16
ZNF57	-0.5235362180963643	0.2020443970474617
CYFIP1	-0.25059768389350146	1.5109055840643383e-24
CAMK1D	0.26921474356900466	5.343727698563227e-06
GNAZ	-0.9343872476146313	1.09957701659567e-14
IGHD	-0.19847062299366752	0.11999389083465647
LPP	-0.4886497982013229	2.0346297810117784e-34
YAP1	-0.09706018569440389	0.03860131140354705
PCGF2	0.11805355230710514	0.003922291907695208
HM13	0.38438650184434975	9.327407183720138e-10
PRAG1	0.039493702973554555	0.2166135486888721
CCL14	-0.8504510932576799	3.4402705568256064e-36
FMN1	-0.05295310191959434	0.6844461575742706
TRIL	-0.4665310485668386	4.309742234096453e-10
SMAP2	0.11362753252159902	9.529043486012176e-06
ZSCAN26	0.06805006082211162	0.1823237479759006
LENG9	-0.13785015250969282	0.00045608155606835087
JADE3	0.11251050940291973	0.02321638286992716
TMC4	0.23391919187358995	6.49900630876096e-07
PCSK6	-0.13053426624853204	0.16606814820473406
DDX52	0.5158461667808878	5.012395943018064e-35
MYO19	0.29705060052152454	8.177614640555913e-15
CD177	-0.21062651513167563	0.03869011031893115
KIZ	-0.22799539237390004	0.0002744591320394335
SMTN	-0.877256129666743	1.388743721010633e-44
ARFRP1	0.4467139582922642	9.991926446872927e-29
PLCD3	-0.8545777254853829	2.007290601363076e-58
RPS6KA5	-0.29513520867151055	7.113678525674576e-10
ZNF518A	-0.007706571442205039	0.92501690727479
MAL2	-0.34840223061672804	5.656946317470924e-08
RAPGEFL1	-0.1978643814585041	0.5135183162568118
PRSS56	0.23175085631976128	0.5465693206419519
RAB7B	-0.11241821291710814	0.10428907744277809
DENND1B	0.030407836100682175	0.3263308442903547
BNIP2	-0.41765014177018367	4.004617221377499e-23
MLLT6	0.1361060877492391	0.002106056369239852
CCL18	-0.1917689869190185	0.05788892305872001
CYFIP2	0.08931562522772571	0.019564842245854388
TTBK2	-0.06138197253929571	0.7378517490368073
PSMD1	-0.3882535048537383	5.762782981042255e-10
PIGW	0.04917239246665178	0.7538721304195307
IGHV3-72	-0.5272993748611892	6.50458947825744e-20
VEGFC	-0.13286461482539597	0.07945758298138764
SYN2	-1.6721878408113016	1.1631573659517032e-25
C18orf25	0.13341672484063435	0.0002891849777258843
TRAC	-0.04351008473571336	0.5705940312572303
SRSF8	0.27150996598720895	1.214587842525888e-08
HYOU1	0.6947291727419569	5.259767460542763e-38
PIK3R6	-0.09174928713660041	0.09439962229213511
ZNF761	0.433071459453531	0.010795699021630217
ANXA8L1	-1.8290027618762275	9.340486249132007e-49
LRMDA	-0.13391529571869382	0.001331420105223298
HNF1B	0.18483695423447744	0.0006646213187722366
ZSWIM9	-0.12020436452175456	0.02419707364551564
TUBGCP5	-0.17430524422200175	4.722234622245457e-13
NEK3	-0.20313554731273992	0.00015803739474863187
MUC1	0.5297772786806275	1.5950658193858925e-14
RCC1L	0.3027147974520368	3.124828575751621e-15
DHRS3	0.24658852111917112	6.416590713545107e-05
OPLAH	0.2090044624644128	1.1303667970180534e-06
ALB	-0.5141965974472907	6.93531465777031e-05
CYFIP1	0.048004650157835005	0.8617868635942223
FLNA	-0.46713112739141305	3.87226800539928e-13
PRDM11	-0.6303292525540621	9.1331264407162e-16
PEG10	-0.3030973236519594	0.0006253753158495252
RPGRIP1L	-0.5554169185140105	7.840812726961527e-16
SLC46A1	-0.020619170777295193	0.729759265527959
COPZ2	0.0660365906118516	0.14655504223889843
NUDT18	-0.20617416631865154	1.3440913290911597e-14
MILR1	0.40973546541656414	2.0763417474130194e-07
NOP16	0.5437032698115336	2.8096530211043806e-31
PYCR3	0.03323623320354736	0.3570468709052312
IGKV1D-13	-0.9706091845700436	4.344282657902096e-21
MCM3	0.8824107957223747	2.57560869559075e-29
SCAMP1	0.16579190022174	1.1348783284093317e-08
RAB44	-0.5167924509092419	1.0243882637121243e-20
FCGBP	0.18627980701572194	0.051980930392296225
CDH1	0.38120738399156456	2.9135242490379006e-18
ABCA2	0.0776609418896313	0.1528441216181238
FAM83D	0.5764774776312687	0.00024516664465540334
FOLR3	-0.7590259705870844	4.5495002885483496e-05
VPS11	-0.1849323167026991	7.122671983816092e-31
SIT1	-0.18633153597523153	0.002662416763646944
COL5A1	0.10328235275458274	0.3440635262671617
PRKAA2	-0.10507067943870174	0.14064255738223408
SERPINB6	-0.6774875897166439	7.004618515340443e-47
DDX24	0.6139077401918935	6.265849157975626e-27
MRM1	0.37145970534423955	2.2788746032835106e-09
HTD2	-0.11796031154287323	0.01960714932345797
SLC6A6	0.19571300774811204	0.018444092601104755
C18orf25	-0.12434890387243644	0.08850440608036986
RPS10	-0.215783001768458	0.012312446277781263
MYO1F	-0.14465967656988615	0.00013615598520632223
SLC35E2B	-0.42426732697222	0.006631786712818252
TBC1D2	-0.2859119143100456	3.5011378177985467e-12
RBIS	0.45907782434097244	4.066018257791453e-21
ARHGAP23	-0.48980740983041926	7.758064689456068e-30
CREB3L1	0.8784149305531213	1.3488707023203994e-13
SEMA3B	-0.6114350794219212	1.1964504639628276e-27
RBM45	-0.1060046567923277	0.1865920433669931
FP565260.1	0.3028656266005282	0.00025400254309962855
PDE7B	-0.2340227358233642	0.5098777481066821
NEFL	-0.17975282362471465	0.2726417551042393
C11orf95	0.20316315874282165	0.2341547907886085
PLEKHA2	-0.26831796270488234	3.423208428327987e-18
DACH1	-1.330069220862346	5.0162869624070876e-48
DGAT1	0.13616579138212542	0.014960575928805972
RECQL4	0.1233276650282287	0.4476518079911941
AP2B1	-0.1109451574044294	1.861047996907695e-11
PRR36	0.5052918004872576	3.0685989762001183e-09
PLCG2	-0.04975168393534401	0.2448349586202988
RAVER1	0.03440474638766161	0.05895406833441991
PIP4K2B	-0.16032244229326792	4.483679380204054e-10
MEX3C	-0.2863935081780636	0.007992313985565462
ORAI1	-0.32712749028526966	4.239578043522503e-17
HSH2D	0.21072335874346115	0.0002489294121865177
HMGN3	0.01451249671672751	0.7902104117206814
PIGBOS1	0.05318831916363105	0.2559943185651543
SMIM22	-0.28332515983377043	5.565705343546106e-06
DHRS11	-0.15675695126917838	0.0006043818172355797
PTPN9	-0.21309732591260866	1.1343858528790343e-21
LIME1	0.49629091386290347	1.8495786613751715e-06
SIK1B	0.19793859088815235	0.07633727821539849
METTL7B	0.7431321914185449	2.005316718737926e-17
PAMR1	-0.10890171035771176	0.08031346842031657
IGLV2-8	-0.6610644000227218	2.012680325222574e-09
IKZF1	-0.04867548133367755	0.774770925089591
ABO	0.08332763726285987	0.4309849225761007
ZNF2	-0.3551023694703522	0.0033181532979113418
ZNF618	-0.053427340098883835	0.12055779721217626
DCAF7	0.2293284717148611	3.1831693004020097e-18
WASF2	-0.11851710974640703	4.107469023066458e-07
HDGFL2	0.28262618702229575	1.6610299376768987e-25
RIBC2	-0.7358764644246092	1.3061277615480875e-11
ALB	-0.5553062911262774	4.307890478078061e-05
SYNRG	0.3355793451727608	2.0520086692995002e-51
NSA2	0.4066677334642879	7.03713608102416e-18
CHL1	-0.333561023683412	8.137669980846355e-07
NOL4L	0.06129534229045234	0.24231346322215608
IGKV2D-29	-0.4653463310838072	4.954206020869978e-07
KDM6A	0.25784465998466094	6.133370379922351e-14
USP27X	0.5146343528701638	0.0036021804369148033
PSMB3	-0.013361079537827704	0.45675031368119573
HDGFL2	0.27024265098595107	0.00038076421304217447
CISD3	0.590614869100596	1.6799901898015817e-26
AOAH	-0.1291046339685619	0.008567402451381155
NDUFB1	0.27128173917547427	1.1170502961022515e-10
SRCIN1	0.3846837600578326	1.3679720686026576e-08
BIN2	-0.19868062644434858	6.236265325447837e-07
FLT1	0.9903360588668124	1.1440706765178791e-10
ZCCHC3	0.0510317103317789	0.35437508803834405
GOLGB1	0.07684837969655577	0.09078761465799262
PRIM2	0.45090999209002647	6.046462517583798e-18
PPP4R3B	0.10671165226277304	0.0010724327536231189
ARMC9	0.3560342169337176	3.220966817882252e-15
NEB	0.15229572969615396	0.050897077040601875
EPPK1	-0.07369060645561427	0.26386921430411614
CTDP1	0.06961908921521531	0.0012295716122460866
PPP1R2	0.21878572287683573	2.4760956933890436e-12
B3GNT6	0.1753432991885332	0.24048260192570645
ZNHIT3	0.46429114587572373	4.004235840618839e-19
CASTOR2	-0.10934342831581129	0.017391299370398686
EXOC5	-0.09402405569126115	7.878310736696018e-08
MRPL45	0.46795764452143773	2.200937411118125e-28
NCAM1	-0.654158919700086	6.315597153709046e-26
MUC13	0.3759644975871889	0.03140773261341588
DOCK1	-0.5034971452697421	1.1467743899141133e-18
GPS1	-0.13418290837134653	0.07265813075764509
IGHV1-69D	-0.5826156071842383	1.037604360597344e-17
IGHV2-70	-0.6280822363265293	5.423589172669366e-06
SLC35A4	0.034867224491011414	0.533864874093909
CDKL5	-0.27009714255121264	7.097712480407087e-12
OR4C16	1.2765841748611688	3.351908701506694e-16
SMIM26	-0.12618984546312506	0.015144821708845263
TOR1AIP2	-0.534952902064587	8.45711713117825e-09
HMCN2	-0.32315568086755764	8.24121842866318e-06
CD99	0.0014240534131615412	0.9794821308095365
ADSL	-0.1763813782485601	1.9825872859573276e-09
ZNF638	-0.28317381785701784	0.06533062258392118
WASHC1	-0.1203574335480494	1.1347071428415065e-08
MUC5AC	-0.06046543883758937	0.7573082475314205
EIF3L	0.28598895002695957	1.3802205277873521e-38
PTP4A1	0.19581930063349773	6.686688599397783e-05
C4orf3	0.15627681525258055	0.007395519217221082
FCMR	-0.2869542339138976	0.027087021813188807
MAP4K4	-0.025121611333630722	0.5846871266509325
PKP4	0.052141305069505206	0.5601857734281012
DNM1	0.21822985287829097	0.0013318117896079296
COBLL1	-0.640288616307021	2.996590635383113e-46
DDX3X	0.530952208508886	1.1464761589541531e-41
SPTAN1	-1.7001078214442824	9.277010936823475e-77
YAP1	-0.36167784647351314	2.0752235610867556e-07
SYNJ1	-0.3033443466158131	5.940460236794459e-43
IGHV1-69-2	-0.516958408220955	0.002629576165907089
IGHV7-4-1	-0.5406708538203302	2.743994696289121e-11
LPIN3	0.0238106235704116	0.5234846698100654
CRYBG1	0.17476484085503488	0.002159217061518178
ZCCHC8	0.16881088775289227	4.975767193308583e-12
PRSS2	-0.13217122543714102	0.5253143252241338
IGHV5-10-1	-0.6960801251627445	0.0004126846418636785
IGHV3-64D	-0.5803267234450042	1.125683542537291e-15
NCBP2AS2	0.553013811831511	4.5712870179193014e-11
PON2	0.30508858575053566	5.954305897726927e-07
PLIN4	-1.4077574760066827	2.9194438132125868e-37
NHSL2	-0.7795966694560148	3.020119654677084e-64
PPP1R12B	-0.8129305397545616	5.23057343360764e-07
MMP24OS	-0.2288336511570755	4.110436196384784e-07
SH3D19	-0.22017269520781113	0.0001582187324535214
ERVK3-1	0.05690258854900537	0.18927469955184115
DST	-0.9683167812714932	2.0361066085740024e-38
EIF4G3	0.316225204278229	4.574090155485414e-34
BAG1	-0.022605314612878513	0.49363550335461087
DIP2C	-0.3620754724497822	1.7986435501669775e-26
SZT2	-0.19967050117563595	2.476838703236232e-16
SYTL2	0.38587341117469626	3.062460570110317e-09
SHANK3	-1.2524507391290487	4.694691803590201e-95
NBDY	0.2658712331393158	3.127795375191935e-13
PHF14	0.4047139630654937	1.1726620637022342e-47
MAP4K4	0.05163333862513509	0.3558820085591651
PTPN11	-0.19988576735839286	9.977269632016117e-20
PTBP1	0.6631125524720598	0.0014623051658892835
ENAH	-0.1466997285350657	0.2966765230609973
C3orf85	-0.6076049006801905	0.03184287288393989
UMAD1	0.10569727568601593	0.01979896321854219
C10orf95	0.23601426219630994	0.23671378436420437
RAB11FIP5	-0.11683891480182945	1.099747502343051e-05
ATP6AP2	0.24661015676449383	1.62499354789154e-07
PXN	-0.5553161930416625	3.7289662137260786e-50
RP1	-0.8982235743945597	3.298104097181379e-14
EPB41L1	-0.15649922273815095	0.0015511465597895936
DNMBP	0.18906341199610532	0.06205826233672268
TNRC6C	-0.1201004596312504	0.00012947126206775935
CELF2	-1.167686951726736	4.063914314594806e-09
LRMP	-0.22633317627127275	3.497998493306479e-08
LCOR	0.8472638730989371	1.0893690128749497e-27
RALGAPA1	-0.07958289331750125	0.019555848144051556
BTBD8	0.07763295192934351	0.11321647446545675
AC011005.1	-0.0025083934812613617	0.9720720791711129
PLEKHA6	0.33567025328176164	0.014738486635659668
DDX25	-0.22565662042586188	0.04975776922043812
IGHM	-0.5451747037422547	3.612763300860758e-10
UBE3A	0.03512925156609942	0.07142430556198608
FARP1	0.3853766602471939	3.745663064847068e-06
TEPSIN	-0.20610373109894678	1.549552179363339e-05
AC007906.2	-1.0960762468411918	3.7960565410596593e-13
RASGEF1B	-0.2087801686309853	0.3605207889590115
KIAA1671	-0.9470529111753022	1.7596596096871997e-22
FAM193A	0.012808118280975105	0.6873568788988743
DPY19L1	0.6286005980925362	4.684203750262836e-27
AL022312.1	0.43884279813503174	1.3362991472339044e-12
PLEKHG4B	0.20617481309114644	0.11218412260984385
ZNF654	0.3360379436824975	1.6850136018251448e-14
PRRT1B	-0.00846970697977767	0.9885925925713072
SPEF2	0.5256379299610427	0.045864708295592964
CTSD	-0.5711530105313403	0.040200554933485795
C17orf100	0.14006685314400313	0.15384040983538838
HNRNPU	0.36079246036611023	1.2262164475754237e-44
HLA-B	-0.1805404466029767	0.013175967237891566
ST3GAL5	-0.23801512158325433	0.008118525307364791
RAB42	-0.1495694888083283	0.03656210795323254
ZNF888	0.2363487569352372	0.016672174338215807
HNRNPU	-0.3980802205303935	8.035984689123558e-06
VPS72	0.34840170480306487	2.0411255346773944e-25
IGLV10-54	-0.45494754250121916	0.0467477159189963
PFKFB3	0.2724287204251659	1.2106206965764755e-12
ELP4	-0.09592927391661403	2.6415823768739837e-05
LIAS	0.1678982064337745	0.0004829707980131435
GSTT4	0.14227951461093077	0.16054294510689776
CCDC187	-0.5557496545990527	2.1111404041192798e-07
ENSA	0.2141764995403258	1.0508495444011605e-10
DTHD1	-0.3840176820626162	0.034837455155488695
ELP4	-0.10137629411687549	0.4128267325624043
INAFM2	-0.13810732335563355	0.5010612780869451
AC073111.4	0.02787072546299922	0.7595054177475775
IGHG3	-0.3228044515119629	0.00023520487055242348
IGHE	-0.5383495388450792	5.3212189601041163e-08
IGHA2	-0.10973932270144397	0.20348423313760786
IGHA1	-0.13647920427098081	0.1285998269622034
IGHG2	-0.7722828354724869	8.025481608882532e-26
PPT1	-0.3816616595860102	8.615228964382723e-11
PHGDH	-0.15747629702090837	0.0177713439028216
PNPO	0.03944343543052837	0.18531571323282342
IGHG4	-0.6614253682003632	4.4354381260717664e-11
SAMHD1	-0.2875751048902356	2.0161540005813246e-13
AC093323.1	0.449956153978191	1.897721028247344e-05
DYRK1A	-0.16574048020960103	1.601170787922466e-11
MEA1	0.39466752198244837	6.720459456636016e-21
EFNB2	-0.9825123365583224	1.8230501896690904e-34
TSC1	-0.48008155323182417	1.4931610768134806e-07
TCOF1	0.5204654883323736	2.715383511388799e-46
ATXN2	-0.26635834432481714	0.024366908583317963
GIPC3	-0.8516242271843795	5.006418923642853e-59
TSEN15	0.04707631171820617	0.21110049543674292
GSS	0.06094915586189163	0.024995120460270196
ATP13A3	0.09026742600284093	0.0052163857247133315
TNS1	-1.145225334275914	3.628889298985852e-80
SMARCA4	0.5737675275901407	8.460612059350259e-44
KNG1	-0.9417790336677321	3.374026125859556e-48
SLC26A4	0.14618048475589615	0.625594126788126
GLUL	0.40126258751743576	1.0687305598045899e-14
KSR1	-0.4685192934593982	1.2581158073805796e-14
SMARCB1	0.14727837134877447	9.50969411897878e-15
SEPTIN3	0.1490784232605175	0.012778154933534057
TMF1	0.4487885330897571	5.907744393104889e-42
TPM4	-0.1539595264927899	3.976413191791147e-05
MORN2	-0.21732431208688413	0.07520808349367789
CBLC	0.21136697832549736	0.1177945493976953
CASK	0.18801409792892765	6.135926587082022e-09
RIPOR2	-0.3341513654206871	6.700983206198876e-12
ACTB	-0.1960747421198556	5.1983394514361654e-17
PATJ	-0.6815903484039757	3.641835816356635e-56
RELCH	-0.047152172823800215	0.09586431293950635
SUCLA2	-0.18676677631839333	9.165469532330847e-08
MTAP	-0.12442102035221127	0.001445251012920285
CCDC9	0.09121253776586574	0.0001854911558523286
EPB41	-0.3234172886526523	1.7674645851674147e-12
TRANK1	-0.11031087261789711	0.00020534459555368587
KSR1	0.2937956495140795	2.7805024894719904e-08
SIX1	1.3076915074558826	4.906286492203888e-05
HBD	-2.0831725662159135	2.544665464580791e-59
CCDC88A	-0.2263182661707063	9.129886100603374e-12
UBE2T	0.46860504971707323	1.8162474554408769e-09
MIGA1	0.051792310552796136	0.23869492111667315
SHROOM3	-0.25977343996944724	8.841415422365956e-14
MICAL2	0.19591938039985668	4.035222178770571e-06
GIPC3	-0.5175827062707353	0.0014117196156383971
LARS2	0.03595217502984397	0.2442643039165641
NMNAT3	-0.5162719179021955	5.73762298412556e-22
SRP72	0.5379122012079283	3.1295186470663195e-53
EPB41	-0.1383434625933206	0.0541013781823933
SPTA1	-1.7912654776870376	3.067689206556167e-56
MANBA	0.14600925548658725	0.014992964056332915
AP3D1	0.2465186426731807	2.350604576240684e-31
TPM4	-0.18230926824307983	3.0324745708932674e-06
TPM2	-0.9918050772063016	4.727668279304049e-40
SLITRK6	-0.3381349554733514	0.20571802056618554
VPS45	0.07325644378933048	0.0006183042637094019
GRHL2	0.5393545980049005	1.1288709827496394e-21
ARHGEF7	-0.43995155847970996	0.005652497570538727
IQSEC2	0.1621604237740061	7.832443809046498e-06
ABHD5	-0.1919831030511152	3.560957949586797e-07
SPG7	0.00459299391717332	0.8851343715367317
RAPGEF2	-0.2528663730477192	5.909420254143875e-26
POLR1C	0.2506695634187912	1.4449517436856412e-25
PRKCB	-0.20936368439472686	5.849705387335696e-07
ALDOA	0.49046798528908775	8.784479508546546e-07
BPTF	-0.30470850504523217	0.000644772364193446
RPL11	0.4563506246437907	1.577070944069772e-62
TRIM8	0.04803050370351937	0.33821118677646245
SLC18A2	-0.6646746779777762	0.0001219821895392354
CHD4	0.6194278786519453	1.0282095845414563e-05
VPS13A	-0.20405063966872866	1.1078888006813491e-13
TRIOBP	-0.5795767455162344	3.216863433948715e-48
FOXF2	-0.7488699683471934	0.10126211266134917
S1PR2	-0.38680807565029185	1.994813165005325e-14
TRMU	0.03474433380870682	0.3720310104679772
DNAJC21	0.3213533543674306	2.4533788954554373e-19
ESPN	0.6699780841552522	1.1569596280886113e-09
ANKRD44	0.18139272789035757	0.0015436969260016924
TUBB8B	-0.4441998436332777	0.01533020353820513
SERAC1	-0.23083628927626199	2.3558320011816822e-08
LZTR1	-0.15572905050509578	8.350115858711129e-10
AGK	0.47280565161981536	6.355129281968515e-29
COL9A3	-0.5913317542250609	0.016559461860721887
MYO1C	-1.9151848026884704	4.832964280113602e-71
ISG15	0.49951551375536013	2.415784066392739e-10
LRP2	-0.30218146911514665	0.00033399720705186637
COX7B	0.14631547705029538	0.0801640486821107
QSER1	0.11881288182917255	0.00025911907202427867
FBRSL1	-0.15856271747782794	0.01976263130738925
IGF1R	-0.2600155696435768	4.522785050139038e-07
MCTS2P	-0.086673958383341	0.5023470058004306
PARP16	0.015964692312360307	0.7250714038707153
KCNN4	0.41074383518553503	4.3333554633066084e-05
JAGN1	-0.1522058774366121	0.004997332415047214
MYO1C	-1.5007397123120483	1.3396695199714268e-93
ZNF275	0.8114869986028455	1.564469913527519e-09
IQSEC1	-0.4606041806184693	3.5342460380576156e-54
SH3BP1	-0.0169444032869453	0.598800722984329
EIF2B5	0.20014538912899316	3.66477199793883e-24
LARP1B	0.4186166805920948	4.319459787795838e-22
ITM2B	-0.43785529669451234	1.996736940287435e-27
ENOSF1	-0.32334799226779204	6.7887769826808e-08
PCMT1	-0.45178267814388473	2.109480468375338e-56
CRYBB1	-0.1941514134773558	0.0026286794288141735
KLHDC7B	0.5003062371196828	0.06438753948424274
IFIH1	0.15133385029967963	0.0007660335450958058
ABCC2	-0.13760059879752742	0.442293250663883
CPOX	0.41275809916505085	2.2826204968374308e-23
GAN	0.11050913569091186	0.0010000850552138569
PROS1	-0.8851871283917584	9.995042667998698e-36
C2CD2L	-0.3122172143971884	1.6602041387742043e-19
ANKS1A	0.08805443256002864	0.09382055156816371
BBS10	0.16452496058198676	0.09659702263365767
SLC35B1	-0.4112174275279526	2.394987828015507e-09
LRPAP1	0.3622338515111381	1.8622373019108606e-19
VKORC1L1	0.13986054387563635	0.05085548339580892
AL034430.2	0.4110225237909687	2.4297164277908753e-13
INPP5F	0.20830542135785945	2.920920180228927e-12
TJP2	-1.4725298558019566	3.5409744210933416e-28
MYT1L	-1.3544745606045405	3.02038858354066e-09
DARS2	0.26235098340301166	4.994821913048984e-09
GCLC	-0.5205768131050875	8.26763613996649e-14
EIF4A3	0.3048646096172014	1.116006826508427e-46
LPL	-0.7916520687251204	2.294412177006997e-37
TNXB	-1.4118681406657763	2.2896162194298247e-70
COG8	0.25770263933993964	5.320539997739739e-20
ALDOB	-0.4436841750615232	5.858786535307329e-06
EPB42	-1.6141395862706824	4.7347554011210434e-54
AP5Z1	-0.11006286451756497	7.272736476704107e-06
POLR2M	-0.5340210318627263	2.475733882078337e-34
RAB12	-0.2618476841545093	7.227547393701351e-13
ATP8B1	0.2146014624863823	0.0001258718124024749
NDN	-0.4432846745211233	2.251891015868781e-05
MALT1	0.10945020889082836	0.00010426421744950068
ENPP1	-0.11231863419606654	0.05790929441848465
STON2	-0.6198575310409667	7.71279299049288e-48
MKNK1	0.0005602383302308472	0.983168201145374
BCL10	0.2575722262910997	1.2121540593701042e-13
SNU13	0.5554395302268694	6.676710343938126e-46
MPRIP	-0.5832073009173899	2.965316280784619e-47
EEF1AKMT2	0.17520854181123818	0.0007117629164820133
MTHFD1	0.32356139890699787	1.2068232609365063e-20
HYOU1	0.8724233326560571	5.329948195415205e-28
FECH	-0.06521303025622903	0.15177365308445873
AC236972.4	0.7381660818530459	6.85489726067005e-07
FGA	-1.2537441120737696	1.6950694367396413e-48
CTC1	-0.12230051614713044	0.017960132447825766
LRBA	0.4429970371569831	4.33261414098235e-30
NOTCH1	-0.33606769594365815	1.7896031851441896e-16
ELMO3	0.1603343539070134	8.775065480879497e-05
DNALI1	-0.5570059156965781	3.565534254182696e-14
SNX25	-0.4919092758846765	7.1020663286979115e-28
CLUH	0.39658291152328407	5.2025204197631044e-24
GREM1	1.786288552197676	1.0115894435270124e-34
DOCK9	-0.059996436255084926	0.3162925904178064
HMBS	-0.4414086979777006	1.1398101038804477e-20
SNX6	-0.049568121650067444	0.008721389754948364
ERCC5	-0.06479853578452996	0.387715041224573
C11orf96	-0.3897783881344905	2.2908848008195093e-16
FBXW8	-0.31302380624108306	1.912281323762297e-19
ESYT2	0.22900358828943057	0.038130091917820665
RPS27	0.5739582751227177	7.494607570120345e-44
PREP	-0.06750758185069752	0.0032409665968239003
SH3D19	-0.7056042550232713	1.6233346145366996e-56
PDIA4	1.0162710242288622	1.207260370239607e-60
TSFM	0.6574694956980162	1.7039512434301277e-29
MYC	-0.38911659670208154	0.12202074111390106
SCLY	0.04920005888709255	0.2259729758414348
KDM1B	0.07858931964522319	0.0076795182788678565
FAM83H	0.2976130068153219	1.3655130792102457e-13
SLMAP	-0.15898809598175329	1.813497631778509e-08
PALM3	-0.10166926610217278	0.16765237726019053
AP3B2	-0.9110090950175236	6.191722572099231e-05
AC004706.3	0.15489331858612326	0.1382910975501477
MACF1	-0.4252008877203039	3.549946760087141e-30
FOXO3B	0.13904529482437283	0.02595511261410003
PIN4	0.24472403566749598	3.121069948060921e-09
RAPGEF5	-0.2628695973412811	1.601954450421274e-05
CCDC57	-0.6044743703172853	5.965739526607154e-26
DLG1	0.5067675980080242	4.812471665799482e-13
ZCCHC14	0.039686754447696586	0.7529363082443914
MICAL2	-0.18044638904310784	0.014800384371748151
ANK2	-0.6447877035611622	2.104396982105863e-21
TNK2	-0.20981990559118313	1.2959664583209637e-11
BBS9	-0.523658991853483	8.323862036547153e-38
SEPTIN7	-0.20484669880299688	1.7159227968495107e-09
MFSD4B	0.23715497112836215	0.0005733127207781479
ATAD3B	0.13911979137675534	0.18509041211251911
ANK2	-0.8580566918899194	2.3861007050297753e-46
SEPTIN4	-0.9118988029303072	4.707585498894688e-49
EFCAB14	0.17500975920845024	3.229801313954453e-05
AQP4	-1.330944068825505	9.363600100364631e-55
ETNK1	0.18758450027858015	1.500734281996588e-07
MYO6	0.5185210291090238	3.779708679230095e-26
EED	0.2877722604822964	4.60998612251166e-22
STAT1	0.8368676597018092	1.641502878172834e-17
DDHD1	-0.09922983505082872	0.0002637593218374904
WIZ	-0.10155719433376242	0.13814831386185208
GBF1	0.2766134385627642	4.468035872997637e-33
CTNND1	-0.1472613515403866	0.0005534074218324846
WIZ	-0.0022054544895391687	0.9691947515523105
LDB1	-0.2304179608664883	7.022805735574256e-10
WIZ	0.08849453621761352	6.192842354935688e-06
TSGA10	-1.0508623528516343	7.301893374856699e-26
RFX7	0.42149503777037967	3.9904281332344544e-11
SWSAP1	-0.35369985395021664	1.684388525323479e-06
TUG1	-0.6669426227815364	9.08434129367406e-06
SVIL	-1.1443210960029262	4.120598155799786e-09
